evento_id,fecha_hora,producto_id,codigo,producto,categoria,cantidad,precio_unitario,ingreso
EV-000001,2026-01-02 08:25:00,126b5449-9df4-496e-a1b9-f527a5ea0c0a,CER-023,Candado de bronce 40 mm,Cerrajería,2,120.0,240.0
EV-000002,2026-01-02 08:45:00,0b4327ce-a267-40d8-bc6b-74ab7d775d30,TOR-001,"Tornillo para madera 1"" (caja 100 u)",Tornillería,3,42.0,126.0
EV-000003,2026-01-02 09:43:00,30cf2d34-7ddc-45a8-9eac-4a9fc4cfa3f5,ELE-001,Cable THHN #12 (rollo 100 m),Eléctrico,1,1150.0,1150.0
EV-000004,2026-01-02 09:56:00,e6d66d11-b7e0-4153-81fa-62a11cef4515,PLO-001,"Tubo PVC 1/2"" x 6 m",Plomería,1,96.0,96.0
EV-000005,2026-01-02 10:49:00,92e71d63-18a8-434d-843c-bf74be57070f,HER-002,Cinta métrica 5 m,Herramientas,1,78.0,78.0
EV-000006,2026-01-02 11:21:00,9acb88c2-673a-4ca9-b665-b129976958bd,HER-001,Martillo de uña 16 oz,Herramientas,1,185.0,185.0
EV-000007,2026-01-02 12:22:00,126b5449-9df4-496e-a1b9-f527a5ea0c0a,CER-023,Candado de bronce 40 mm,Cerrajería,1,120.0,120.0
EV-000008,2026-01-02 13:10:00,ccc1fa5f-09b9-486c-8a74-3dfa0298911a,CEM-001,Cemento gris 42.5 kg,Construcción,3,245.0,735.0
EV-000009,2026-01-02 13:40:00,765694c8-9734-462c-a35f-797118e2e09e,PIN-001,Pintura acrílica blanca 1 galón,Pinturas,3,385.0,1155.0
EV-000010,2026-01-02 14:52:00,0b4327ce-a267-40d8-bc6b-74ab7d775d30,TOR-001,"Tornillo para madera 1"" (caja 100 u)",Tornillería,4,42.0,168.0
EV-000011,2026-01-02 14:57:00,0b4327ce-a267-40d8-bc6b-74ab7d775d30,TOR-001,"Tornillo para madera 1"" (caja 100 u)",Tornillería,3,42.0,126.0
EV-000012,2026-01-02 15:05:00,0952bcea-dcc1-484d-b422-b1a41871f4be,CER-001,Candado de bronce 40 mm,Cerrajería,1,145.0,145.0
EV-000013,2026-01-03 07:39:00,0b4327ce-a267-40d8-bc6b-74ab7d775d30,TOR-001,"Tornillo para madera 1"" (caja 100 u)",Tornillería,3,42.0,126.0
EV-000014,2026-01-03 07:54:00,ccc1fa5f-09b9-486c-8a74-3dfa0298911a,CEM-001,Cemento gris 42.5 kg,Construcción,3,245.0,735.0
EV-000015,2026-01-03 08:19:00,0b4327ce-a267-40d8-bc6b-74ab7d775d30,TOR-001,"Tornillo para madera 1"" (caja 100 u)",Tornillería,2,42.0,84.0
EV-000016,2026-01-03 08:53:00,ccc1fa5f-09b9-486c-8a74-3dfa0298911a,CEM-001,Cemento gris 42.5 kg,Construcción,1,245.0,245.0
EV-000017,2026-01-03 09:03:00,ccc1fa5f-09b9-486c-8a74-3dfa0298911a,CEM-001,Cemento gris 42.5 kg,Construcción,1,245.0,245.0
EV-000018,2026-01-03 09:05:00,e6d66d11-b7e0-4153-81fa-62a11cef4515,PLO-001,"Tubo PVC 1/2"" x 6 m",Plomería,1,96.0,96.0
EV-000019,2026-01-03 09:41:00,ccc1fa5f-09b9-486c-8a74-3dfa0298911a,CEM-001,Cemento gris 42.5 kg,Construcción,1,245.0,245.0
EV-000020,2026-01-03 10:26:00,0b4327ce-a267-40d8-bc6b-74ab7d775d30,TOR-001,"Tornillo para madera 1"" (caja 100 u)",Tornillería,4,42.0,168.0
EV-000021,2026-01-03 11:57:00,ccc1fa5f-09b9-486c-8a74-3dfa0298911a,CEM-001,Cemento gris 42.5 kg,Construcción,3,245.0,735.0
EV-000022,2026-01-03 12:06:00,ccc1fa5f-09b9-486c-8a74-3dfa0298911a,CEM-001,Cemento gris 42.5 kg,Construcción,2,245.0,490.0
EV-000023,2026-01-03 12:18:00,e6d66d11-b7e0-4153-81fa-62a11cef4515,PLO-001,"Tubo PVC 1/2"" x 6 m",Plomería,1,96.0,96.0
EV-000024,2026-01-03 12:32:00,765694c8-9734-462c-a35f-797118e2e09e,PIN-001,Pintura acrílica blanca 1 galón,Pinturas,1,385.0,385.0
EV-000025,2026-01-03 12:44:00,ccc1fa5f-09b9-486c-8a74-3dfa0298911a,CEM-001,Cemento gris 42.5 kg,Construcción,5,245.0,1225.0
EV-000026,2026-01-03 13:12:00,126b5449-9df4-496e-a1b9-f527a5ea0c0a,CER-023,Candado de bronce 40 mm,Cerrajería,1,120.0,120.0
EV-000027,2026-01-03 13:13:00,e6d66d11-b7e0-4153-81fa-62a11cef4515,PLO-001,"Tubo PVC 1/2"" x 6 m",Plomería,1,96.0,96.0
EV-000028,2026-01-03 13:42:00,0952bcea-dcc1-484d-b422-b1a41871f4be,CER-001,Candado de bronce 40 mm,Cerrajería,2,145.0,290.0
EV-000029,2026-01-03 13:51:00,ccc1fa5f-09b9-486c-8a74-3dfa0298911a,CEM-001,Cemento gris 42.5 kg,Construcción,3,245.0,735.0
EV-000030,2026-01-03 14:20:00,0952bcea-dcc1-484d-b422-b1a41871f4be,CER-001,Candado de bronce 40 mm,Cerrajería,1,145.0,145.0
EV-000031,2026-01-03 16:07:00,0b4327ce-a267-40d8-bc6b-74ab7d775d30,TOR-001,"Tornillo para madera 1"" (caja 100 u)",Tornillería,1,42.0,42.0
EV-000032,2026-01-05 07:00:00,92e71d63-18a8-434d-843c-bf74be57070f,HER-002,Cinta métrica 5 m,Herramientas,2,78.0,156.0
EV-000033,2026-01-05 07:55:00,ccc1fa5f-09b9-486c-8a74-3dfa0298911a,CEM-001,Cemento gris 42.5 kg,Construcción,3,245.0,735.0
EV-000034,2026-01-05 08:53:00,e6d66d11-b7e0-4153-81fa-62a11cef4515,PLO-001,"Tubo PVC 1/2"" x 6 m",Plomería,5,96.0,480.0
EV-000035,2026-01-05 09:01:00,ccc1fa5f-09b9-486c-8a74-3dfa0298911a,CEM-001,Cemento gris 42.5 kg,Construcción,2,245.0,4900.0
EV-000036,2026-01-05 10:02:00,765694c8-9734-462c-a35f-797118e2e09e,PIN-001,Pintura acrílica blanca 1 galón,Pinturas,1,385.0,385.0
EV-000037,2026-01-05 10:13:00,ccc1fa5f-09b9-486c-8a74-3dfa0298911a,CEM-001,Cemento gris 42.5 kg,Construcción,1,245.0,245.0
EV-000038,2026-01-05 10:16:00,e6d66d11-b7e0-4153-81fa-62a11cef4515,PLO-001,"Tubo PVC 1/2"" x 6 m",Plomería,1,96.0,96.0
EV-000039,2026-01-05 10:27:00,ccc1fa5f-09b9-486c-8a74-3dfa0298911a,CEM-001,Cemento gris 42.5 kg,Construcción,2,245.0,4900.0
EV-000040,2026-01-05 11:21:00,0952bcea-dcc1-484d-b422-b1a41871f4be,CER-001,Candado de bronce 40 mm,Cerrajería,1,145.0,145.0
EV-000041,2026-01-05 11:32:00,0b4327ce-a267-40d8-bc6b-74ab7d775d30,TOR-001,"Tornillo para madera 1"" (caja 100 u)",Tornillería,2,42.0,84.0
EV-000042,2026-01-05 12:32:00,ccc1fa5f-09b9-486c-8a74-3dfa0298911a,CEM-001,Cemento gris 42.5 kg,Construcción,5,245.0,1225.0
EV-000043,2026-01-05 12:43:00,e6d66d11-b7e0-4153-81fa-62a11cef4515,PLO-001,"Tubo PVC 1/2"" x 6 m",Plomería,1,96.0,96.0
EV-000044,2026-01-05 12:57:00,92e71d63-18a8-434d-843c-bf74be57070f,HER-002,Cinta métrica 5 m,Herramientas,1,78.0,78.0
EV-000045,2026-01-05 13:57:00,ccc1fa5f-09b9-486c-8a74-3dfa0298911a,CEM-001,Cemento gris 42.5 kg,Construcción,2,245.0,490.0
EV-000046,2026-01-06 08:25:00,765694c8-9734-462c-a35f-797118e2e09e,PIN-001,Pintura acrílica blanca 1 galón,Pinturas,2,385.0,770.0
EV-000047,2026-01-06 10:14:00,e6d66d11-b7e0-4153-81fa-62a11cef4515,PLO-001,"Tubo PVC 1/2"" x 6 m",Plomería,3,96.0,288.0
EV-000048,2026-01-06 10:15:00,9acb88c2-673a-4ca9-b665-b129976958bd,HER-001,Martillo de uña 16 oz,Herramientas,1,185.0,185.0
EV-000049,2026-01-06 10:20:00,0b4327ce-a267-40d8-bc6b-74ab7d775d30,TOR-001,"Tornillo para madera 1"" (caja 100 u)",Tornillería,1,42.0,42.0
EV-000050,2026-01-06 10:54:00,0952bcea-dcc1-484d-b422-b1a41871f4be,CER-001,Candado de bronce 40 mm,Cerrajería,2,145.0,290.0
EV-000051,2026-01-06 10:56:00,9acb88c2-673a-4ca9-b665-b129976958bd,HER-001,Martillo de uña 16 oz,Herramientas,2,185.0,370.0
EV-000052,2026-01-06 11:12:00,ccc1fa5f-09b9-486c-8a74-3dfa0298911a,CEM-001,Cemento gris 42.5 kg,Construcción,2,245.0,490.0
EV-000053,2026-01-06 11:12:00,765694c8-9734-462c-a35f-797118e2e09e,PIN-001,Pintura acrílica blanca 1 galón,Pinturas,1,385.0,385.0
EV-000054,2026-01-06 11:43:00,92e71d63-18a8-434d-843c-bf74be57070f,HER-002,Cinta métrica 5 m,Herramientas,1,78.0,78.0
EV-000055,2026-01-06 12:01:00,0952bcea-dcc1-484d-b422-b1a41871f4be,CER-001,Candado de bronce 40 mm,Cerrajería,1,145.0,145.0
EV-000056,2026-01-06 12:55:00,ccc1fa5f-09b9-486c-8a74-3dfa0298911a,CEM-001,Cemento gris 42.5 kg,Construcción,1,245.0,245.0
EV-000057,2026-01-06 13:27:00,0952bcea-dcc1-484d-b422-b1a41871f4be,CER-001,Candado de bronce 40 mm,Cerrajería,1,145.0,145.0
EV-000058,2026-01-06 13:49:00,30cf2d34-7ddc-45a8-9eac-4a9fc4cfa3f5,ELE-001,Cable THHN #12 (rollo 100 m),Eléctrico,1,1150.0,1150.0
EV-000059,2026-01-07 08:27:00,0b4327ce-a267-40d8-bc6b-74ab7d775d30,TOR-001,"Tornillo para madera 1"" (caja 100 u)",Tornillería,2,42.0,84.0
EV-000060,2026-01-07 08:49:00,ccc1fa5f-09b9-486c-8a74-3dfa0298911a,CEM-001,Cemento gris 42.5 kg,Construcción,4,245.0,980.0
EV-000061,2026-01-07 08:51:00,e6d66d11-b7e0-4153-81fa-62a11cef4515,PLO-001,"Tubo PVC 1/2"" x 6 m",Plomería,2,,192.0
EV-000062,2026-01-07 08:56:00,9acb88c2-673a-4ca9-b665-b129976958bd,HER-001,Martillo de uña 16 oz,Herramientas,2,185.0,370.0
EV-000063,2026-01-07 10:34:00,92e71d63-18a8-434d-843c-bf74be57070f,HER-002,Cinta métrica 5 m,Herramientas,1,78.0,78.0
EV-000064,2026-01-07 11:01:00,e6d66d11-b7e0-4153-81fa-62a11cef4515,PLO-001,"Tubo PVC 1/2"" x 6 m",Plomería,2,96.0,192.0
EV-000065,2026-01-07 11:17:00,9acb88c2-673a-4ca9-b665-b129976958bd,HER-001,Martillo de uña 16 oz,Herramientas,1,185.0,185.0
EV-000066,2026-01-07 13:30:00,0b4327ce-a267-40d8-bc6b-74ab7d775d30,TOR-001,"Tornillo para madera 1"" (caja 100 u)",Tornillería,2,42.0,84.0
EV-000067,2026-01-08 07:00:00,765694c8-9734-462c-a35f-797118e2e09e,PIN-001,Pintura acrílica blanca 1 galón,Pinturas,1,385.0,385.0
EV-000068,2026-01-08 08:54:00,0952bcea-dcc1-484d-b422-b1a41871f4be,CER-001,Candado de bronce 40 mm,Cerrajería,1,145.0,145.0
EV-000069,2026-01-08 08:58:00,30cf2d34-7ddc-45a8-9eac-4a9fc4cfa3f5,ELE-001,Cable THHN #12 (rollo 100 m),Eléctrico,1,1150.0,1150.0
EV-000070,2026-01-08 09:01:00,9acb88c2-673a-4ca9-b665-b129976958bd,HER-001,Martillo de uña 16 oz,Herramientas,1,185.0,185.0
EV-000071,2026-01-08 09:16:00,0952bcea-dcc1-484d-b422-b1a41871f4be,CER-001,Candado de bronce 40 mm,Cerrajería,1,145.0,145.0
EV-000072,2026-01-08 10:04:00,e6d66d11-b7e0-4153-81fa-62a11cef4515,PLO-001,"Tubo PVC 1/2"" x 6 m",Plomería,1,96.0,96.0
EV-000073,2026-01-08 10:29:00,126b5449-9df4-496e-a1b9-f527a5ea0c0a,CER-023,Candado de bronce 40 mm,Cerrajería,1,120.0,120.0
EV-000074,2026-01-08 10:32:00,30cf2d34-7ddc-45a8-9eac-4a9fc4cfa3f5,ELE-001,Cable THHN #12 (rollo 100 m),Eléctrico,1,1150.0,1150.0
EV-000075,2026-01-08 10:38:00,92e71d63-18a8-434d-843c-bf74be57070f,HER-002,Cinta métrica 5 m,Herramientas,1,78.0,78.0
EV-000076,2026-01-08 11:17:00,0b4327ce-a267-40d8-bc6b-74ab7d775d30,TOR-001,"Tornillo para madera 1"" (caja 100 u)",Tornillería,2,42.0,84.0
EV-000077,2026-01-08 11:44:00,e6d66d11-b7e0-4153-81fa-62a11cef4515,PLO-001,"Tubo PVC 1/2"" x 6 m",Plomería,3,96.0,288.0
EV-000078,2026-01-08 11:50:00,ccc1fa5f-09b9-486c-8a74-3dfa0298911a,CEM-001,Cemento gris 42.5 kg,Construcción,3,245.0,735.0
EV-000079,2026-01-08 12:07:00,e6d66d11-b7e0-4153-81fa-62a11cef4515,PLO-001,"Tubo PVC 1/2"" x 6 m",Plomería,2,96.0,192.0
EV-000080,2026-01-08 12:09:00,e6d66d11-b7e0-4153-81fa-62a11cef4515,PLO-001,"Tubo PVC 1/2"" x 6 m",Plomería,3,96.0,288.0
EV-000081,2026-01-08 12:33:00,92e71d63-18a8-434d-843c-bf74be57070f,HER-002,Cinta métrica 5 m,Herramientas,1,78.0,78.0
EV-000082,2026-01-09 08:22:00,92e71d63-18a8-434d-843c-bf74be57070f,HER-002,Cinta métrica 5 m,Herramientas,2,78.0,156.0
EV-000083,2026-01-09 09:41:00,126b5449-9df4-496e-a1b9-f527a5ea0c0a,CER-023,Candado de bronce 40 mm,Cerrajería,2,120.0,240.0
EV-000084,2026-01-09 09:42:00,ccc1fa5f-09b9-486c-8a74-3dfa0298911a,CEM-001,Cemento gris 42.5 kg,Construcción,5,245.0,1225.0
EV-000085,2026-01-09 10:20:00,92e71d63-18a8-434d-843c-bf74be57070f,HER-002,Cinta métrica 5 m,Herramientas,2,78.0,156.0
EV-000086,2026-01-09 10:45:00,765694c8-9734-462c-a35f-797118e2e09e,PIN-001,Pintura acrílica blanca 1 galón,Pinturas,1,385.0,385.0
EV-000087,2026-01-09 11:19:00,92e71d63-18a8-434d-843c-bf74be57070f,HER-002,Cinta métrica 5 m,Herramientas,1,78.0,78.0
EV-000088,2026-01-09 11:24:00,30cf2d34-7ddc-45a8-9eac-4a9fc4cfa3f5,ELE-001,Cable THHN #12 (rollo 100 m),Eléctrico,1,1150.0,1150.0
EV-000089,2026-01-09 11:57:00,92e71d63-18a8-434d-843c-bf74be57070f,HER-002,Cinta métrica 5 m,Herramientas,2,78.0,156.0
EV-000090,2026-01-09 12:06:00,9acb88c2-673a-4ca9-b665-b129976958bd,HER-001,Martillo de uña 16 oz,Herramientas,1,185.0,185.0
EV-000091,2026-01-09 12:17:00,9acb88c2-673a-4ca9-b665-b129976958bd,HER-001,Martillo de uña 16 oz,Herramientas,1,185.0,185.0
EV-000092,2026-01-09 12:30:00,ccc1fa5f-09b9-486c-8a74-3dfa0298911a,CEM-001,Cemento gris 42.5 kg,Construcción,1,245.0,245.0
EV-000093,2026-01-09 12:40:00,ccc1fa5f-09b9-486c-8a74-3dfa0298911a,CEM-001,Cemento gris 42.5 kg,Construcción,4,245.0,980.0
EV-000094,2026-01-09 12:53:00,126b5449-9df4-496e-a1b9-f527a5ea0c0a,CER-023,Candado de bronce 40 mm,Cerrajería,1,120.0,120.0
EV-000095,2026-01-09 12:56:00,0b4327ce-a267-40d8-bc6b-74ab7d775d30,TOR-001,"Tornillo para madera 1"" (caja 100 u)",Tornillería,2,42.0,84.0
EV-000096,2026-01-09 13:32:00,126b5449-9df4-496e-a1b9-f527a5ea0c0a,CER-023,Candado de bronce 40 mm,Cerrajería,1,120.0,120.0
EV-000097,2026-01-09 13:40:00,92e71d63-18a8-434d-843c-bf74be57070f,HER-002,Cinta métrica 5 m,Herramientas,2,78.0,156.0
EV-000098,2026-01-09 14:12:00,e6d66d11-b7e0-4153-81fa-62a11cef4515,PLO-001,"Tubo PVC 1/2"" x 6 m",Plomería,3,96.0,288.0
EV-000099,2026-01-09 14:15:00,126b5449-9df4-496e-a1b9-f527a5ea0c0a,CER-023,Candado de bronce 40 mm,Cerrajería,1,120.0,120.0
EV-000100,2026-01-09 16:25:00,0952bcea-dcc1-484d-b422-b1a41871f4be,CER-001,Candado de bronce 40 mm,Cerrajería,1,145.0,145.0
EV-000101,2026-01-09 16:57:00,765694c8-9734-462c-a35f-797118e2e09e,PIN-001,Pintura acrílica blanca 1 galón,Pinturas,2,385.0,770.0
EV-000102,2026-01-09 16:59:00,e6d66d11-b7e0-4153-81fa-62a11cef4515,PLO-001,"Tubo PVC 1/2"" x 6 m",Plomería,3,96.0,288.0
EV-000103,2026-01-10 07:00:00,ccc1fa5f-09b9-486c-8a74-3dfa0298911a,CEM-001,Cemento gris 42.5 kg,Construcción,5,245.0,1225.0
EV-000104,2026-01-10 07:57:00,92e71d63-18a8-434d-843c-bf74be57070f,HER-002,Cinta métrica 5 m,Herramientas,1,78.0,78.0
EV-000105,2026-01-10 08:07:00,ccc1fa5f-09b9-486c-8a74-3dfa0298911a,CEM-001,Cemento gris 42.5 kg,Construcción,1,245.0,245.0
EV-000106,2026-01-10 08:38:00,765694c8-9734-462c-a35f-797118e2e09e,PIN-001,Pintura acrílica blanca 1 galón,Pinturas,1,385.0,385.0
EV-000107,2026-01-10 08:59:00,0b4327ce-a267-40d8-bc6b-74ab7d775d30,TOR-001,"Tornillo para madera 1"" (caja 100 u)",Tornillería,1,42.0,42.0
EV-000108,2026-01-10 10:04:00,ccc1fa5f-09b9-486c-8a74-3dfa0298911a,CEM-001,Cemento gris 42.5 kg,Construcción,1,245.0,245.0
EV-000109,2026-01-10 10:17:00,e6d66d11-b7e0-4153-81fa-62a11cef4515,PLO-001,"Tubo PVC 1/2"" x 6 m",Plomería,2,96.0,192.0
EV-000110,2026-01-10 10:46:00,ccc1fa5f-09b9-486c-8a74-3dfa0298911a,CEM-001,Cemento gris 42.5 kg,Construcción,6,245.0,1470.0
EV-000111,2026-01-10 10:56:00,0b4327ce-a267-40d8-bc6b-74ab7d775d30,TOR-001,"Tornillo para madera 1"" (caja 100 u)",Tornillería,4,42.0,168.0
EV-000112,2026-01-10 11:03:00,9acb88c2-673a-4ca9-b665-b129976958bd,HER-001,Martillo de uña 16 oz,Herramientas,1,185.0,185.0
EV-000113,2026-01-10 11:46:00,30cf2d34-7ddc-45a8-9eac-4a9fc4cfa3f5,ELE-001,Cable THHN #12 (rollo 100 m),Eléctrico,1,1150.0,1150.0
EV-000114,2026-01-10 13:37:00,126b5449-9df4-496e-a1b9-f527a5ea0c0a,CER-023,Candado de bronce 40 mm,Cerrajería,1,120.0,120.0
EV-000115,2026-01-10 13:51:00,ccc1fa5f-09b9-486c-8a74-3dfa0298911a,CEM-001,Cemento gris 42.5 kg,Construcción,1,245.0,245.0
EV-000116,2026-01-12 07:00:00,e6d66d11-b7e0-4153-81fa-62a11cef4515,PLO-001,"Tubo PVC 1/2"" x 6 m",Plomería,2,96.0,192.0
EV-000117,2026-01-12 07:04:00,ccc1fa5f-09b9-486c-8a74-3dfa0298911a,CEM-001,Cemento gris 42.5 kg,Construcción,1,245.0,245.0
EV-000118,2026-01-12 08:56:00,9acb88c2-673a-4ca9-b665-b129976958bd,HER-001,Martillo de uña 16 oz,Herramientas,2,185.0,370.0
EV-000119,2026-01-12 09:43:00,0952bcea-dcc1-484d-b422-b1a41871f4be,CER-001,Candado de bronce 40 mm,Cerrajería,1,145.0,145.0
EV-000120,2026-01-12 10:57:00,9acb88c2-673a-4ca9-b665-b129976958bd,HER-001,Martillo de uña 16 oz,Herramientas,1,185.0,185.0
EV-000121,2026-01-12 10:59:00,92e71d63-18a8-434d-843c-bf74be57070f,HER-002,Cinta métrica 5 m,Herramientas,1,78.0,78.0
EV-000122,2026-01-12 11:05:00,92e71d63-18a8-434d-843c-bf74be57070f,HER-002,Cinta métrica 5 m,Herramientas,2,78.0,156.0
EV-000123,2026-01-12 11:13:00,92e71d63-18a8-434d-843c-bf74be57070f,HER-002,Cinta métrica 5 m,Herramientas,1,78.0,78.0
EV-000124,2026-01-12 11:57:00,765694c8-9734-462c-a35f-797118e2e09e,PIN-001,Pintura acrílica blanca 1 galón,Pinturas,1,385.0,385.0
EV-000125,2026-01-12 13:51:00,ccc1fa5f-09b9-486c-8a74-3dfa0298911a,CEM-001,Cemento gris 42.5 kg,Construcción,4,245.0,980.0
EV-000126,2026-01-12 14:36:00,126b5449-9df4-496e-a1b9-f527a5ea0c0a,CER-023,Candado de bronce 40 mm,Cerrajería,2,120.0,240.0
EV-000127,2026-01-12 15:12:00,92e71d63-18a8-434d-843c-bf74be57070f,HER-002,Cinta métrica 5 m,Herramientas,1,78.0,78.0
EV-000128,2026-01-12 15:34:00,765694c8-9734-462c-a35f-797118e2e09e,PIN-001,Pintura acrílica blanca 1 galón,Pinturas,1,385.0,385.0
EV-000129,2026-01-13 07:00:00,30cf2d34-7ddc-45a8-9eac-4a9fc4cfa3f5,ELE-001,Cable THHN #12 (rollo 100 m),Eléctrico,1,,1150.0
EV-000130,2026-01-13 08:21:00,0b4327ce-a267-40d8-bc6b-74ab7d775d30,TOR-001,"Tornillo para madera 1"" (caja 100 u)",Tornillería,2,42.0,84.0
EV-000131,2026-01-13 08:45:00,ccc1fa5f-09b9-486c-8a74-3dfa0298911a,CEM-001,Cemento gris 42.5 kg,Construcción,1,245.0,245.0
EV-000132,2026-01-13 10:36:00,0b4327ce-a267-40d8-bc6b-74ab7d775d30,TOR-001,"Tornillo para madera 1"" (caja 100 u)",Tornillería,4,42.0,168.0
EV-000133,2026-01-13 10:59:00,9acb88c2-673a-4ca9-b665-b129976958bd,HER-001,Martillo de uña 16 oz,Herramientas,2,185.0,370.0
EV-000134,2026-01-13 11:22:00,ccc1fa5f-09b9-486c-8a74-3dfa0298911a,CEM-001,Cemento gris 42.5 kg,Construcción,1,245.0,245.0
EV-000135,2026-01-13 12:58:00,92e71d63-18a8-434d-843c-bf74be57070f,HER-002,Cinta métrica 5 m,Herramientas,2,78.0,156.0
EV-000136,2026-01-13 13:06:00,765694c8-9734-462c-a35f-797118e2e09e,PIN-001,Pintura acrílica blanca 1 galón,Pinturas,2,385.0,770.0
EV-000137,2026-01-13 13:18:00,e6d66d11-b7e0-4153-81fa-62a11cef4515,PLO-001,"Tubo PVC 1/2"" x 6 m",Plomería,4,96.0,384.0
EV-000138,2026-01-13 13:35:00,0b4327ce-a267-40d8-bc6b-74ab7d775d30,TOR-001,"Tornillo para madera 1"" (caja 100 u)",Tornillería,1,42.0,42.0
EV-000139,2026-01-14 08:12:00,e6d66d11-b7e0-4153-81fa-62a11cef4515,PLO-001,"Tubo PVC 1/2"" x 6 m",Plomería,4,96.0,384.0
EV-000140,2026-01-14 08:50:00,e6d66d11-b7e0-4153-81fa-62a11cef4515,PLO-001,"Tubo PVC 1/2"" x 6 m",Plomería,1,96.0,96.0
EV-000141,2026-01-14 09:09:00,ccc1fa5f-09b9-486c-8a74-3dfa0298911a,CEM-001,Cemento gris 42.5 kg,Construcción,3,245.0,735.0
EV-000142,2026-01-14 09:44:00,92e71d63-18a8-434d-843c-bf74be57070f,HER-002,Cinta métrica 5 m,Herramientas,1,78.0,78.0
EV-000143,2026-01-14 10:49:00,0b4327ce-a267-40d8-bc6b-74ab7d775d30,TOR-001,"Tornillo para madera 1"" (caja 100 u)",Tornillería,1,42.0,42.0
EV-000144,2026-01-14 11:48:00,0b4327ce-a267-40d8-bc6b-74ab7d775d30,TOR-001,"Tornillo para madera 1"" (caja 100 u)",Tornillería,1,42.0,42.0
EV-000145,2026-01-14 12:24:00,126b5449-9df4-496e-a1b9-f527a5ea0c0a,CER-023,Candado de bronce 40 mm,Cerrajería,2,120.0,240.0
EV-000146,2026-01-14 12:25:00,92e71d63-18a8-434d-843c-bf74be57070f,HER-002,Cinta métrica 5 m,Herramientas,1,78.0,78.0
EV-000147,2026-01-14 13:29:00,ccc1fa5f-09b9-486c-8a74-3dfa0298911a,CEM-001,Cemento gris 42.5 kg,Construcción,3,245.0,735.0
EV-000148,2026-01-15 09:51:00,0b4327ce-a267-40d8-bc6b-74ab7d775d30,TOR-001,"Tornillo para madera 1"" (caja 100 u)",Tornillería,1,42.0,42.0
EV-000149,2026-01-15 10:19:00,765694c8-9734-462c-a35f-797118e2e09e,PIN-001,Pintura acrílica blanca 1 galón,Pinturas,2,385.0,770.0
EV-000150,2026-01-15 10:59:00,0b4327ce-a267-40d8-bc6b-74ab7d775d30,TOR-001,"Tornillo para madera 1"" (caja 100 u)",Tornillería,1,42.0,42.0
EV-000151,2026-01-15 11:17:00,e6d66d11-b7e0-4153-81fa-62a11cef4515,PLO-001,"Tubo PVC 1/2"" x 6 m",Plomería,3,96.0,288.0
EV-000152,2026-01-15 11:30:00,92e71d63-18a8-434d-843c-bf74be57070f,HER-002,Cinta métrica 5 m,Herramientas,1,78.0,78.0
EV-000153,2026-01-15 11:36:00,126b5449-9df4-496e-a1b9-f527a5ea0c0a,CER-023,Candado de bronce 40 mm,Cerrajería,1,120.0,120.0
EV-000154,2026-01-15 12:23:00,126b5449-9df4-496e-a1b9-f527a5ea0c0a,CER-023,Candado de bronce 40 mm,Cerrajería,2,120.0,240.0
EV-000155,2026-01-15 12:52:00,9acb88c2-673a-4ca9-b665-b129976958bd,HER-001,Martillo de uña 16 oz,Herramientas,2,185.0,370.0
EV-000156,2026-01-15 12:55:00,0b4327ce-a267-40d8-bc6b-74ab7d775d30,TOR-001,"Tornillo para madera 1"" (caja 100 u)",Tornillería,1,42.0,42.0
EV-000157,2026-01-15 13:05:00,e6d66d11-b7e0-4153-81fa-62a11cef4515,PLO-001,"Tubo PVC 1/2"" x 6 m",Plomería,3,96.0,288.0
EV-000158,2026-01-15 13:11:00,ccc1fa5f-09b9-486c-8a74-3dfa0298911a,CEM-001,Cemento gris 42.5 kg,Construcción,3,245.0,735.0
EV-000159,2026-01-15 13:34:00,0b4327ce-a267-40d8-bc6b-74ab7d775d30,TOR-001,"Tornillo para madera 1"" (caja 100 u)",Tornillería,2,42.0,84.0
EV-000160,2026-01-15 14:47:00,0952bcea-dcc1-484d-b422-b1a41871f4be,CER-001,Candado de bronce 40 mm,Cerrajería,2,145.0,290.0
EV-000161,2026-01-16 08:23:00,ccc1fa5f-09b9-486c-8a74-3dfa0298911a,CEM-001,Cemento gris 42.5 kg,Construcción,2,245.0,490.0
EV-000162,2026-01-16 08:49:00,ccc1fa5f-09b9-486c-8a74-3dfa0298911a,CEM-001,Cemento gris 42.5 kg,Construcción,4,245.0,980.0
EV-000163,2026-01-16 09:56:00,ccc1fa5f-09b9-486c-8a74-3dfa0298911a,CEM-001,Cemento gris 42.5 kg,Construcción,3,245.0,735.0
EV-000164,2026-01-16 10:02:00,92e71d63-18a8-434d-843c-bf74be57070f,HER-002,Cinta métrica 5 m,Herramientas,2,78.0,156.0
EV-000165,2026-01-16 10:27:00,9acb88c2-673a-4ca9-b665-b129976958bd,HER-001,Martillo de uña 16 oz,Herramientas,1,185.0,185.0
EV-000166,2026-01-16 10:41:00,9acb88c2-673a-4ca9-b665-b129976958bd,HER-001,Martillo de uña 16 oz,Herramientas,2,185.0,370.0
EV-000167,2026-01-16 11:25:00,ccc1fa5f-09b9-486c-8a74-3dfa0298911a,CEM-001,Cemento gris 42.5 kg,Construcción,3,245.0,735.0
EV-000168,2026-01-16 11:41:00,765694c8-9734-462c-a35f-797118e2e09e,PIN-001,Pintura acrílica blanca 1 galón,Pinturas,1,385.0,385.0
EV-000169,2026-01-16 12:07:00,0b4327ce-a267-40d8-bc6b-74ab7d775d30,TOR-001,"Tornillo para madera 1"" (caja 100 u)",Tornillería,3,42.0,126.0
EV-000170,2026-01-16 12:21:00,e6d66d11-b7e0-4153-81fa-62a11cef4515,PLO-001,"Tubo PVC 1/2"" x 6 m",Plomería,5,96.0,480.0
EV-000171,2026-01-16 13:18:00,0b4327ce-a267-40d8-bc6b-74ab7d775d30,TOR-001,"Tornillo para madera 1"" (caja 100 u)",Tornillería,1,42.0,42.0
EV-000172,2026-01-16 13:43:00,e6d66d11-b7e0-4153-81fa-62a11cef4515,PLO-001,"Tubo PVC 1/2"" x 6 m",Plomería,4,96.0,384.0
EV-000173,2026-01-16 14:28:00,ccc1fa5f-09b9-486c-8a74-3dfa0298911a,CEM-001,Cemento gris 42.5 kg,Construcción,3,245.0,735.0
EV-000174,2026-01-16 15:11:00,ccc1fa5f-09b9-486c-8a74-3dfa0298911a,CEM-001,Cemento gris 42.5 kg,Construcción,5,245.0,1225.0
EV-000175,2026-01-17 07:00:00,e6d66d11-b7e0-4153-81fa-62a11cef4515,PLO-001,"Tubo PVC 1/2"" x 6 m",Plomería,2,96.0,192.0
EV-000176,2026-01-17 07:42:00,92e71d63-18a8-434d-843c-bf74be57070f,HER-002,Cinta métrica 5 m,Herramientas,2,78.0,156.0
EV-000177,2026-01-17 08:34:00,ccc1fa5f-09b9-486c-8a74-3dfa0298911a,CEM-001,Cemento gris 42.5 kg,Construcción,4,245.0,980.0
EV-000178,2026-01-17 08:39:00,e6d66d11-b7e0-4153-81fa-62a11cef4515,PLO-001,"Tubo PVC 1/2"" x 6 m",Plomería,1,96.0,96.0
EV-000179,2026-01-17 09:37:00,92e71d63-18a8-434d-843c-bf74be57070f,HER-002,Cinta métrica 5 m,Herramientas,1,78.0,78.0
EV-000180,2026-01-17 11:07:00,9acb88c2-673a-4ca9-b665-b129976958bd,HER-001,Martillo de uña 16 oz,Herramientas,1,185.0,185.0
EV-000181,2026-01-17 11:24:00,0b4327ce-a267-40d8-bc6b-74ab7d775d30,TOR-001,"Tornillo para madera 1"" (caja 100 u)",Tornillería,2,42.0,84.0
EV-000182,2026-01-17 12:21:00,0b4327ce-a267-40d8-bc6b-74ab7d775d30,TOR-001,"Tornillo para madera 1"" (caja 100 u)",Tornillería,2,42.0,84.0
EV-000183,2026-01-17 12:49:00,0952bcea-dcc1-484d-b422-b1a41871f4be,CER-001,Candado de bronce 40 mm,Cerrajería,1,145.0,145.0
EV-000184,2026-01-17 13:06:00,0b4327ce-a267-40d8-bc6b-74ab7d775d30,TOR-001,"Tornillo para madera 1"" (caja 100 u)",Tornillería,4,42.0,168.0
EV-000185,2026-01-17 13:09:00,765694c8-9734-462c-a35f-797118e2e09e,PIN-001,Pintura acrílica blanca 1 galón,Pinturas,1,385.0,385.0
EV-000186,2026-01-17 13:51:00,92e71d63-18a8-434d-843c-bf74be57070f,HER-002,Cinta métrica 5 m,Herramientas,1,78.0,78.0
EV-000187,2026-01-19 07:00:00,ccc1fa5f-09b9-486c-8a74-3dfa0298911a,CEM-001,Cemento gris 42.5 kg,Construcción,1,,245.0
EV-000188,2026-01-19 07:48:00,765694c8-9734-462c-a35f-797118e2e09e,PIN-001,Pintura acrílica blanca 1 galón,Pinturas,2,385.0,770.0
EV-000189,2026-01-19 08:40:00,ccc1fa5f-09b9-486c-8a74-3dfa0298911a,CEM-001,Cemento gris 42.5 kg,Construcción,4,245.0,980.0
EV-000190,2026-01-19 08:43:00,0b4327ce-a267-40d8-bc6b-74ab7d775d30,TOR-001,"Tornillo para madera 1"" (caja 100 u)",Tornillería,3,42.0,126.0
EV-000191,2026-01-19 10:25:00,92e71d63-18a8-434d-843c-bf74be57070f,HER-002,Cinta métrica 5 m,Herramientas,1,78.0,78.0
EV-000192,2026-01-19 10:37:00,ccc1fa5f-09b9-486c-8a74-3dfa0298911a,CEM-001,Cemento gris 42.5 kg,Construcción,2,245.0,490.0
EV-000193,2026-01-19 10:39:00,e6d66d11-b7e0-4153-81fa-62a11cef4515,PLO-001,"Tubo PVC 1/2"" x 6 m",Plomería,2,96.0,192.0
EV-000194,2026-01-19 11:10:00,0952bcea-dcc1-484d-b422-b1a41871f4be,CER-001,Candado de bronce 40 mm,Cerrajería,1,145.0,145.0
EV-000195,2026-01-19 14:24:00,0b4327ce-a267-40d8-bc6b-74ab7d775d30,TOR-001,"Tornillo para madera 1"" (caja 100 u)",Tornillería,2,42.0,84.0
EV-000196,2026-01-20 09:24:00,ccc1fa5f-09b9-486c-8a74-3dfa0298911a,CEM-001,Cemento gris 42.5 kg,Construcción,3,245.0,735.0
EV-000197,2026-01-20 09:29:00,ccc1fa5f-09b9-486c-8a74-3dfa0298911a,CEM-001,Cemento gris 42.5 kg,Construcción,1,245.0,245.0
EV-000198,2026-01-20 11:00:00,765694c8-9734-462c-a35f-797118e2e09e,PIN-001,Pintura acrílica blanca 1 galón,Pinturas,2,385.0,770.0
EV-000199,2026-01-20 11:35:00,765694c8-9734-462c-a35f-797118e2e09e,PIN-001,Pintura acrílica blanca 1 galón,Pinturas,1,385.0,385.0
EV-000200,2026-01-20 12:20:00,126b5449-9df4-496e-a1b9-f527a5ea0c0a,CER-023,Candado de bronce 40 mm,Cerrajería,2,120.0,240.0
EV-000201,2026-01-20 12:27:00,0b4327ce-a267-40d8-bc6b-74ab7d775d30,TOR-001,"Tornillo para madera 1"" (caja 100 u)",Tornillería,3,42.0,126.0
EV-000202,2026-01-20 13:12:00,0b4327ce-a267-40d8-bc6b-74ab7d775d30,TOR-001,"Tornillo para madera 1"" (caja 100 u)",Tornillería,1,42.0,42.0
EV-000203,2026-01-20 13:36:00,0b4327ce-a267-40d8-bc6b-74ab7d775d30,TOR-001,"Tornillo para madera 1"" (caja 100 u)",Tornillería,1,42.0,42.0
EV-000204,2026-01-20 14:07:00,92e71d63-18a8-434d-843c-bf74be57070f,HER-002,Cinta métrica 5 m,Herramientas,1,78.0,78.0
EV-000205,2026-01-20 15:49:00,e6d66d11-b7e0-4153-81fa-62a11cef4515,PLO-001,"Tubo PVC 1/2"" x 6 m",Plomería,1,96.0,96.0
EV-000206,2026-01-20 16:06:00,ccc1fa5f-09b9-486c-8a74-3dfa0298911a,CEM-001,Cemento gris 42.5 kg,Construcción,5,245.0,1225.0
EV-000207,2026-01-21 07:00:00,e6d66d11-b7e0-4153-81fa-62a11cef4515,PLO-001,"Tubo PVC 1/2"" x 6 m",Plomería,3,96.0,288.0
EV-000208,2026-01-21 07:24:00,ccc1fa5f-09b9-486c-8a74-3dfa0298911a,CEM-001,Cemento gris 42.5 kg,Construcción,5,245.0,1225.0
EV-000209,2026-01-21 08:40:00,0b4327ce-a267-40d8-bc6b-74ab7d775d30,TOR-001,"Tornillo para madera 1"" (caja 100 u)",Tornillería,2,42.0,84.0
EV-000210,2026-01-21 09:12:00,0b4327ce-a267-40d8-bc6b-74ab7d775d30,TOR-001,"Tornillo para madera 1"" (caja 100 u)",Tornillería,1,42.0,42.0
EV-000211,2026-01-21 09:14:00,765694c8-9734-462c-a35f-797118e2e09e,PIN-001,Pintura acrílica blanca 1 galón,Pinturas,3,385.0,1155.0
EV-000212,2026-01-21 09:40:00,0b4327ce-a267-40d8-bc6b-74ab7d775d30,TOR-001,"Tornillo para madera 1"" (caja 100 u)",Tornillería,1,42.0,42.0
EV-000213,2026-01-21 10:05:00,e6d66d11-b7e0-4153-81fa-62a11cef4515,PLO-001,"Tubo PVC 1/2"" x 6 m",Plomería,1,96.0,96.0
EV-000214,2026-01-21 10:33:00,9acb88c2-673a-4ca9-b665-b129976958bd,HER-001,Martillo de uña 16 oz,Herramientas,1,185.0,185.0
EV-000215,2026-01-21 10:46:00,126b5449-9df4-496e-a1b9-f527a5ea0c0a,CER-023,Candado de bronce 40 mm,Cerrajería,1,120.0,120.0
EV-000216,2026-01-21 10:49:00,0b4327ce-a267-40d8-bc6b-74ab7d775d30,TOR-001,"Tornillo para madera 1"" (caja 100 u)",Tornillería,2,42.0,84.0
EV-000217,2026-01-21 11:06:00,0952bcea-dcc1-484d-b422-b1a41871f4be,CER-001,Candado de bronce 40 mm,Cerrajería,1,145.0,145.0
EV-000218,2026-01-21 11:24:00,30cf2d34-7ddc-45a8-9eac-4a9fc4cfa3f5,ELE-001,Cable THHN #12 (rollo 100 m),Eléctrico,1,1150.0,1150.0
EV-000219,2026-01-21 12:03:00,ccc1fa5f-09b9-486c-8a74-3dfa0298911a,CEM-001,Cemento gris 42.5 kg,Construcción,5,245.0,1225.0
EV-000220,2026-01-21 13:29:00,e6d66d11-b7e0-4153-81fa-62a11cef4515,PLO-001,"Tubo PVC 1/2"" x 6 m",Plomería,1,96.0,96.0
EV-000221,2026-01-21 14:15:00,765694c8-9734-462c-a35f-797118e2e09e,PIN-001,Pintura acrílica blanca 1 galón,Pinturas,1,385.0,385.0
EV-000222,2026-01-21 15:57:00,0b4327ce-a267-40d8-bc6b-74ab7d775d30,TOR-001,"Tornillo para madera 1"" (caja 100 u)",Tornillería,2,42.0,84.0
EV-000223,2026-01-22 07:00:00,0b4327ce-a267-40d8-bc6b-74ab7d775d30,TOR-001,"Tornillo para madera 1"" (caja 100 u)",Tornillería,1,42.0,42.0
EV-000224,2026-01-22 07:51:00,126b5449-9df4-496e-a1b9-f527a5ea0c0a,CER-023,Candado de bronce 40 mm,Cerrajería,1,120.0,120.0
EV-000225,2026-01-22 08:44:00,9acb88c2-673a-4ca9-b665-b129976958bd,HER-001,Martillo de uña 16 oz,Herramientas,2,185.0,370.0
EV-000226,2026-01-22 09:08:00,ccc1fa5f-09b9-486c-8a74-3dfa0298911a,CEM-001,Cemento gris 42.5 kg,Construcción,1,245.0,245.0
EV-000227,2026-01-22 09:24:00,0b4327ce-a267-40d8-bc6b-74ab7d775d30,TOR-001,"Tornillo para madera 1"" (caja 100 u)",Tornillería,1,42.0,42.0
EV-000228,2026-01-22 10:10:00,9acb88c2-673a-4ca9-b665-b129976958bd,HER-001,Martillo de uña 16 oz,Herramientas,1,185.0,185.0
EV-000229,2026-01-22 10:15:00,126b5449-9df4-496e-a1b9-f527a5ea0c0a,CER-023,Candado de bronce 40 mm,Cerrajería,1,120.0,120.0
EV-000230,2026-01-22 11:59:00,ccc1fa5f-09b9-486c-8a74-3dfa0298911a,CEM-001,Cemento gris 42.5 kg,Construcción,5,245.0,1225.0
EV-000231,2026-01-22 12:06:00,0b4327ce-a267-40d8-bc6b-74ab7d775d30,TOR-001,"Tornillo para madera 1"" (caja 100 u)",Tornillería,2,42.0,84.0
EV-000232,2026-01-22 12:08:00,765694c8-9734-462c-a35f-797118e2e09e,PIN-001,Pintura acrílica blanca 1 galón,Pinturas,1,385.0,385.0
EV-000233,2026-01-22 14:11:00,0b4327ce-a267-40d8-bc6b-74ab7d775d30,TOR-001,"Tornillo para madera 1"" (caja 100 u)",Tornillería,1,42.0,42.0
EV-000234,2026-01-22 16:59:00,e6d66d11-b7e0-4153-81fa-62a11cef4515,PLO-001,"Tubo PVC 1/2"" x 6 m",Plomería,2,96.0,192.0
EV-000235,2026-01-23 08:44:00,ccc1fa5f-09b9-486c-8a74-3dfa0298911a,CEM-001,Cemento gris 42.5 kg,Construcción,6,245.0,1470.0
EV-000236,2026-01-23 09:28:00,765694c8-9734-462c-a35f-797118e2e09e,PIN-001,Pintura acrílica blanca 1 galón,Pinturas,2,385.0,770.0
EV-000237,2026-01-23 09:55:00,92e71d63-18a8-434d-843c-bf74be57070f,HER-002,Cinta métrica 5 m,Herramientas,1,78.0,78.0
EV-000238,2026-01-23 10:03:00,126b5449-9df4-496e-a1b9-f527a5ea0c0a,CER-023,Candado de bronce 40 mm,Cerrajería,1,120.0,120.0
EV-000239,2026-01-23 10:09:00,ccc1fa5f-09b9-486c-8a74-3dfa0298911a,CEM-001,Cemento gris 42.5 kg,Construcción,3,245.0,735.0
EV-000240,2026-01-23 10:32:00,92e71d63-18a8-434d-843c-bf74be57070f,HER-002,Cinta métrica 5 m,Herramientas,2,78.0,156.0
EV-000241,2026-01-23 10:50:00,ccc1fa5f-09b9-486c-8a74-3dfa0298911a,CEM-001,Cemento gris 42.5 kg,Construcción,1,245.0,245.0
EV-000242,2026-01-23 11:10:00,92e71d63-18a8-434d-843c-bf74be57070f,HER-002,Cinta métrica 5 m,Herramientas,1,78.0,78.0
EV-000243,2026-01-23 11:17:00,0952bcea-dcc1-484d-b422-b1a41871f4be,CER-001,Candado de bronce 40 mm,Cerrajería,2,145.0,290.0
EV-000244,2026-01-23 11:47:00,0b4327ce-a267-40d8-bc6b-74ab7d775d30,TOR-001,"Tornillo para madera 1"" (caja 100 u)",Tornillería,2,42.0,84.0
EV-000245,2026-01-23 12:10:00,0952bcea-dcc1-484d-b422-b1a41871f4be,CER-001,Candado de bronce 40 mm,Cerrajería,1,145.0,145.0
EV-000246,2026-01-23 12:51:00,92e71d63-18a8-434d-843c-bf74be57070f,HER-002,Cinta métrica 5 m,Herramientas,1,78.0,78.0
EV-000247,2026-01-23 13:13:00,e6d66d11-b7e0-4153-81fa-62a11cef4515,PLO-001,"Tubo PVC 1/2"" x 6 m",Plomería,3,96.0,288.0
EV-000248,2026-01-23 13:29:00,30cf2d34-7ddc-45a8-9eac-4a9fc4cfa3f5,ELE-001,Cable THHN #12 (rollo 100 m),Eléctrico,1,1150.0,1150.0
EV-000249,2026-01-23 16:04:00,0b4327ce-a267-40d8-bc6b-74ab7d775d30,TOR-001,"Tornillo para madera 1"" (caja 100 u)",Tornillería,2,42.0,84.0
EV-000250,2026-01-23 16:20:00,e6d66d11-b7e0-4153-81fa-62a11cef4515,PLO-001,"Tubo PVC 1/2"" x 6 m",Plomería,4,96.0,384.0
EV-000251,2026-01-24 09:28:00,126b5449-9df4-496e-a1b9-f527a5ea0c0a,CER-023,Candado de bronce 40 mm,Cerrajería,1,120.0,120.0
EV-000252,2026-01-24 09:48:00,126b5449-9df4-496e-a1b9-f527a5ea0c0a,CER-023,Candado de bronce 40 mm,Cerrajería,1,120.0,120.0
EV-000253,2026-01-24 10:01:00,ccc1fa5f-09b9-486c-8a74-3dfa0298911a,CEM-001,Cemento gris 42.5 kg,Construcción,3,245.0,735.0
EV-000254,2026-01-24 10:48:00,0b4327ce-a267-40d8-bc6b-74ab7d775d30,TOR-001,"Tornillo para madera 1"" (caja 100 u)",Tornillería,3,42.0,126.0
EV-000255,2026-01-24 10:52:00,ccc1fa5f-09b9-486c-8a74-3dfa0298911a,CEM-001,Cemento gris 42.5 kg,Construcción,5,245.0,1225.0
EV-000256,2026-01-24 10:58:00,e6d66d11-b7e0-4153-81fa-62a11cef4515,PLO-001,"Tubo PVC 1/2"" x 6 m",Plomería,1,96.0,96.0
EV-000257,2026-01-24 11:04:00,92e71d63-18a8-434d-843c-bf74be57070f,HER-002,Cinta métrica 5 m,Herramientas,1,78.0,78.0
EV-000258,2026-01-24 11:30:00,92e71d63-18a8-434d-843c-bf74be57070f,HER-002,Cinta métrica 5 m,Herramientas,2,78.0,156.0
EV-000259,2026-01-24 11:42:00,0b4327ce-a267-40d8-bc6b-74ab7d775d30,TOR-001,"Tornillo para madera 1"" (caja 100 u)",Tornillería,4,42.0,168.0
EV-000260,2026-01-24 11:43:00,765694c8-9734-462c-a35f-797118e2e09e,PIN-001,Pintura acrílica blanca 1 galón,Pinturas,2,385.0,770.0
EV-000261,2026-01-24 11:47:00,92e71d63-18a8-434d-843c-bf74be57070f,HER-002,Cinta métrica 5 m,Herramientas,2,78.0,156.0
EV-000262,2026-01-24 11:54:00,0b4327ce-a267-40d8-bc6b-74ab7d775d30,TOR-001,"Tornillo para madera 1"" (caja 100 u)",Tornillería,3,42.0,126.0
EV-000263,2026-01-24 12:02:00,e6d66d11-b7e0-4153-81fa-62a11cef4515,PLO-001,"Tubo PVC 1/2"" x 6 m",Plomería,1,96.0,96.0
EV-000264,2026-01-24 12:14:00,765694c8-9734-462c-a35f-797118e2e09e,PIN-001,Pintura acrílica blanca 1 galón,Pinturas,2,385.0,770.0
EV-000265,2026-01-24 12:16:00,126b5449-9df4-496e-a1b9-f527a5ea0c0a,CER-023,Candado de bronce 40 mm,Cerrajería,1,120.0,120.0
EV-000266,2026-01-24 12:21:00,765694c8-9734-462c-a35f-797118e2e09e,PIN-001,Pintura acrílica blanca 1 galón,Pinturas,1,385.0,385.0
EV-000267,2026-01-24 13:16:00,e6d66d11-b7e0-4153-81fa-62a11cef4515,PLO-001,"Tubo PVC 1/2"" x 6 m",Plomería,3,96.0,288.0
EV-000268,2026-01-24 14:25:00,92e71d63-18a8-434d-843c-bf74be57070f,HER-002,Cinta métrica 5 m,Herramientas,2,78.0,156.0
EV-000269,2026-01-24 15:45:00,0952bcea-dcc1-484d-b422-b1a41871f4be,CER-001,Candado de bronce 40 mm,Cerrajería,2,145.0,290.0
EV-000270,2026-01-26 07:00:00,0952bcea-dcc1-484d-b422-b1a41871f4be,CER-001,Candado de bronce 40 mm,Cerrajería,1,145.0,145.0
EV-000271,2026-01-26 08:19:00,0b4327ce-a267-40d8-bc6b-74ab7d775d30,TOR-001,"Tornillo para madera 1"" (caja 100 u)",Tornillería,1,42.0,42.0
EV-000272,2026-01-26 08:36:00,92e71d63-18a8-434d-843c-bf74be57070f,HER-002,Cinta métrica 5 m,Herramientas,1,78.0,78.0
EV-000273,2026-01-26 09:25:00,765694c8-9734-462c-a35f-797118e2e09e,PIN-001,Pintura acrílica blanca 1 galón,Pinturas,1,385.0,385.0
EV-000274,2026-01-26 09:57:00,0b4327ce-a267-40d8-bc6b-74ab7d775d30,TOR-001,"Tornillo para madera 1"" (caja 100 u)",Tornillería,1,42.0,42.0
EV-000275,2026-01-26 10:30:00,ccc1fa5f-09b9-486c-8a74-3dfa0298911a,CEM-001,Cemento gris 42.5 kg,Construcción,2,245.0,490.0
EV-000276,2026-01-26 10:43:00,0b4327ce-a267-40d8-bc6b-74ab7d775d30,TOR-001,"Tornillo para madera 1"" (caja 100 u)",Tornillería,2,42.0,84.0
EV-000277,2026-01-26 10:47:00,ccc1fa5f-09b9-486c-8a74-3dfa0298911a,CEM-001,Cemento gris 42.5 kg,Construcción,1,245.0,245.0
EV-000278,2026-01-26 10:57:00,ccc1fa5f-09b9-486c-8a74-3dfa0298911a,CEM-001,Cemento gris 42.5 kg,Construcción,1,245.0,245.0
EV-000279,2026-01-26 11:17:00,ccc1fa5f-09b9-486c-8a74-3dfa0298911a,CEM-001,Cemento gris 42.5 kg,Construcción,1,245.0,245.0
EV-000280,2026-01-26 12:02:00,ccc1fa5f-09b9-486c-8a74-3dfa0298911a,CEM-001,Cemento gris 42.5 kg,Construcción,2,245.0,490.0
EV-000281,2026-01-26 12:52:00,e6d66d11-b7e0-4153-81fa-62a11cef4515,PLO-001,"Tubo PVC 1/2"" x 6 m",Plomería,4,96.0,384.0
EV-000282,2026-01-26 12:53:00,0b4327ce-a267-40d8-bc6b-74ab7d775d30,TOR-001,"Tornillo para madera 1"" (caja 100 u)",Tornillería,3,42.0,126.0
EV-000283,2026-01-26 12:55:00,9acb88c2-673a-4ca9-b665-b129976958bd,HER-001,Martillo de uña 16 oz,Herramientas,1,185.0,185.0
EV-000284,2026-01-26 13:19:00,ccc1fa5f-09b9-486c-8a74-3dfa0298911a,CEM-001,Cemento gris 42.5 kg,Construcción,5,245.0,1225.0
EV-000285,2026-01-26 13:22:00,e6d66d11-b7e0-4153-81fa-62a11cef4515,PLO-001,"Tubo PVC 1/2"" x 6 m",Plomería,2,96.0,192.0
EV-000286,2026-01-26 13:27:00,126b5449-9df4-496e-a1b9-f527a5ea0c0a,CER-023,Candado de bronce 40 mm,Cerrajería,1,120.0,120.0
EV-000287,2026-01-27 07:00:00,92e71d63-18a8-434d-843c-bf74be57070f,HER-002,Cinta métrica 5 m,Herramientas,2,78.0,156.0
EV-000288,2026-01-27 07:08:00,ccc1fa5f-09b9-486c-8a74-3dfa0298911a,CEM-001,Cemento gris 42.5 kg,Construcción,2,245.0,490.0
EV-000289,2026-01-27 08:25:00,ccc1fa5f-09b9-486c-8a74-3dfa0298911a,CEM-001,Cemento gris 42.5 kg,Construcción,3,245.0,735.0
EV-000290,2026-01-27 08:42:00,92e71d63-18a8-434d-843c-bf74be57070f,HER-002,Cinta métrica 5 m,Herramientas,1,78.0,78.0
EV-000291,2026-01-27 08:47:00,e6d66d11-b7e0-4153-81fa-62a11cef4515,PLO-001,"Tubo PVC 1/2"" x 6 m",Plomería,1,96.0,96.0
EV-000292,2026-01-27 09:30:00,9acb88c2-673a-4ca9-b665-b129976958bd,HER-001,Martillo de uña 16 oz,Herramientas,1,185.0,185.0
EV-000293,2026-01-27 09:38:00,0952bcea-dcc1-484d-b422-b1a41871f4be,CER-001,Candado de bronce 40 mm,Cerrajería,2,145.0,290.0
EV-000294,2026-01-27 09:53:00,126b5449-9df4-496e-a1b9-f527a5ea0c0a,CER-023,Candado de bronce 40 mm,Cerrajería,1,120.0,120.0
EV-000295,2026-01-27 11:34:00,0b4327ce-a267-40d8-bc6b-74ab7d775d30,TOR-001,"Tornillo para madera 1"" (caja 100 u)",Tornillería,1,42.0,42.0
EV-000296,2026-01-27 12:44:00,765694c8-9734-462c-a35f-797118e2e09e,PIN-001,Pintura acrílica blanca 1 galón,Pinturas,1,385.0,385.0
EV-000297,2026-01-27 13:16:00,ccc1fa5f-09b9-486c-8a74-3dfa0298911a,CEM-001,Cemento gris 42.5 kg,Construcción,1,245.0,245.0
EV-000298,2026-01-27 13:29:00,0952bcea-dcc1-484d-b422-b1a41871f4be,CER-001,Candado de bronce 40 mm,Cerrajería,1,145.0,145.0
EV-000299,2026-01-27 14:49:00,9acb88c2-673a-4ca9-b665-b129976958bd,HER-001,Martillo de uña 16 oz,Herramientas,2,185.0,370.0
EV-000300,2026-01-27 16:59:00,0952bcea-dcc1-484d-b422-b1a41871f4be,CER-001,Candado de bronce 40 mm,Cerrajería,1,145.0,145.0
EV-000301,2026-01-28 07:30:00,0b4327ce-a267-40d8-bc6b-74ab7d775d30,TOR-001,"Tornillo para madera 1"" (caja 100 u)",Tornillería,1,42.0,42.0
EV-000302,2026-01-28 10:55:00,92e71d63-18a8-434d-843c-bf74be57070f,HER-002,Cinta métrica 5 m,Herramientas,1,78.0,78.0
EV-000303,2026-01-28 11:53:00,ccc1fa5f-09b9-486c-8a74-3dfa0298911a,CEM-001,Cemento gris 42.5 kg,Construcción,1,245.0,245.0
EV-000304,2026-01-28 12:37:00,ccc1fa5f-09b9-486c-8a74-3dfa0298911a,CEM-001,Cemento gris 42.5 kg,Construcción,3,245.0,735.0
EV-000305,2026-01-28 12:47:00,9acb88c2-673a-4ca9-b665-b129976958bd,HER-001,Martillo de uña 16 oz,Herramientas,1,185.0,185.0
EV-000306,2026-01-28 13:37:00,92e71d63-18a8-434d-843c-bf74be57070f,HER-002,Cinta métrica 5 m,Herramientas,1,78.0,78.0
EV-000307,2026-01-28 14:14:00,0b4327ce-a267-40d8-bc6b-74ab7d775d30,TOR-001,"Tornillo para madera 1"" (caja 100 u)",Tornillería,2,42.0,84.0
EV-000308,2026-01-28 15:07:00,ccc1fa5f-09b9-486c-8a74-3dfa0298911a,CEM-001,Cemento gris 42.5 kg,Construcción,4,245.0,980.0
EV-000309,2026-01-29 08:20:00,9acb88c2-673a-4ca9-b665-b129976958bd,HER-001,Martillo de uña 16 oz,Herramientas,1,185.0,185.0
EV-000310,2026-01-29 08:23:00,0952bcea-dcc1-484d-b422-b1a41871f4be,CER-001,Candado de bronce 40 mm,Cerrajería,2,145.0,290.0
EV-000311,2026-01-29 10:24:00,92e71d63-18a8-434d-843c-bf74be57070f,HER-002,Cinta métrica 5 m,Herramientas,1,78.0,78.0
EV-000312,2026-01-29 10:41:00,0952bcea-dcc1-484d-b422-b1a41871f4be,CER-001,Candado de bronce 40 mm,Cerrajería,1,145.0,145.0
EV-000313,2026-01-29 11:00:00,765694c8-9734-462c-a35f-797118e2e09e,PIN-001,Pintura acrílica blanca 1 galón,Pinturas,1,385.0,385.0
EV-000314,2026-01-29 11:09:00,9acb88c2-673a-4ca9-b665-b129976958bd,HER-001,Martillo de uña 16 oz,Herramientas,1,185.0,185.0
EV-000315,2026-01-29 11:19:00,e6d66d11-b7e0-4153-81fa-62a11cef4515,PLO-001,"Tubo PVC 1/2"" x 6 m",Plomería,4,96.0,384.0
EV-000316,2026-01-29 11:34:00,ccc1fa5f-09b9-486c-8a74-3dfa0298911a,CEM-001,Cemento gris 42.5 kg,Construcción,1,245.0,245.0
EV-000317,2026-01-29 11:42:00,0952bcea-dcc1-484d-b422-b1a41871f4be,CER-001,Candado de bronce 40 mm,Cerrajería,1,145.0,145.0
EV-000318,2026-01-29 13:02:00,92e71d63-18a8-434d-843c-bf74be57070f,HER-002,Cinta métrica 5 m,Herramientas,1,78.0,78.0
EV-000319,2026-01-29 13:23:00,126b5449-9df4-496e-a1b9-f527a5ea0c0a,CER-023,Candado de bronce 40 mm,Cerrajería,1,120.0,120.0
EV-000320,2026-01-29 13:41:00,92e71d63-18a8-434d-843c-bf74be57070f,HER-002,Cinta métrica 5 m,Herramientas,2,78.0,156.0
EV-000321,2026-01-29 14:20:00,0b4327ce-a267-40d8-bc6b-74ab7d775d30,TOR-001,"Tornillo para madera 1"" (caja 100 u)",Tornillería,2,42.0,84.0
EV-000322,2026-01-29 15:42:00,0b4327ce-a267-40d8-bc6b-74ab7d775d30,TOR-001,"Tornillo para madera 1"" (caja 100 u)",Tornillería,1,42.0,42.0
EV-000323,2026-01-30 07:11:00,0952bcea-dcc1-484d-b422-b1a41871f4be,CER-001,Candado de bronce 40 mm,Cerrajería,1,145.0,145.0
EV-000324,2026-01-30 07:11:00,e6d66d11-b7e0-4153-81fa-62a11cef4515,PLO-001,"Tubo PVC 1/2"" x 6 m",Plomería,1,96.0,96.0
EV-000325,2026-01-30 08:36:00,9acb88c2-673a-4ca9-b665-b129976958bd,HER-001,Martillo de uña 16 oz,Herramientas,1,185.0,185.0
EV-000326,2026-01-30 09:00:00,92e71d63-18a8-434d-843c-bf74be57070f,HER-002,Cinta métrica 5 m,Herramientas,2,78.0,156.0
EV-000327,2026-01-30 09:05:00,92e71d63-18a8-434d-843c-bf74be57070f,HER-002,Cinta métrica 5 m,Herramientas,1,78.0,78.0
EV-000328,2026-01-30 09:38:00,ccc1fa5f-09b9-486c-8a74-3dfa0298911a,CEM-001,Cemento gris 42.5 kg,Construcción,2,245.0,490.0
EV-000329,2026-01-30 09:44:00,ccc1fa5f-09b9-486c-8a74-3dfa0298911a,CEM-001,Cemento gris 42.5 kg,Construcción,4,245.0,980.0
EV-000330,2026-01-30 10:39:00,92e71d63-18a8-434d-843c-bf74be57070f,HER-002,Cinta métrica 5 m,Herramientas,1,78.0,78.0
EV-000331,2026-01-30 10:49:00,ccc1fa5f-09b9-486c-8a74-3dfa0298911a,CEM-001,Cemento gris 42.5 kg,Construcción,5,245.0,1225.0
EV-000332,2026-01-30 11:36:00,0b4327ce-a267-40d8-bc6b-74ab7d775d30,TOR-001,"Tornillo para madera 1"" (caja 100 u)",Tornillería,2,42.0,84.0
EV-000333,2026-01-30 11:45:00,9acb88c2-673a-4ca9-b665-b129976958bd,HER-001,Martillo de uña 16 oz,Herramientas,1,185.0,185.0
EV-000334,2026-01-30 11:53:00,e6d66d11-b7e0-4153-81fa-62a11cef4515,PLO-001,"Tubo PVC 1/2"" x 6 m",Plomería,2,96.0,192.0
EV-000335,2026-01-30 11:57:00,ccc1fa5f-09b9-486c-8a74-3dfa0298911a,CEM-001,Cemento gris 42.5 kg,Construcción,6,245.0,1470.0
EV-000336,2026-01-30 12:24:00,9acb88c2-673a-4ca9-b665-b129976958bd,HER-001,Martillo de uña 16 oz,Herramientas,1,185.0,185.0
EV-000337,2026-01-30 12:32:00,30cf2d34-7ddc-45a8-9eac-4a9fc4cfa3f5,ELE-001,Cable THHN #12 (rollo 100 m),Eléctrico,1,1150.0,1150.0
EV-000338,2026-01-30 12:33:00,0b4327ce-a267-40d8-bc6b-74ab7d775d30,TOR-001,"Tornillo para madera 1"" (caja 100 u)",Tornillería,1,42.0,42.0
EV-000339,2026-01-30 13:55:00,126b5449-9df4-496e-a1b9-f527a5ea0c0a,CER-023,Candado de bronce 40 mm,Cerrajería,1,120.0,120.0
EV-000340,2026-01-30 14:34:00,92e71d63-18a8-434d-843c-bf74be57070f,HER-002,Cinta métrica 5 m,Herramientas,1,78.0,78.0
EV-000341,2026-01-30 15:52:00,765694c8-9734-462c-a35f-797118e2e09e,PIN-001,Pintura acrílica blanca 1 galón,Pinturas,1,385.0,385.0
EV-000342,2026-01-31 09:23:00,0b4327ce-a267-40d8-bc6b-74ab7d775d30,TOR-001,"Tornillo para madera 1"" (caja 100 u)",Tornillería,2,42.0,84.0
EV-000343,2026-01-31 09:58:00,92e71d63-18a8-434d-843c-bf74be57070f,HER-002,Cinta métrica 5 m,Herramientas,1,78.0,78.0
EV-000344,2026-01-31 10:44:00,e6d66d11-b7e0-4153-81fa-62a11cef4515,PLO-001,"Tubo PVC 1/2"" x 6 m",Plomería,1,96.0,96.0
EV-000345,2026-01-31 10:46:00,e6d66d11-b7e0-4153-81fa-62a11cef4515,PLO-001,"Tubo PVC 1/2"" x 6 m",Plomería,1,96.0,96.0
EV-000346,2026-01-31 11:21:00,92e71d63-18a8-434d-843c-bf74be57070f,HER-002,Cinta métrica 5 m,Herramientas,2,78.0,156.0
EV-000347,2026-01-31 11:31:00,0952bcea-dcc1-484d-b422-b1a41871f4be,CER-001,Candado de bronce 40 mm,Cerrajería,1,145.0,145.0
EV-000348,2026-01-31 11:37:00,92e71d63-18a8-434d-843c-bf74be57070f,HER-002,Cinta métrica 5 m,Herramientas,1,78.0,78.0
EV-000349,2026-01-31 11:42:00,ccc1fa5f-09b9-486c-8a74-3dfa0298911a,CEM-001,Cemento gris 42.5 kg,Construcción,1,245.0,245.0
EV-000350,2026-01-31 11:43:00,92e71d63-18a8-434d-843c-bf74be57070f,HER-002,Cinta métrica 5 m,Herramientas,2,78.0,1560.0
EV-000351,2026-01-31 12:01:00,ccc1fa5f-09b9-486c-8a74-3dfa0298911a,CEM-001,Cemento gris 42.5 kg,Construcción,5,245.0,1225.0
EV-000352,2026-01-31 12:13:00,0b4327ce-a267-40d8-bc6b-74ab7d775d30,TOR-001,"Tornillo para madera 1"" (caja 100 u)",Tornillería,3,42.0,126.0
EV-000353,2026-01-31 12:33:00,0b4327ce-a267-40d8-bc6b-74ab7d775d30,TOR-001,"Tornillo para madera 1"" (caja 100 u)",Tornillería,3,42.0,126.0
EV-000354,2026-01-31 12:40:00,92e71d63-18a8-434d-843c-bf74be57070f,HER-002,Cinta métrica 5 m,Herramientas,1,78.0,78.0
EV-000355,2026-01-31 12:42:00,0b4327ce-a267-40d8-bc6b-74ab7d775d30,TOR-001,"Tornillo para madera 1"" (caja 100 u)",Tornillería,3,42.0,126.0
EV-000356,2026-01-31 12:45:00,ccc1fa5f-09b9-486c-8a74-3dfa0298911a,CEM-001,Cemento gris 42.5 kg,Construcción,4,245.0,980.0
EV-000357,2026-01-31 13:37:00,0b4327ce-a267-40d8-bc6b-74ab7d775d30,TOR-001,"Tornillo para madera 1"" (caja 100 u)",Tornillería,1,42.0,42.0
EV-000358,2026-01-31 13:43:00,ccc1fa5f-09b9-486c-8a74-3dfa0298911a,CEM-001,Cemento gris 42.5 kg,Construcción,1,245.0,245.0
EV-000359,2026-01-31 13:57:00,92e71d63-18a8-434d-843c-bf74be57070f,HER-002,Cinta métrica 5 m,Herramientas,2,78.0,156.0
EV-000360,2026-01-31 15:56:00,e6d66d11-b7e0-4153-81fa-62a11cef4515,PLO-001,"Tubo PVC 1/2"" x 6 m",Plomería,2,96.0,192.0
EV-000361,2026-01-31 16:37:00,30cf2d34-7ddc-45a8-9eac-4a9fc4cfa3f5,ELE-001,Cable THHN #12 (rollo 100 m),Eléctrico,1,1150.0,1150.0
EV-000362,2026-02-02 07:42:00,0b4327ce-a267-40d8-bc6b-74ab7d775d30,TOR-001,"Tornillo para madera 1"" (caja 100 u)",Tornillería,1,42.0,42.0
EV-000363,2026-02-02 08:42:00,0952bcea-dcc1-484d-b422-b1a41871f4be,CER-001,Candado de bronce 40 mm,Cerrajería,2,145.0,290.0
EV-000364,2026-02-02 08:45:00,0b4327ce-a267-40d8-bc6b-74ab7d775d30,TOR-001,"Tornillo para madera 1"" (caja 100 u)",Tornillería,2,42.0,84.0
EV-000365,2026-02-02 08:50:00,765694c8-9734-462c-a35f-797118e2e09e,PIN-001,Pintura acrílica blanca 1 galón,Pinturas,3,385.0,1155.0
EV-000366,2026-02-02 10:31:00,0b4327ce-a267-40d8-bc6b-74ab7d775d30,TOR-001,"Tornillo para madera 1"" (caja 100 u)",Tornillería,1,42.0,42.0
EV-000367,2026-02-02 10:33:00,92e71d63-18a8-434d-843c-bf74be57070f,HER-002,Cinta métrica 5 m,Herramientas,1,78.0,78.0
EV-000368,2026-02-02 11:13:00,e6d66d11-b7e0-4153-81fa-62a11cef4515,PLO-001,"Tubo PVC 1/2"" x 6 m",Plomería,1,96.0,96.0
EV-000369,2026-02-02 11:17:00,ccc1fa5f-09b9-486c-8a74-3dfa0298911a,CEM-001,Cemento gris 42.5 kg,Construcción,1,245.0,245.0
EV-000370,2026-02-02 11:25:00,92e71d63-18a8-434d-843c-bf74be57070f,HER-002,Cinta métrica 5 m,Herramientas,1,78.0,78.0
EV-000371,2026-02-02 12:11:00,ccc1fa5f-09b9-486c-8a74-3dfa0298911a,CEM-001,Cemento gris 42.5 kg,Construcción,5,245.0,1225.0
EV-000372,2026-02-02 12:24:00,0952bcea-dcc1-484d-b422-b1a41871f4be,CER-001,Candado de bronce 40 mm,Cerrajería,1,145.0,145.0
EV-000373,2026-02-02 12:35:00,92e71d63-18a8-434d-843c-bf74be57070f,HER-002,Cinta métrica 5 m,Herramientas,1,78.0,78.0
EV-000374,2026-02-02 13:00:00,765694c8-9734-462c-a35f-797118e2e09e,PIN-001,Pintura acrílica blanca 1 galón,Pinturas,3,385.0,1155.0
EV-000375,2026-02-02 13:52:00,e6d66d11-b7e0-4153-81fa-62a11cef4515,PLO-001,"Tubo PVC 1/2"" x 6 m",Plomería,4,96.0,384.0
EV-000376,2026-02-02 13:59:00,765694c8-9734-462c-a35f-797118e2e09e,PIN-001,Pintura acrílica blanca 1 galón,Pinturas,1,385.0,385.0
EV-000377,2026-02-03 07:11:00,e6d66d11-b7e0-4153-81fa-62a11cef4515,PLO-001,"Tubo PVC 1/2"" x 6 m",Plomería,3,96.0,288.0
EV-000378,2026-02-03 09:23:00,0b4327ce-a267-40d8-bc6b-74ab7d775d30,TOR-001,"Tornillo para madera 1"" (caja 100 u)",Tornillería,4,42.0,168.0
EV-000379,2026-02-03 09:58:00,ccc1fa5f-09b9-486c-8a74-3dfa0298911a,CEM-001,Cemento gris 42.5 kg,Construcción,2,245.0,490.0
EV-000380,2026-02-03 10:27:00,ccc1fa5f-09b9-486c-8a74-3dfa0298911a,CEM-001,Cemento gris 42.5 kg,Construcción,2,245.0,490.0
EV-000381,2026-02-03 10:28:00,92e71d63-18a8-434d-843c-bf74be57070f,HER-002,Cinta métrica 5 m,Herramientas,2,78.0,156.0
EV-000382,2026-02-03 10:30:00,0b4327ce-a267-40d8-bc6b-74ab7d775d30,TOR-001,"Tornillo para madera 1"" (caja 100 u)",Tornillería,3,42.0,126.0
EV-000383,2026-02-03 10:54:00,0b4327ce-a267-40d8-bc6b-74ab7d775d30,TOR-001,"Tornillo para madera 1"" (caja 100 u)",Tornillería,1,42.0,42.0
EV-000384,2026-02-03 11:04:00,0b4327ce-a267-40d8-bc6b-74ab7d775d30,TOR-001,"Tornillo para madera 1"" (caja 100 u)",Tornillería,1,42.0,42.0
EV-000385,2026-02-03 11:15:00,0b4327ce-a267-40d8-bc6b-74ab7d775d30,TOR-001,"Tornillo para madera 1"" (caja 100 u)",Tornillería,2,42.0,84.0
EV-000386,2026-02-03 11:55:00,0b4327ce-a267-40d8-bc6b-74ab7d775d30,TOR-001,"Tornillo para madera 1"" (caja 100 u)",Tornillería,2,42.0,84.0
EV-000387,2026-02-03 12:04:00,ccc1fa5f-09b9-486c-8a74-3dfa0298911a,CEM-001,Cemento gris 42.5 kg,Construcción,1,245.0,245.0
EV-000388,2026-02-03 12:29:00,ccc1fa5f-09b9-486c-8a74-3dfa0298911a,CEM-001,Cemento gris 42.5 kg,Construcción,6,245.0,1470.0
EV-000389,2026-02-03 13:08:00,0952bcea-dcc1-484d-b422-b1a41871f4be,CER-001,Candado de bronce 40 mm,Cerrajería,1,145.0,145.0
EV-000390,2026-02-03 13:31:00,0b4327ce-a267-40d8-bc6b-74ab7d775d30,TOR-001,"Tornillo para madera 1"" (caja 100 u)",Tornillería,3,42.0,126.0
EV-000391,2026-02-03 15:10:00,92e71d63-18a8-434d-843c-bf74be57070f,HER-002,Cinta métrica 5 m,Herramientas,1,78.0,78.0
EV-000392,2026-02-04 07:34:00,92e71d63-18a8-434d-843c-bf74be57070f,HER-002,Cinta métrica 5 m,Herramientas,2,78.0,156.0
EV-000393,2026-02-04 08:41:00,765694c8-9734-462c-a35f-797118e2e09e,PIN-001,Pintura acrílica blanca 1 galón,Pinturas,1,385.0,385.0
EV-000394,2026-02-04 08:56:00,ccc1fa5f-09b9-486c-8a74-3dfa0298911a,CEM-001,Cemento gris 42.5 kg,Construcción,3,245.0,735.0
EV-000395,2026-02-04 09:59:00,e6d66d11-b7e0-4153-81fa-62a11cef4515,PLO-001,"Tubo PVC 1/2"" x 6 m",Plomería,2,96.0,192.0
EV-000396,2026-02-04 10:16:00,0b4327ce-a267-40d8-bc6b-74ab7d775d30,TOR-001,"Tornillo para madera 1"" (caja 100 u)",Tornillería,1,42.0,42.0
EV-000397,2026-02-04 10:19:00,765694c8-9734-462c-a35f-797118e2e09e,PIN-001,Pintura acrílica blanca 1 galón,Pinturas,1,385.0,385.0
EV-000398,2026-02-04 11:17:00,ccc1fa5f-09b9-486c-8a74-3dfa0298911a,CEM-001,Cemento gris 42.5 kg,Construcción,5,245.0,1225.0
EV-000399,2026-02-04 11:24:00,92e71d63-18a8-434d-843c-bf74be57070f,HER-002,Cinta métrica 5 m,Herramientas,1,78.0,78.0
EV-000400,2026-02-04 12:22:00,9acb88c2-673a-4ca9-b665-b129976958bd,HER-001,Martillo de uña 16 oz,Herramientas,2,185.0,370.0
EV-000401,2026-02-04 14:04:00,ccc1fa5f-09b9-486c-8a74-3dfa0298911a,CEM-001,Cemento gris 42.5 kg,Construcción,6,245.0,1470.0
EV-000402,2026-02-04 15:16:00,0952bcea-dcc1-484d-b422-b1a41871f4be,CER-001,Candado de bronce 40 mm,Cerrajería,1,145.0,145.0
EV-000403,2026-02-05 08:35:00,ccc1fa5f-09b9-486c-8a74-3dfa0298911a,CEM-001,Cemento gris 42.5 kg,Construcción,1,245.0,245.0
EV-000404,2026-02-05 10:05:00,765694c8-9734-462c-a35f-797118e2e09e,PIN-001,Pintura acrílica blanca 1 galón,Pinturas,1,385.0,385.0
EV-000405,2026-02-05 10:43:00,e6d66d11-b7e0-4153-81fa-62a11cef4515,PLO-001,"Tubo PVC 1/2"" x 6 m",Plomería,3,96.0,288.0
EV-000406,2026-02-05 11:28:00,ccc1fa5f-09b9-486c-8a74-3dfa0298911a,CEM-001,Cemento gris 42.5 kg,Construcción,1,245.0,245.0
EV-000407,2026-02-05 12:26:00,0b4327ce-a267-40d8-bc6b-74ab7d775d30,TOR-001,"Tornillo para madera 1"" (caja 100 u)",Tornillería,3,42.0,126.0
EV-000408,2026-02-05 13:00:00,ccc1fa5f-09b9-486c-8a74-3dfa0298911a,CEM-001,Cemento gris 42.5 kg,Construcción,4,245.0,980.0
EV-000409,2026-02-05 13:00:00,0b4327ce-a267-40d8-bc6b-74ab7d775d30,TOR-001,"Tornillo para madera 1"" (caja 100 u)",Tornillería,2,42.0,84.0
EV-000410,2026-02-05 13:25:00,92e71d63-18a8-434d-843c-bf74be57070f,HER-002,Cinta métrica 5 m,Herramientas,1,78.0,78.0
EV-000411,2026-02-05 14:17:00,0b4327ce-a267-40d8-bc6b-74ab7d775d30,TOR-001,"Tornillo para madera 1"" (caja 100 u)",Tornillería,1,42.0,42.0
EV-000412,2026-02-05 14:22:00,30cf2d34-7ddc-45a8-9eac-4a9fc4cfa3f5,ELE-001,Cable THHN #12 (rollo 100 m),Eléctrico,1,1150.0,1150.0
EV-000413,2026-02-05 14:49:00,30cf2d34-7ddc-45a8-9eac-4a9fc4cfa3f5,ELE-001,Cable THHN #12 (rollo 100 m),Eléctrico,1,1150.0,1150.0
EV-000414,2026-02-05 15:03:00,0b4327ce-a267-40d8-bc6b-74ab7d775d30,TOR-001,"Tornillo para madera 1"" (caja 100 u)",Tornillería,4,42.0,168.0
EV-000415,2026-02-05 15:35:00,ccc1fa5f-09b9-486c-8a74-3dfa0298911a,CEM-001,Cemento gris 42.5 kg,Construcción,6,245.0,1470.0
EV-000416,2026-02-05 16:59:00,126b5449-9df4-496e-a1b9-f527a5ea0c0a,CER-023,Candado de bronce 40 mm,Cerrajería,1,120.0,120.0
EV-000417,2026-02-06 07:33:00,0952bcea-dcc1-484d-b422-b1a41871f4be,CER-001,Candado de bronce 40 mm,Cerrajería,1,145.0,145.0
EV-000418,2026-02-06 09:15:00,9acb88c2-673a-4ca9-b665-b129976958bd,HER-001,Martillo de uña 16 oz,Herramientas,1,185.0,185.0
EV-000419,2026-02-06 09:21:00,9acb88c2-673a-4ca9-b665-b129976958bd,HER-001,Martillo de uña 16 oz,Herramientas,2,185.0,370.0
EV-000420,2026-02-06 11:26:00,ccc1fa5f-09b9-486c-8a74-3dfa0298911a,CEM-001,Cemento gris 42.5 kg,Construcción,4,245.0,980.0
EV-000421,2026-02-06 11:44:00,92e71d63-18a8-434d-843c-bf74be57070f,HER-002,Cinta métrica 5 m,Herramientas,1,78.0,78.0
EV-000422,2026-02-06 11:51:00,ccc1fa5f-09b9-486c-8a74-3dfa0298911a,CEM-001,Cemento gris 42.5 kg,Construcción,5,245.0,1225.0
EV-000423,2026-02-06 13:38:00,e6d66d11-b7e0-4153-81fa-62a11cef4515,PLO-001,"Tubo PVC 1/2"" x 6 m",Plomería,1,96.0,96.0
EV-000424,2026-02-06 13:55:00,126b5449-9df4-496e-a1b9-f527a5ea0c0a,CER-023,Candado de bronce 40 mm,Cerrajería,1,120.0,120.0
EV-000425,2026-02-06 13:56:00,e6d66d11-b7e0-4153-81fa-62a11cef4515,PLO-001,"Tubo PVC 1/2"" x 6 m",Plomería,1,96.0,96.0
EV-000426,2026-02-06 15:08:00,e6d66d11-b7e0-4153-81fa-62a11cef4515,PLO-001,"Tubo PVC 1/2"" x 6 m",Plomería,1,96.0,96.0
EV-000427,2026-02-06 15:59:00,0b4327ce-a267-40d8-bc6b-74ab7d775d30,TOR-001,"Tornillo para madera 1"" (caja 100 u)",Tornillería,2,42.0,84.0
EV-000428,2026-02-07 07:00:00,9acb88c2-673a-4ca9-b665-b129976958bd,HER-001,Martillo de uña 16 oz,Herramientas,2,185.0,370.0
EV-000429,2026-02-07 07:00:00,e6d66d11-b7e0-4153-81fa-62a11cef4515,PLO-001,"Tubo PVC 1/2"" x 6 m",Plomería,2,96.0,192.0
EV-000430,2026-02-07 08:06:00,ccc1fa5f-09b9-486c-8a74-3dfa0298911a,CEM-001,Cemento gris 42.5 kg,Construcción,2,245.0,490.0
EV-000431,2026-02-07 08:07:00,0b4327ce-a267-40d8-bc6b-74ab7d775d30,TOR-001,"Tornillo para madera 1"" (caja 100 u)",Tornillería,1,42.0,42.0
EV-000431,2026-02-07 08:07:00,0b4327ce-a267-40d8-bc6b-74ab7d775d30,TOR-001,"Tornillo para madera 1"" (caja 100 u)",Tornillería,1,42.0,42.0
EV-000432,2026-02-07 08:25:00,ccc1fa5f-09b9-486c-8a74-3dfa0298911a,CEM-001,Cemento gris 42.5 kg,Construcción,1,245.0,245.0
EV-000433,2026-02-07 08:45:00,e6d66d11-b7e0-4153-81fa-62a11cef4515,PLO-001,"Tubo PVC 1/2"" x 6 m",Plomería,2,96.0,192.0
EV-000434,2026-02-07 09:40:00,ccc1fa5f-09b9-486c-8a74-3dfa0298911a,CEM-001,Cemento gris 42.5 kg,Construcción,1,245.0,245.0
EV-000435,2026-02-07 09:59:00,0b4327ce-a267-40d8-bc6b-74ab7d775d30,TOR-001,"Tornillo para madera 1"" (caja 100 u)",Tornillería,2,42.0,84.0
EV-000436,2026-02-07 10:03:00,9acb88c2-673a-4ca9-b665-b129976958bd,HER-001,Martillo de uña 16 oz,Herramientas,1,185.0,185.0
EV-000437,2026-02-07 10:22:00,0b4327ce-a267-40d8-bc6b-74ab7d775d30,TOR-001,"Tornillo para madera 1"" (caja 100 u)",Tornillería,2,42.0,84.0
EV-000438,2026-02-07 11:20:00,ccc1fa5f-09b9-486c-8a74-3dfa0298911a,CEM-001,Cemento gris 42.5 kg,Construcción,3,245.0,735.0
EV-000439,2026-02-07 11:32:00,ccc1fa5f-09b9-486c-8a74-3dfa0298911a,CEM-001,Cemento gris 42.5 kg,Construcción,1,245.0,245.0
EV-000440,2026-02-07 11:47:00,ccc1fa5f-09b9-486c-8a74-3dfa0298911a,CEM-001,Cemento gris 42.5 kg,Construcción,4,245.0,980.0
EV-000441,2026-02-07 13:10:00,92e71d63-18a8-434d-843c-bf74be57070f,HER-002,Cinta métrica 5 m,Herramientas,1,78.0,78.0
EV-000442,2026-02-07 13:23:00,0b4327ce-a267-40d8-bc6b-74ab7d775d30,TOR-001,"Tornillo para madera 1"" (caja 100 u)",Tornillería,1,42.0,42.0
EV-000443,2026-02-07 14:03:00,92e71d63-18a8-434d-843c-bf74be57070f,HER-002,Cinta métrica 5 m,Herramientas,1,78.0,78.0
EV-000444,2026-02-09 07:20:00,e6d66d11-b7e0-4153-81fa-62a11cef4515,PLO-001,"Tubo PVC 1/2"" x 6 m",Plomería,3,96.0,288.0
EV-000445,2026-02-09 08:37:00,0b4327ce-a267-40d8-bc6b-74ab7d775d30,TOR-001,"Tornillo para madera 1"" (caja 100 u)",Tornillería,4,42.0,168.0
EV-000446,2026-02-09 10:21:00,ccc1fa5f-09b9-486c-8a74-3dfa0298911a,CEM-001,Cemento gris 42.5 kg,Construcción,4,245.0,980.0
EV-000447,2026-02-09 10:24:00,ccc1fa5f-09b9-486c-8a74-3dfa0298911a,CEM-001,Cemento gris 42.5 kg,Construcción,2,245.0,490.0
EV-000448,2026-02-09 11:06:00,92e71d63-18a8-434d-843c-bf74be57070f,HER-002,Cinta métrica 5 m,Herramientas,2,78.0,156.0
EV-000449,2026-02-09 11:58:00,ccc1fa5f-09b9-486c-8a74-3dfa0298911a,CEM-001,Cemento gris 42.5 kg,Construcción,1,245.0,245.0
EV-000450,2026-02-09 12:27:00,0952bcea-dcc1-484d-b422-b1a41871f4be,CER-001,Candado de bronce 40 mm,Cerrajería,1,145.0,145.0
EV-000451,2026-02-09 12:30:00,0b4327ce-a267-40d8-bc6b-74ab7d775d30,TOR-001,"Tornillo para madera 1"" (caja 100 u)",Tornillería,3,42.0,126.0
EV-000452,2026-02-09 14:30:00,ccc1fa5f-09b9-486c-8a74-3dfa0298911a,CEM-001,Cemento gris 42.5 kg,Construcción,3,245.0,735.0
EV-000453,2026-02-09 15:06:00,92e71d63-18a8-434d-843c-bf74be57070f,HER-002,Cinta métrica 5 m,Herramientas,2,78.0,156.0
EV-000454,2026-02-09 16:59:00,30cf2d34-7ddc-45a8-9eac-4a9fc4cfa3f5,ELE-001,Cable THHN #12 (rollo 100 m),Eléctrico,1,1150.0,1150.0
EV-000455,2026-02-10 09:06:00,9acb88c2-673a-4ca9-b665-b129976958bd,HER-001,Martillo de uña 16 oz,Herramientas,1,185.0,185.0
EV-000456,2026-02-10 09:25:00,0b4327ce-a267-40d8-bc6b-74ab7d775d30,TOR-001,"Tornillo para madera 1"" (caja 100 u)",Tornillería,3,42.0,126.0
EV-000457,2026-02-10 09:29:00,126b5449-9df4-496e-a1b9-f527a5ea0c0a,CER-023,Candado de bronce 40 mm,Cerrajería,1,120.0,120.0
EV-000458,2026-02-10 09:54:00,e6d66d11-b7e0-4153-81fa-62a11cef4515,PLO-001,"Tubo PVC 1/2"" x 6 m",Plomería,1,96.0,96.0
EV-000459,2026-02-10 10:22:00,e6d66d11-b7e0-4153-81fa-62a11cef4515,PLO-001,"Tubo PVC 1/2"" x 6 m",Plomería,3,96.0,288.0
EV-000460,2026-02-10 10:26:00,ccc1fa5f-09b9-486c-8a74-3dfa0298911a,CEM-001,Cemento gris 42.5 kg,Construcción,2,245.0,490.0
EV-000461,2026-02-10 11:08:00,0b4327ce-a267-40d8-bc6b-74ab7d775d30,TOR-001,"Tornillo para madera 1"" (caja 100 u)",Tornillería,2,42.0,84.0
EV-000462,2026-02-10 11:31:00,0b4327ce-a267-40d8-bc6b-74ab7d775d30,TOR-001,"Tornillo para madera 1"" (caja 100 u)",Tornillería,1,42.0,42.0
EV-000463,2026-02-10 11:39:00,0b4327ce-a267-40d8-bc6b-74ab7d775d30,TOR-001,"Tornillo para madera 1"" (caja 100 u)",Tornillería,1,42.0,42.0
EV-000464,2026-02-10 11:45:00,ccc1fa5f-09b9-486c-8a74-3dfa0298911a,CEM-001,Cemento gris 42.5 kg,Construcción,5,245.0,1225.0
EV-000465,2026-02-10 12:42:00,765694c8-9734-462c-a35f-797118e2e09e,PIN-001,Pintura acrílica blanca 1 galón,Pinturas,1,385.0,385.0
EV-000466,2026-02-10 13:01:00,92e71d63-18a8-434d-843c-bf74be57070f,HER-002,Cinta métrica 5 m,Herramientas,2,78.0,156.0
EV-000467,2026-02-10 13:11:00,ccc1fa5f-09b9-486c-8a74-3dfa0298911a,CEM-001,Cemento gris 42.5 kg,Construcción,2,245.0,490.0
EV-000468,2026-02-10 13:12:00,0b4327ce-a267-40d8-bc6b-74ab7d775d30,TOR-001,"Tornillo para madera 1"" (caja 100 u)",Tornillería,1,42.0,42.0
EV-000469,2026-02-10 13:47:00,ccc1fa5f-09b9-486c-8a74-3dfa0298911a,CEM-001,Cemento gris 42.5 kg,Construcción,1,245.0,245.0
EV-000470,2026-02-10 14:21:00,0b4327ce-a267-40d8-bc6b-74ab7d775d30,TOR-001,"Tornillo para madera 1"" (caja 100 u)",Tornillería,1,42.0,42.0
EV-000471,2026-02-10 15:19:00,0952bcea-dcc1-484d-b422-b1a41871f4be,CER-001,Candado de bronce 40 mm,Cerrajería,1,145.0,145.0
EV-000472,2026-02-10 16:38:00,0b4327ce-a267-40d8-bc6b-74ab7d775d30,TOR-001,"Tornillo para madera 1"" (caja 100 u)",Tornillería,3,42.0,126.0
EV-000473,2026-02-11 07:41:00,0b4327ce-a267-40d8-bc6b-74ab7d775d30,TOR-001,"Tornillo para madera 1"" (caja 100 u)",Tornillería,1,42.0,42.0
EV-000474,2026-02-11 11:32:00,0952bcea-dcc1-484d-b422-b1a41871f4be,CER-001,Candado de bronce 40 mm,Cerrajería,1,145.0,145.0
EV-000475,2026-02-11 12:10:00,ccc1fa5f-09b9-486c-8a74-3dfa0298911a,CEM-001,Cemento gris 42.5 kg,Construcción,4,245.0,980.0
EV-000476,2026-02-11 12:22:00,e6d66d11-b7e0-4153-81fa-62a11cef4515,PLO-001,"Tubo PVC 1/2"" x 6 m",Plomería,1,96.0,96.0
EV-000477,2026-02-11 12:23:00,0b4327ce-a267-40d8-bc6b-74ab7d775d30,TOR-001,"Tornillo para madera 1"" (caja 100 u)",Tornillería,1,42.0,42.0
EV-000478,2026-02-11 12:34:00,9acb88c2-673a-4ca9-b665-b129976958bd,HER-001,Martillo de uña 16 oz,Herramientas,1,185.0,185.0
EV-000479,2026-02-11 12:47:00,0952bcea-dcc1-484d-b422-b1a41871f4be,CER-001,Candado de bronce 40 mm,Cerrajería,1,145.0,145.0
EV-000480,2026-02-11 13:17:00,92e71d63-18a8-434d-843c-bf74be57070f,HER-002,Cinta métrica 5 m,Herramientas,1,78.0,78.0
EV-000481,2026-02-11 13:37:00,ccc1fa5f-09b9-486c-8a74-3dfa0298911a,CEM-001,Cemento gris 42.5 kg,Construcción,4,245.0,980.0
EV-000482,2026-02-12 07:00:00,0b4327ce-a267-40d8-bc6b-74ab7d775d30,TOR-001,"Tornillo para madera 1"" (caja 100 u)",Tornillería,4,42.0,168.0
EV-000483,2026-02-12 08:19:00,ccc1fa5f-09b9-486c-8a74-3dfa0298911a,CEM-001,Cemento gris 42.5 kg,Construcción,3,245.0,735.0
EV-000484,2026-02-12 08:36:00,e6d66d11-b7e0-4153-81fa-62a11cef4515,PLO-001,"Tubo PVC 1/2"" x 6 m",Plomería,4,96.0,384.0
EV-000485,2026-02-12 09:12:00,ccc1fa5f-09b9-486c-8a74-3dfa0298911a,CEM-001,Cemento gris 42.5 kg,Construcción,3,245.0,735.0
EV-000486,2026-02-12 09:45:00,0b4327ce-a267-40d8-bc6b-74ab7d775d30,TOR-001,"Tornillo para madera 1"" (caja 100 u)",Tornillería,1,42.0,42.0
EV-000487,2026-02-12 10:42:00,0b4327ce-a267-40d8-bc6b-74ab7d775d30,TOR-001,"Tornillo para madera 1"" (caja 100 u)",Tornillería,1,42.0,42.0
EV-000488,2026-02-12 11:16:00,126b5449-9df4-496e-a1b9-f527a5ea0c0a,CER-023,Candado de bronce 40 mm,Cerrajería,1,120.0,120.0
EV-000489,2026-02-12 11:30:00,e6d66d11-b7e0-4153-81fa-62a11cef4515,PLO-001,"Tubo PVC 1/2"" x 6 m",Plomería,4,96.0,384.0
EV-000490,2026-02-12 11:44:00,ccc1fa5f-09b9-486c-8a74-3dfa0298911a,CEM-001,Cemento gris 42.5 kg,Construcción,1,245.0,245.0
EV-000491,2026-02-12 11:51:00,9acb88c2-673a-4ca9-b665-b129976958bd,HER-001,Martillo de uña 16 oz,Herramientas,1,185.0,185.0
EV-000492,2026-02-12 11:52:00,30cf2d34-7ddc-45a8-9eac-4a9fc4cfa3f5,ELE-001,Cable THHN #12 (rollo 100 m),Eléctrico,1,1150.0,1150.0
EV-000493,2026-02-12 12:38:00,ccc1fa5f-09b9-486c-8a74-3dfa0298911a,CEM-001,Cemento gris 42.5 kg,Construcción,5,245.0,1225.0
EV-000494,2026-02-12 13:01:00,ccc1fa5f-09b9-486c-8a74-3dfa0298911a,CEM-001,Cemento gris 42.5 kg,Construcción,2,245.0,490.0
EV-000495,2026-02-12 13:14:00,30cf2d34-7ddc-45a8-9eac-4a9fc4cfa3f5,ELE-001,Cable THHN #12 (rollo 100 m),Eléctrico,1,1150.0,1150.0
EV-000496,2026-02-12 13:47:00,9acb88c2-673a-4ca9-b665-b129976958bd,HER-001,Martillo de uña 16 oz,Herramientas,1,185.0,185.0
EV-000497,2026-02-12 14:26:00,92e71d63-18a8-434d-843c-bf74be57070f,HER-002,Cinta métrica 5 m,Herramientas,2,78.0,156.0
EV-000498,2026-02-12 15:09:00,9acb88c2-673a-4ca9-b665-b129976958bd,HER-001,Martillo de uña 16 oz,Herramientas,1,185.0,185.0
EV-000499,2026-02-12 15:58:00,92e71d63-18a8-434d-843c-bf74be57070f,HER-002,Cinta métrica 5 m,Herramientas,1,78.0,78.0
EV-000500,2026-02-13 07:00:00,e6d66d11-b7e0-4153-81fa-62a11cef4515,PLO-001,"Tubo PVC 1/2"" x 6 m",Plomería,2,96.0,192.0
EV-000501,2026-02-13 07:00:00,0b4327ce-a267-40d8-bc6b-74ab7d775d30,TOR-001,"Tornillo para madera 1"" (caja 100 u)",Tornillería,2,42.0,84.0
EV-000502,2026-02-13 08:18:00,92e71d63-18a8-434d-843c-bf74be57070f,HER-002,Cinta métrica 5 m,Herramientas,1,78.0,78.0
EV-000503,2026-02-13 08:40:00,ccc1fa5f-09b9-486c-8a74-3dfa0298911a,CEM-001,Cemento gris 42.5 kg,Construcción,3,245.0,735.0
EV-000504,2026-02-13 08:42:00,0952bcea-dcc1-484d-b422-b1a41871f4be,CER-001,Candado de bronce 40 mm,Cerrajería,1,145.0,145.0
EV-000505,2026-02-13 09:03:00,9acb88c2-673a-4ca9-b665-b129976958bd,HER-001,Martillo de uña 16 oz,Herramientas,1,185.0,185.0
EV-000506,2026-02-13 09:40:00,e6d66d11-b7e0-4153-81fa-62a11cef4515,PLO-001,"Tubo PVC 1/2"" x 6 m",Plomería,1,96.0,96.0
EV-000507,2026-02-13 10:22:00,0952bcea-dcc1-484d-b422-b1a41871f4be,CER-001,Candado de bronce 40 mm,Cerrajería,1,145.0,145.0
EV-000508,2026-02-13 11:26:00,e6d66d11-b7e0-4153-81fa-62a11cef4515,PLO-001,"Tubo PVC 1/2"" x 6 m",Plomería,3,96.0,288.0
EV-000509,2026-02-13 11:43:00,765694c8-9734-462c-a35f-797118e2e09e,PIN-001,Pintura acrílica blanca 1 galón,Pinturas,1,385.0,385.0
EV-000510,2026-02-13 12:01:00,92e71d63-18a8-434d-843c-bf74be57070f,HER-002,Cinta métrica 5 m,Herramientas,2,78.0,156.0
EV-000511,2026-02-13 13:15:00,ccc1fa5f-09b9-486c-8a74-3dfa0298911a,CEM-001,Cemento gris 42.5 kg,Construcción,3,245.0,735.0
EV-000512,2026-02-13 14:09:00,ccc1fa5f-09b9-486c-8a74-3dfa0298911a,CEM-001,Cemento gris 42.5 kg,Construcción,3,245.0,735.0
EV-000513,2026-02-13 15:25:00,126b5449-9df4-496e-a1b9-f527a5ea0c0a,CER-023,Candado de bronce 40 mm,Cerrajería,1,120.0,120.0
EV-000514,2026-02-14 07:33:00,e6d66d11-b7e0-4153-81fa-62a11cef4515,PLO-001,"Tubo PVC 1/2"" x 6 m",Plomería,1,96.0,96.0
EV-000515,2026-02-14 08:11:00,e6d66d11-b7e0-4153-81fa-62a11cef4515,PLO-001,"Tubo PVC 1/2"" x 6 m",Plomería,1,96.0,96.0
EV-000516,2026-02-14 08:43:00,e6d66d11-b7e0-4153-81fa-62a11cef4515,PLO-001,"Tubo PVC 1/2"" x 6 m",Plomería,5,96.0,480.0
EV-000517,2026-02-14 08:55:00,0952bcea-dcc1-484d-b422-b1a41871f4be,CER-001,Candado de bronce 40 mm,Cerrajería,1,145.0,145.0
EV-000518,2026-02-14 09:17:00,e6d66d11-b7e0-4153-81fa-62a11cef4515,PLO-001,"Tubo PVC 1/2"" x 6 m",Plomería,2,96.0,192.0
EV-000519,2026-02-14 10:02:00,0b4327ce-a267-40d8-bc6b-74ab7d775d30,TOR-001,"Tornillo para madera 1"" (caja 100 u)",Tornillería,1,42.0,42.0
EV-000520,2026-02-14 10:13:00,92e71d63-18a8-434d-843c-bf74be57070f,HER-002,Cinta métrica 5 m,Herramientas,2,78.0,156.0
EV-000521,2026-02-14 10:57:00,e6d66d11-b7e0-4153-81fa-62a11cef4515,PLO-001,"Tubo PVC 1/2"" x 6 m",Plomería,3,96.0,288.0
EV-000522,2026-02-14 11:55:00,e6d66d11-b7e0-4153-81fa-62a11cef4515,PLO-001,"Tubo PVC 1/2"" x 6 m",Plomería,1,96.0,96.0
EV-000523,2026-02-14 11:59:00,92e71d63-18a8-434d-843c-bf74be57070f,HER-002,Cinta métrica 5 m,Herramientas,2,78.0,156.0
EV-000524,2026-02-14 12:20:00,ccc1fa5f-09b9-486c-8a74-3dfa0298911a,CEM-001,Cemento gris 42.5 kg,Construcción,4,245.0,980.0
EV-000525,2026-02-14 12:23:00,0b4327ce-a267-40d8-bc6b-74ab7d775d30,TOR-001,"Tornillo para madera 1"" (caja 100 u)",Tornillería,3,42.0,126.0
EV-000526,2026-02-14 12:25:00,0952bcea-dcc1-484d-b422-b1a41871f4be,CER-001,Candado de bronce 40 mm,Cerrajería,1,145.0,145.0
EV-000527,2026-02-14 12:41:00,0b4327ce-a267-40d8-bc6b-74ab7d775d30,TOR-001,"Tornillo para madera 1"" (caja 100 u)",Tornillería,3,42.0,126.0
EV-000528,2026-02-14 13:02:00,9acb88c2-673a-4ca9-b665-b129976958bd,HER-001,Martillo de uña 16 oz,Herramientas,1,185.0,185.0
EV-000529,2026-02-14 14:42:00,0b4327ce-a267-40d8-bc6b-74ab7d775d30,TOR-001,"Tornillo para madera 1"" (caja 100 u)",Tornillería,4,42.0,168.0
EV-000530,2026-02-16 07:20:00,ccc1fa5f-09b9-486c-8a74-3dfa0298911a,CEM-001,Cemento gris 42.5 kg,Construcción,2,245.0,490.0
EV-000531,2026-02-16 08:06:00,765694c8-9734-462c-a35f-797118e2e09e,PIN-001,Pintura acrílica blanca 1 galón,Pinturas,2,385.0,770.0
EV-000532,2026-02-16 08:30:00,0952bcea-dcc1-484d-b422-b1a41871f4be,CER-001,Candado de bronce 40 mm,Cerrajería,1,145.0,145.0
EV-000533,2026-02-16 08:36:00,126b5449-9df4-496e-a1b9-f527a5ea0c0a,CER-023,Candado de bronce 40 mm,Cerrajería,1,120.0,120.0
EV-000533,2026-02-16 08:36:00,126b5449-9df4-496e-a1b9-f527a5ea0c0a,CER-023,Candado de bronce 40 mm,Cerrajería,1,120.0,120.0
EV-000534,2026-02-16 09:09:00,0b4327ce-a267-40d8-bc6b-74ab7d775d30,TOR-001,"Tornillo para madera 1"" (caja 100 u)",Tornillería,2,42.0,84.0
EV-000535,2026-02-16 10:06:00,ccc1fa5f-09b9-486c-8a74-3dfa0298911a,CEM-001,Cemento gris 42.5 kg,Construcción,1,245.0,245.0
EV-000536,2026-02-16 10:21:00,ccc1fa5f-09b9-486c-8a74-3dfa0298911a,CEM-001,Cemento gris 42.5 kg,Construcción,2,245.0,490.0
EV-000537,2026-02-16 10:29:00,0b4327ce-a267-40d8-bc6b-74ab7d775d30,TOR-001,"Tornillo para madera 1"" (caja 100 u)",Tornillería,1,42.0,42.0
EV-000538,2026-02-16 11:03:00,9acb88c2-673a-4ca9-b665-b129976958bd,HER-001,Martillo de uña 16 oz,Herramientas,2,185.0,370.0
EV-000539,2026-02-16 12:30:00,0b4327ce-a267-40d8-bc6b-74ab7d775d30,TOR-001,"Tornillo para madera 1"" (caja 100 u)",Tornillería,2,42.0,84.0
EV-000540,2026-02-16 13:18:00,126b5449-9df4-496e-a1b9-f527a5ea0c0a,CER-023,Candado de bronce 40 mm,Cerrajería,2,120.0,240.0
EV-000541,2026-02-16 13:47:00,0b4327ce-a267-40d8-bc6b-74ab7d775d30,TOR-001,"Tornillo para madera 1"" (caja 100 u)",Tornillería,1,42.0,42.0
EV-000542,2026-02-17 07:00:00,92e71d63-18a8-434d-843c-bf74be57070f,HER-002,Cinta métrica 5 m,Herramientas,1,78.0,78.0
EV-000543,2026-02-17 07:34:00,e6d66d11-b7e0-4153-81fa-62a11cef4515,PLO-001,"Tubo PVC 1/2"" x 6 m",Plomería,1,96.0,96.0
EV-000544,2026-02-17 08:05:00,0b4327ce-a267-40d8-bc6b-74ab7d775d30,TOR-001,"Tornillo para madera 1"" (caja 100 u)",Tornillería,1,42.0,42.0
EV-000545,2026-02-17 08:10:00,ccc1fa5f-09b9-486c-8a74-3dfa0298911a,CEM-001,Cemento gris 42.5 kg,Construcción,3,245.0,735.0
EV-000546,2026-02-17 08:51:00,765694c8-9734-462c-a35f-797118e2e09e,PIN-001,Pintura acrílica blanca 1 galón,Pinturas,1,385.0,385.0
EV-000547,2026-02-17 09:07:00,e6d66d11-b7e0-4153-81fa-62a11cef4515,PLO-001,"Tubo PVC 1/2"" x 6 m",Plomería,1,96.0,96.0
EV-000548,2026-02-17 11:52:00,e6d66d11-b7e0-4153-81fa-62a11cef4515,PLO-001,"Tubo PVC 1/2"" x 6 m",Plomería,1,96.0,96.0
EV-000549,2026-02-17 11:54:00,e6d66d11-b7e0-4153-81fa-62a11cef4515,PLO-001,"Tubo PVC 1/2"" x 6 m",Plomería,2,96.0,192.0
EV-000550,2026-02-17 11:56:00,92e71d63-18a8-434d-843c-bf74be57070f,HER-002,Cinta métrica 5 m,Herramientas,1,78.0,78.0
EV-000551,2026-02-17 12:10:00,0952bcea-dcc1-484d-b422-b1a41871f4be,CER-001,Candado de bronce 40 mm,Cerrajería,1,145.0,145.0
EV-000552,2026-02-17 12:43:00,0b4327ce-a267-40d8-bc6b-74ab7d775d30,TOR-001,"Tornillo para madera 1"" (caja 100 u)",Tornillería,4,42.0,168.0
EV-000553,2026-02-17 13:39:00,92e71d63-18a8-434d-843c-bf74be57070f,HER-002,Cinta métrica 5 m,Herramientas,1,78.0,78.0
EV-000554,2026-02-17 14:15:00,92e71d63-18a8-434d-843c-bf74be57070f,HER-002,Cinta métrica 5 m,Herramientas,1,78.0,78.0
EV-000555,2026-02-17 15:27:00,ccc1fa5f-09b9-486c-8a74-3dfa0298911a,CEM-001,Cemento gris 42.5 kg,Construcción,2,245.0,490.0
EV-000556,2026-02-17 15:48:00,92e71d63-18a8-434d-843c-bf74be57070f,HER-002,Cinta métrica 5 m,Herramientas,1,78.0,78.0
EV-000557,2026-02-18 09:57:00,0b4327ce-a267-40d8-bc6b-74ab7d775d30,TOR-001,"Tornillo para madera 1"" (caja 100 u)",Tornillería,4,42.0,168.0
EV-000558,2026-02-18 10:30:00,9acb88c2-673a-4ca9-b665-b129976958bd,HER-001,Martillo de uña 16 oz,Herramientas,1,185.0,185.0
EV-000559,2026-02-18 10:47:00,ccc1fa5f-09b9-486c-8a74-3dfa0298911a,CEM-001,Cemento gris 42.5 kg,Construcción,4,245.0,980.0
EV-000560,2026-02-18 11:06:00,ccc1fa5f-09b9-486c-8a74-3dfa0298911a,CEM-001,Cemento gris 42.5 kg,Construcción,1,245.0,245.0
EV-000561,2026-02-18 11:19:00,765694c8-9734-462c-a35f-797118e2e09e,PIN-001,Pintura acrílica blanca 1 galón,Pinturas,1,385.0,385.0
EV-000562,2026-02-18 11:25:00,ccc1fa5f-09b9-486c-8a74-3dfa0298911a,CEM-001,Cemento gris 42.5 kg,Construcción,4,245.0,980.0
EV-000563,2026-02-18 11:43:00,e6d66d11-b7e0-4153-81fa-62a11cef4515,PLO-001,"Tubo PVC 1/2"" x 6 m",Plomería,1,96.0,96.0
EV-000564,2026-02-18 12:00:00,0b4327ce-a267-40d8-bc6b-74ab7d775d30,TOR-001,"Tornillo para madera 1"" (caja 100 u)",Tornillería,2,42.0,84.0
EV-000565,2026-02-18 12:32:00,0b4327ce-a267-40d8-bc6b-74ab7d775d30,TOR-001,"Tornillo para madera 1"" (caja 100 u)",Tornillería,2,42.0,84.0
EV-000566,2026-02-18 13:11:00,92e71d63-18a8-434d-843c-bf74be57070f,HER-002,Cinta métrica 5 m,Herramientas,1,78.0,78.0
EV-000567,2026-02-18 13:16:00,e6d66d11-b7e0-4153-81fa-62a11cef4515,PLO-001,"Tubo PVC 1/2"" x 6 m",Plomería,2,96.0,192.0
EV-000568,2026-02-18 13:43:00,ccc1fa5f-09b9-486c-8a74-3dfa0298911a,CEM-001,Cemento gris 42.5 kg,Construcción,1,245.0,245.0
EV-000569,2026-02-19 07:00:00,ccc1fa5f-09b9-486c-8a74-3dfa0298911a,CEM-001,Cemento gris 42.5 kg,Construcción,4,245.0,980.0
EV-000570,2026-02-19 07:00:00,e6d66d11-b7e0-4153-81fa-62a11cef4515,PLO-001,"Tubo PVC 1/2"" x 6 m",Plomería,3,96.0,288.0
EV-000571,2026-02-19 08:15:00,ccc1fa5f-09b9-486c-8a74-3dfa0298911a,CEM-001,Cemento gris 42.5 kg,Construcción,6,245.0,1470.0
EV-000572,2026-02-19 08:45:00,765694c8-9734-462c-a35f-797118e2e09e,PIN-001,Pintura acrílica blanca 1 galón,Pinturas,1,385.0,385.0
EV-000573,2026-02-19 08:56:00,92e71d63-18a8-434d-843c-bf74be57070f,HER-002,Cinta métrica 5 m,Herramientas,1,78.0,78.0
EV-000574,2026-02-19 09:15:00,0b4327ce-a267-40d8-bc6b-74ab7d775d30,TOR-001,"Tornillo para madera 1"" (caja 100 u)",Tornillería,3,42.0,126.0
EV-000575,2026-02-19 09:22:00,0b4327ce-a267-40d8-bc6b-74ab7d775d30,TOR-001,"Tornillo para madera 1"" (caja 100 u)",Tornillería,3,42.0,126.0
EV-000576,2026-02-19 09:33:00,e6d66d11-b7e0-4153-81fa-62a11cef4515,PLO-001,"Tubo PVC 1/2"" x 6 m",Plomería,3,96.0,288.0
EV-000577,2026-02-19 09:42:00,92e71d63-18a8-434d-843c-bf74be57070f,HER-002,Cinta métrica 5 m,Herramientas,1,78.0,78.0
EV-000578,2026-02-19 09:59:00,765694c8-9734-462c-a35f-797118e2e09e,PIN-001,Pintura acrílica blanca 1 galón,Pinturas,2,385.0,770.0
EV-000579,2026-02-19 10:18:00,92e71d63-18a8-434d-843c-bf74be57070f,HER-002,Cinta métrica 5 m,Herramientas,2,78.0,156.0
EV-000580,2026-02-19 10:42:00,ccc1fa5f-09b9-486c-8a74-3dfa0298911a,CEM-001,Cemento gris 42.5 kg,Construcción,1,245.0,245.0
EV-000581,2026-02-19 10:53:00,ccc1fa5f-09b9-486c-8a74-3dfa0298911a,CEM-001,Cemento gris 42.5 kg,Construcción,1,245.0,245.0
EV-000582,2026-02-19 11:29:00,92e71d63-18a8-434d-843c-bf74be57070f,HER-002,Cinta métrica 5 m,Herramientas,2,78.0,156.0
EV-000583,2026-02-19 12:14:00,0952bcea-dcc1-484d-b422-b1a41871f4be,CER-001,Candado de bronce 40 mm,Cerrajería,2,145.0,290.0
EV-000584,2026-02-19 12:42:00,92e71d63-18a8-434d-843c-bf74be57070f,HER-002,Cinta métrica 5 m,Herramientas,1,78.0,78.0
EV-000585,2026-02-19 12:43:00,92e71d63-18a8-434d-843c-bf74be57070f,HER-002,Cinta métrica 5 m,Herramientas,1,78.0,78.0
EV-000586,2026-02-19 14:44:00,0952bcea-dcc1-484d-b422-b1a41871f4be,CER-001,Candado de bronce 40 mm,Cerrajería,2,145.0,290.0
EV-000587,2026-02-19 16:15:00,9acb88c2-673a-4ca9-b665-b129976958bd,HER-001,Martillo de uña 16 oz,Herramientas,1,185.0,185.0
EV-000588,2026-02-20 07:05:00,e6d66d11-b7e0-4153-81fa-62a11cef4515,PLO-001,"Tubo PVC 1/2"" x 6 m",Plomería,1,96.0,96.0
EV-000589,2026-02-20 07:13:00,0b4327ce-a267-40d8-bc6b-74ab7d775d30,TOR-001,"Tornillo para madera 1"" (caja 100 u)",Tornillería,1,42.0,42.0
EV-000590,2026-02-20 08:28:00,765694c8-9734-462c-a35f-797118e2e09e,PIN-001,Pintura acrílica blanca 1 galón,Pinturas,1,385.0,385.0
EV-000591,2026-02-20 09:59:00,e6d66d11-b7e0-4153-81fa-62a11cef4515,PLO-001,"Tubo PVC 1/2"" x 6 m",Plomería,2,96.0,192.0
EV-000592,2026-02-20 10:06:00,0b4327ce-a267-40d8-bc6b-74ab7d775d30,TOR-001,"Tornillo para madera 1"" (caja 100 u)",Tornillería,2,42.0,84.0
EV-000593,2026-02-20 10:10:00,ccc1fa5f-09b9-486c-8a74-3dfa0298911a,CEM-001,Cemento gris 42.5 kg,Construcción,4,245.0,980.0
EV-000594,2026-02-20 10:40:00,92e71d63-18a8-434d-843c-bf74be57070f,HER-002,Cinta métrica 5 m,Herramientas,1,78.0,78.0
EV-000595,2026-02-20 12:08:00,9acb88c2-673a-4ca9-b665-b129976958bd,HER-001,Martillo de uña 16 oz,Herramientas,2,185.0,370.0
EV-000596,2026-02-20 12:10:00,0b4327ce-a267-40d8-bc6b-74ab7d775d30,TOR-001,"Tornillo para madera 1"" (caja 100 u)",Tornillería,1,42.0,42.0
EV-000597,2026-02-20 12:37:00,126b5449-9df4-496e-a1b9-f527a5ea0c0a,CER-023,Candado de bronce 40 mm,Cerrajería,2,120.0,240.0
EV-000598,2026-02-20 13:19:00,e6d66d11-b7e0-4153-81fa-62a11cef4515,PLO-001,"Tubo PVC 1/2"" x 6 m",Plomería,1,96.0,96.0
EV-000599,2026-02-20 13:56:00,e6d66d11-b7e0-4153-81fa-62a11cef4515,PLO-001,"Tubo PVC 1/2"" x 6 m",Plomería,2,96.0,192.0
EV-000600,2026-02-20 13:59:00,765694c8-9734-462c-a35f-797118e2e09e,PIN-001,Pintura acrílica blanca 1 galón,Pinturas,2,385.0,770.0
EV-000601,2026-02-20 14:20:00,e6d66d11-b7e0-4153-81fa-62a11cef4515,PLO-001,"Tubo PVC 1/2"" x 6 m",Plomería,5,96.0,480.0
EV-000602,2026-02-20 15:02:00,0b4327ce-a267-40d8-bc6b-74ab7d775d30,TOR-001,"Tornillo para madera 1"" (caja 100 u)",Tornillería,2,42.0,84.0
EV-000603,2026-02-20 16:59:00,e6d66d11-b7e0-4153-81fa-62a11cef4515,PLO-001,"Tubo PVC 1/2"" x 6 m",Plomería,1,96.0,96.0
EV-000604,2026-02-21 07:00:00,ccc1fa5f-09b9-486c-8a74-3dfa0298911a,CEM-001,Cemento gris 42.5 kg,Construcción,2,245.0,490.0
EV-000605,2026-02-21 07:00:00,e6d66d11-b7e0-4153-81fa-62a11cef4515,PLO-001,"Tubo PVC 1/2"" x 6 m",Plomería,1,96.0,96.0
EV-000606,2026-02-21 08:04:00,126b5449-9df4-496e-a1b9-f527a5ea0c0a,CER-023,Candado de bronce 40 mm,Cerrajería,1,120.0,120.0
EV-000607,2026-02-21 08:53:00,92e71d63-18a8-434d-843c-bf74be57070f,HER-002,Cinta métrica 5 m,Herramientas,1,78.0,78.0
EV-000608,2026-02-21 09:23:00,ccc1fa5f-09b9-486c-8a74-3dfa0298911a,CEM-001,Cemento gris 42.5 kg,Construcción,2,245.0,490.0
EV-000609,2026-02-21 09:31:00,765694c8-9734-462c-a35f-797118e2e09e,PIN-001,Pintura acrílica blanca 1 galón,Pinturas,2,385.0,770.0
EV-000610,2026-02-21 09:44:00,765694c8-9734-462c-a35f-797118e2e09e,PIN-001,Pintura acrílica blanca 1 galón,Pinturas,2,385.0,770.0
EV-000611,2026-02-21 10:11:00,92e71d63-18a8-434d-843c-bf74be57070f,HER-002,Cinta métrica 5 m,Herramientas,1,78.0,78.0
EV-000612,2026-02-21 11:21:00,0b4327ce-a267-40d8-bc6b-74ab7d775d30,TOR-001,"Tornillo para madera 1"" (caja 100 u)",Tornillería,2,42.0,84.0
EV-000613,2026-02-21 11:37:00,ccc1fa5f-09b9-486c-8a74-3dfa0298911a,CEM-001,Cemento gris 42.5 kg,Construcción,1,245.0,245.0
EV-000614,2026-02-21 12:26:00,ccc1fa5f-09b9-486c-8a74-3dfa0298911a,CEM-001,Cemento gris 42.5 kg,Construcción,4,245.0,980.0
EV-000615,2026-02-21 12:39:00,92e71d63-18a8-434d-843c-bf74be57070f,HER-002,Cinta métrica 5 m,Herramientas,1,78.0,78.0
EV-000616,2026-02-21 12:39:00,765694c8-9734-462c-a35f-797118e2e09e,PIN-001,Pintura acrílica blanca 1 galón,Pinturas,1,385.0,385.0
EV-000617,2026-02-21 13:17:00,92e71d63-18a8-434d-843c-bf74be57070f,HER-002,Cinta métrica 5 m,Herramientas,1,78.0,78.0
EV-000618,2026-02-21 13:36:00,765694c8-9734-462c-a35f-797118e2e09e,PIN-001,Pintura acrílica blanca 1 galón,Pinturas,1,385.0,385.0
EV-000619,2026-02-21 13:50:00,0b4327ce-a267-40d8-bc6b-74ab7d775d30,TOR-001,"Tornillo para madera 1"" (caja 100 u)",Tornillería,3,42.0,126.0
EV-000620,2026-02-21 13:53:00,765694c8-9734-462c-a35f-797118e2e09e,PIN-001,Pintura acrílica blanca 1 galón,Pinturas,1,385.0,385.0
EV-000621,2026-02-21 14:56:00,765694c8-9734-462c-a35f-797118e2e09e,PIN-001,Pintura acrílica blanca 1 galón,Pinturas,1,385.0,385.0
EV-000622,2026-02-23 08:32:00,92e71d63-18a8-434d-843c-bf74be57070f,HER-002,Cinta métrica 5 m,Herramientas,2,78.0,156.0
EV-000623,2026-02-23 08:46:00,9acb88c2-673a-4ca9-b665-b129976958bd,HER-001,Martillo de uña 16 oz,Herramientas,1,185.0,185.0
EV-000624,2026-02-23 09:26:00,0b4327ce-a267-40d8-bc6b-74ab7d775d30,TOR-001,"Tornillo para madera 1"" (caja 100 u)",Tornillería,4,42.0,168.0
EV-000625,2026-02-23 09:45:00,0952bcea-dcc1-484d-b422-b1a41871f4be,CER-001,Candado de bronce 40 mm,Cerrajería,1,145.0,145.0
EV-000626,2026-02-23 10:03:00,ccc1fa5f-09b9-486c-8a74-3dfa0298911a,CEM-001,Cemento gris 42.5 kg,Construcción,2,245.0,490.0
EV-000627,2026-02-23 10:25:00,ccc1fa5f-09b9-486c-8a74-3dfa0298911a,CEM-001,Cemento gris 42.5 kg,Construcción,2,245.0,490.0
EV-000628,2026-02-23 11:16:00,ccc1fa5f-09b9-486c-8a74-3dfa0298911a,CEM-001,Cemento gris 42.5 kg,Construcción,1,245.0,245.0
EV-000629,2026-02-23 12:22:00,e6d66d11-b7e0-4153-81fa-62a11cef4515,PLO-001,"Tubo PVC 1/2"" x 6 m",Plomería,1,96.0,96.0
EV-000630,2026-02-23 12:34:00,ccc1fa5f-09b9-486c-8a74-3dfa0298911a,CEM-001,Cemento gris 42.5 kg,Construcción,2,245.0,490.0
EV-000631,2026-02-23 13:17:00,ccc1fa5f-09b9-486c-8a74-3dfa0298911a,CEM-001,Cemento gris 42.5 kg,Construcción,4,245.0,980.0
EV-000632,2026-02-23 13:44:00,30cf2d34-7ddc-45a8-9eac-4a9fc4cfa3f5,ELE-001,Cable THHN #12 (rollo 100 m),Eléctrico,1,1150.0,1150.0
EV-000633,2026-02-23 13:51:00,ccc1fa5f-09b9-486c-8a74-3dfa0298911a,CEM-001,Cemento gris 42.5 kg,Construcción,3,245.0,735.0
EV-000634,2026-02-23 14:14:00,9acb88c2-673a-4ca9-b665-b129976958bd,HER-001,Martillo de uña 16 oz,Herramientas,1,185.0,185.0
EV-000635,2026-02-24 08:12:00,0b4327ce-a267-40d8-bc6b-74ab7d775d30,TOR-001,"Tornillo para madera 1"" (caja 100 u)",Tornillería,1,42.0,42.0
EV-000636,2026-02-24 08:20:00,92e71d63-18a8-434d-843c-bf74be57070f,HER-002,Cinta métrica 5 m,Herramientas,1,78.0,78.0
EV-000637,2026-02-24 08:28:00,9acb88c2-673a-4ca9-b665-b129976958bd,HER-001,Martillo de uña 16 oz,Herramientas,2,185.0,370.0
EV-000638,2026-02-24 10:07:00,e6d66d11-b7e0-4153-81fa-62a11cef4515,PLO-001,"Tubo PVC 1/2"" x 6 m",Plomería,1,96.0,96.0
EV-000639,2026-02-24 10:23:00,0b4327ce-a267-40d8-bc6b-74ab7d775d30,TOR-001,"Tornillo para madera 1"" (caja 100 u)",Tornillería,1,42.0,42.0
EV-000640,2026-02-24 11:37:00,0952bcea-dcc1-484d-b422-b1a41871f4be,CER-001,Candado de bronce 40 mm,Cerrajería,1,145.0,145.0
EV-000641,2026-02-24 11:43:00,ccc1fa5f-09b9-486c-8a74-3dfa0298911a,CEM-001,Cemento gris 42.5 kg,Construcción,5,245.0,1225.0
EV-000642,2026-02-24 11:48:00,ccc1fa5f-09b9-486c-8a74-3dfa0298911a,CEM-001,Cemento gris 42.5 kg,Construcción,5,245.0,1225.0
EV-000643,2026-02-24 12:27:00,0b4327ce-a267-40d8-bc6b-74ab7d775d30,TOR-001,"Tornillo para madera 1"" (caja 100 u)",Tornillería,1,42.0,42.0
EV-000644,2026-02-24 12:42:00,126b5449-9df4-496e-a1b9-f527a5ea0c0a,CER-023,Candado de bronce 40 mm,Cerrajería,1,120.0,120.0
EV-000645,2026-02-24 12:45:00,92e71d63-18a8-434d-843c-bf74be57070f,HER-002,Cinta métrica 5 m,Herramientas,1,78.0,78.0
EV-000646,2026-02-24 12:45:00,e6d66d11-b7e0-4153-81fa-62a11cef4515,PLO-001,"Tubo PVC 1/2"" x 6 m",Plomería,2,96.0,192.0
EV-000647,2026-02-24 13:18:00,ccc1fa5f-09b9-486c-8a74-3dfa0298911a,CEM-001,Cemento gris 42.5 kg,Construcción,3,245.0,735.0
EV-000648,2026-02-24 13:22:00,ccc1fa5f-09b9-486c-8a74-3dfa0298911a,CEM-001,Cemento gris 42.5 kg,Construcción,1,245.0,245.0
EV-000649,2026-02-24 13:34:00,126b5449-9df4-496e-a1b9-f527a5ea0c0a,CER-023,Candado de bronce 40 mm,Cerrajería,1,120.0,120.0
EV-000650,2026-02-24 13:39:00,e6d66d11-b7e0-4153-81fa-62a11cef4515,PLO-001,"Tubo PVC 1/2"" x 6 m",Plomería,1,96.0,96.0
EV-000651,2026-02-24 14:57:00,e6d66d11-b7e0-4153-81fa-62a11cef4515,PLO-001,"Tubo PVC 1/2"" x 6 m",Plomería,3,96.0,288.0
EV-000652,2026-02-24 15:45:00,0b4327ce-a267-40d8-bc6b-74ab7d775d30,TOR-001,"Tornillo para madera 1"" (caja 100 u)",Tornillería,2,42.0,84.0
EV-000653,2026-02-25 07:20:00,ccc1fa5f-09b9-486c-8a74-3dfa0298911a,CEM-001,Cemento gris 42.5 kg,Construcción,5,245.0,1225.0
EV-000654,2026-02-25 08:20:00,765694c8-9734-462c-a35f-797118e2e09e,PIN-001,Pintura acrílica blanca 1 galón,Pinturas,2,385.0,770.0
EV-000655,2026-02-25 08:35:00,0b4327ce-a267-40d8-bc6b-74ab7d775d30,TOR-001,"Tornillo para madera 1"" (caja 100 u)",Tornillería,3,42.0,126.0
EV-000656,2026-02-25 09:38:00,ccc1fa5f-09b9-486c-8a74-3dfa0298911a,CEM-001,Cemento gris 42.5 kg,Construcción,6,245.0,1470.0
EV-000657,2026-02-25 11:09:00,e6d66d11-b7e0-4153-81fa-62a11cef4515,PLO-001,"Tubo PVC 1/2"" x 6 m",Plomería,2,96.0,192.0
EV-000658,2026-02-25 11:30:00,0b4327ce-a267-40d8-bc6b-74ab7d775d30,TOR-001,"Tornillo para madera 1"" (caja 100 u)",Tornillería,1,42.0,42.0
EV-000659,2026-02-25 11:43:00,0b4327ce-a267-40d8-bc6b-74ab7d775d30,TOR-001,"Tornillo para madera 1"" (caja 100 u)",Tornillería,3,42.0,126.0
EV-000660,2026-02-25 12:07:00,9acb88c2-673a-4ca9-b665-b129976958bd,HER-001,Martillo de uña 16 oz,Herramientas,1,185.0,185.0
EV-000661,2026-02-25 12:38:00,126b5449-9df4-496e-a1b9-f527a5ea0c0a,CER-023,Candado de bronce 40 mm,Cerrajería,1,120.0,120.0
EV-000662,2026-02-25 12:41:00,e6d66d11-b7e0-4153-81fa-62a11cef4515,PLO-001,"Tubo PVC 1/2"" x 6 m",Plomería,2,96.0,192.0
EV-000663,2026-02-25 15:03:00,ccc1fa5f-09b9-486c-8a74-3dfa0298911a,CEM-001,Cemento gris 42.5 kg,Construcción,1,245.0,245.0
EV-000664,2026-02-26 07:00:00,e6d66d11-b7e0-4153-81fa-62a11cef4515,PLO-001,"Tubo PVC 1/2"" x 6 m",Plomería,1,96.0,96.0
EV-000665,2026-02-26 08:43:00,0b4327ce-a267-40d8-bc6b-74ab7d775d30,TOR-001,"Tornillo para madera 1"" (caja 100 u)",Tornillería,3,42.0,126.0
EV-000666,2026-02-26 09:02:00,e6d66d11-b7e0-4153-81fa-62a11cef4515,PLO-001,"Tubo PVC 1/2"" x 6 m",Plomería,1,96.0,96.0
EV-000667,2026-02-26 09:19:00,765694c8-9734-462c-a35f-797118e2e09e,PIN-001,Pintura acrílica blanca 1 galón,Pinturas,2,385.0,770.0
EV-000668,2026-02-26 09:51:00,ccc1fa5f-09b9-486c-8a74-3dfa0298911a,CEM-001,Cemento gris 42.5 kg,Construcción,3,245.0,735.0
EV-000669,2026-02-26 10:19:00,ccc1fa5f-09b9-486c-8a74-3dfa0298911a,CEM-001,Cemento gris 42.5 kg,Construcción,1,245.0,245.0
EV-000670,2026-02-26 10:51:00,ccc1fa5f-09b9-486c-8a74-3dfa0298911a,CEM-001,Cemento gris 42.5 kg,Construcción,1,245.0,245.0
EV-000671,2026-02-26 10:58:00,9acb88c2-673a-4ca9-b665-b129976958bd,HER-001,Martillo de uña 16 oz,Herramientas,1,185.0,185.0
EV-000672,2026-02-26 11:32:00,0b4327ce-a267-40d8-bc6b-74ab7d775d30,TOR-001,"Tornillo para madera 1"" (caja 100 u)",Tornillería,3,42.0,126.0
EV-000673,2026-02-26 11:35:00,e6d66d11-b7e0-4153-81fa-62a11cef4515,PLO-001,"Tubo PVC 1/2"" x 6 m",Plomería,2,96.0,192.0
EV-000674,2026-02-26 13:11:00,92e71d63-18a8-434d-843c-bf74be57070f,HER-002,Cinta métrica 5 m,Herramientas,1,78.0,78.0
EV-000675,2026-02-26 13:16:00,ccc1fa5f-09b9-486c-8a74-3dfa0298911a,CEM-001,Cemento gris 42.5 kg,Construcción,5,245.0,1225.0
EV-000676,2026-02-26 15:13:00,92e71d63-18a8-434d-843c-bf74be57070f,HER-002,Cinta métrica 5 m,Herramientas,1,78.0,78.0
EV-000677,2026-02-27 07:00:00,9acb88c2-673a-4ca9-b665-b129976958bd,HER-001,Martillo de uña 16 oz,Herramientas,1,185.0,185.0
EV-000678,2026-02-27 07:00:00,92e71d63-18a8-434d-843c-bf74be57070f,HER-002,Cinta métrica 5 m,Herramientas,1,78.0,78.0
EV-000679,2026-02-27 09:39:00,ccc1fa5f-09b9-486c-8a74-3dfa0298911a,CEM-001,Cemento gris 42.5 kg,Construcción,5,245.0,1225.0
EV-000680,2026-02-27 10:12:00,30cf2d34-7ddc-45a8-9eac-4a9fc4cfa3f5,ELE-001,Cable THHN #12 (rollo 100 m),Eléctrico,1,1150.0,1150.0
EV-000681,2026-02-27 10:17:00,0b4327ce-a267-40d8-bc6b-74ab7d775d30,TOR-001,"Tornillo para madera 1"" (caja 100 u)",Tornillería,3,42.0,126.0
EV-000682,2026-02-27 10:25:00,92e71d63-18a8-434d-843c-bf74be57070f,HER-002,Cinta métrica 5 m,Herramientas,1,78.0,78.0
EV-000683,2026-02-27 11:39:00,0b4327ce-a267-40d8-bc6b-74ab7d775d30,TOR-001,"Tornillo para madera 1"" (caja 100 u)",Tornillería,2,42.0,84.0
EV-000684,2026-02-27 11:54:00,0b4327ce-a267-40d8-bc6b-74ab7d775d30,TOR-001,"Tornillo para madera 1"" (caja 100 u)",Tornillería,1,42.0,42.0
EV-000685,2026-02-27 11:59:00,ccc1fa5f-09b9-486c-8a74-3dfa0298911a,CEM-001,Cemento gris 42.5 kg,Construcción,4,245.0,980.0
EV-000686,2026-02-27 12:03:00,e6d66d11-b7e0-4153-81fa-62a11cef4515,PLO-001,"Tubo PVC 1/2"" x 6 m",Plomería,3,96.0,288.0
EV-000687,2026-02-27 12:23:00,ccc1fa5f-09b9-486c-8a74-3dfa0298911a,CEM-001,Cemento gris 42.5 kg,Construcción,2,245.0,490.0
EV-000688,2026-02-27 12:33:00,0b4327ce-a267-40d8-bc6b-74ab7d775d30,TOR-001,"Tornillo para madera 1"" (caja 100 u)",Tornillería,2,42.0,84.0
EV-000689,2026-02-27 13:27:00,92e71d63-18a8-434d-843c-bf74be57070f,HER-002,Cinta métrica 5 m,Herramientas,1,78.0,78.0
EV-000690,2026-02-28 07:25:00,e6d66d11-b7e0-4153-81fa-62a11cef4515,PLO-001,"Tubo PVC 1/2"" x 6 m",Plomería,1,96.0,96.0
EV-000691,2026-02-28 07:42:00,e6d66d11-b7e0-4153-81fa-62a11cef4515,PLO-001,"Tubo PVC 1/2"" x 6 m",Plomería,2,96.0,192.0
EV-000692,2026-02-28 08:28:00,0b4327ce-a267-40d8-bc6b-74ab7d775d30,TOR-001,"Tornillo para madera 1"" (caja 100 u)",Tornillería,1,42.0,42.0
EV-000693,2026-02-28 09:14:00,126b5449-9df4-496e-a1b9-f527a5ea0c0a,CER-023,Candado de bronce 40 mm,Cerrajería,1,120.0,120.0
EV-000694,2026-02-28 09:38:00,765694c8-9734-462c-a35f-797118e2e09e,PIN-001,Pintura acrílica blanca 1 galón,Pinturas,1,385.0,385.0
EV-000695,2026-02-28 10:43:00,92e71d63-18a8-434d-843c-bf74be57070f,HER-002,Cinta métrica 5 m,Herramientas,2,78.0,156.0
EV-000696,2026-02-28 10:54:00,ccc1fa5f-09b9-486c-8a74-3dfa0298911a,CEM-001,Cemento gris 42.5 kg,Construcción,1,245.0,245.0
EV-000697,2026-02-28 10:59:00,e6d66d11-b7e0-4153-81fa-62a11cef4515,PLO-001,"Tubo PVC 1/2"" x 6 m",Plomería,4,96.0,384.0
EV-000698,2026-02-28 11:15:00,126b5449-9df4-496e-a1b9-f527a5ea0c0a,CER-023,Candado de bronce 40 mm,Cerrajería,1,120.0,120.0
EV-000699,2026-02-28 11:16:00,0b4327ce-a267-40d8-bc6b-74ab7d775d30,TOR-001,"Tornillo para madera 1"" (caja 100 u)",Tornillería,3,42.0,126.0
EV-000700,2026-02-28 11:38:00,ccc1fa5f-09b9-486c-8a74-3dfa0298911a,CEM-001,Cemento gris 42.5 kg,Construcción,1,245.0,245.0
EV-000701,2026-02-28 11:57:00,ccc1fa5f-09b9-486c-8a74-3dfa0298911a,CEM-001,Cemento gris 42.5 kg,Construcción,6,245.0,1470.0
EV-000702,2026-02-28 11:59:00,0b4327ce-a267-40d8-bc6b-74ab7d775d30,TOR-001,"Tornillo para madera 1"" (caja 100 u)",Tornillería,3,42.0,126.0
EV-000703,2026-02-28 12:24:00,9acb88c2-673a-4ca9-b665-b129976958bd,HER-001,Martillo de uña 16 oz,Herramientas,1,185.0,185.0
EV-000704,2026-02-28 12:28:00,e6d66d11-b7e0-4153-81fa-62a11cef4515,PLO-001,"Tubo PVC 1/2"" x 6 m",Plomería,1,96.0,96.0
EV-000705,2026-02-28 12:37:00,ccc1fa5f-09b9-486c-8a74-3dfa0298911a,CEM-001,Cemento gris 42.5 kg,Construcción,6,245.0,1470.0
EV-000706,2026-02-28 12:49:00,9acb88c2-673a-4ca9-b665-b129976958bd,HER-001,Martillo de uña 16 oz,Herramientas,1,185.0,185.0
EV-000707,2026-02-28 13:36:00,9acb88c2-673a-4ca9-b665-b129976958bd,HER-001,Martillo de uña 16 oz,Herramientas,1,185.0,185.0
EV-000708,2026-02-28 13:47:00,9acb88c2-673a-4ca9-b665-b129976958bd,HER-001,Martillo de uña 16 oz,Herramientas,2,185.0,370.0
EV-000709,2026-03-02 07:00:00,126b5449-9df4-496e-a1b9-f527a5ea0c0a,CER-023,Candado de bronce 40 mm,Cerrajería,2,120.0,240.0
EV-000710,2026-03-02 08:28:00,e6d66d11-b7e0-4153-81fa-62a11cef4515,PLO-001,"Tubo PVC 1/2"" x 6 m",Plomería,1,96.0,96.0
EV-000711,2026-03-02 10:00:00,30cf2d34-7ddc-45a8-9eac-4a9fc4cfa3f5,ELE-001,Cable THHN #12 (rollo 100 m),Eléctrico,1,1150.0,1150.0
EV-000712,2026-03-02 10:17:00,92e71d63-18a8-434d-843c-bf74be57070f,HER-002,Cinta métrica 5 m,Herramientas,1,78.0,78.0
EV-000713,2026-03-02 10:30:00,765694c8-9734-462c-a35f-797118e2e09e,PIN-001,Pintura acrílica blanca 1 galón,Pinturas,1,385.0,385.0
EV-000714,2026-03-02 10:32:00,0952bcea-dcc1-484d-b422-b1a41871f4be,CER-001,Candado de bronce 40 mm,Cerrajería,1,145.0,145.0
EV-000715,2026-03-02 10:52:00,92e71d63-18a8-434d-843c-bf74be57070f,HER-002,Cinta métrica 5 m,Herramientas,2,78.0,156.0
EV-000716,2026-03-02 11:42:00,0b4327ce-a267-40d8-bc6b-74ab7d775d30,TOR-001,"Tornillo para madera 1"" (caja 100 u)",Tornillería,1,42.0,42.0
EV-000717,2026-03-02 11:44:00,30cf2d34-7ddc-45a8-9eac-4a9fc4cfa3f5,ELE-001,Cable THHN #12 (rollo 100 m),Eléctrico,1,1150.0,1150.0
EV-000718,2026-03-02 11:48:00,92e71d63-18a8-434d-843c-bf74be57070f,HER-002,Cinta métrica 5 m,Herramientas,1,78.0,78.0
EV-000719,2026-03-02 11:49:00,765694c8-9734-462c-a35f-797118e2e09e,PIN-001,Pintura acrílica blanca 1 galón,Pinturas,3,385.0,1155.0
EV-000720,2026-03-02 11:59:00,ccc1fa5f-09b9-486c-8a74-3dfa0298911a,CEM-001,Cemento gris 42.5 kg,Construcción,3,245.0,735.0
EV-000720,2026-03-02 11:59:00,ccc1fa5f-09b9-486c-8a74-3dfa0298911a,CEM-001,Cemento gris 42.5 kg,Construcción,3,245.0,735.0
EV-000721,2026-03-02 12:46:00,ccc1fa5f-09b9-486c-8a74-3dfa0298911a,CEM-001,Cemento gris 42.5 kg,Construcción,2,245.0,490.0
EV-000722,2026-03-02 12:51:00,9acb88c2-673a-4ca9-b665-b129976958bd,HER-001,Martillo de uña 16 oz,Herramientas,1,185.0,185.0
EV-000723,2026-03-02 12:56:00,9acb88c2-673a-4ca9-b665-b129976958bd,HER-001,Martillo de uña 16 oz,Herramientas,1,185.0,185.0
EV-000724,2026-03-02 13:07:00,0b4327ce-a267-40d8-bc6b-74ab7d775d30,TOR-001,"Tornillo para madera 1"" (caja 100 u)",Tornillería,1,42.0,42.0
EV-000725,2026-03-02 13:16:00,ccc1fa5f-09b9-486c-8a74-3dfa0298911a,CEM-001,Cemento gris 42.5 kg,Construcción,2,245.0,490.0
EV-000726,2026-03-02 13:26:00,0b4327ce-a267-40d8-bc6b-74ab7d775d30,TOR-001,"Tornillo para madera 1"" (caja 100 u)",Tornillería,3,42.0,126.0
EV-000727,2026-03-03 08:42:00,0952bcea-dcc1-484d-b422-b1a41871f4be,CER-001,Candado de bronce 40 mm,Cerrajería,1,145.0,145.0
EV-000728,2026-03-03 09:38:00,ccc1fa5f-09b9-486c-8a74-3dfa0298911a,CEM-001,Cemento gris 42.5 kg,Construcción,2,245.0,490.0
EV-000729,2026-03-03 09:49:00,0952bcea-dcc1-484d-b422-b1a41871f4be,CER-001,Candado de bronce 40 mm,Cerrajería,1,145.0,145.0
EV-000730,2026-03-03 09:59:00,e6d66d11-b7e0-4153-81fa-62a11cef4515,PLO-001,"Tubo PVC 1/2"" x 6 m",Plomería,3,96.0,288.0
EV-000731,2026-03-03 10:14:00,92e71d63-18a8-434d-843c-bf74be57070f,HER-002,Cinta métrica 5 m,Herramientas,1,78.0,78.0
EV-000732,2026-03-03 12:40:00,0b4327ce-a267-40d8-bc6b-74ab7d775d30,TOR-001,"Tornillo para madera 1"" (caja 100 u)",Tornillería,3,42.0,126.0
EV-000733,2026-03-04 07:36:00,9acb88c2-673a-4ca9-b665-b129976958bd,HER-001,Martillo de uña 16 oz,Herramientas,1,185.0,185.0
EV-000734,2026-03-04 08:14:00,0952bcea-dcc1-484d-b422-b1a41871f4be,CER-001,Candado de bronce 40 mm,Cerrajería,1,145.0,145.0
EV-000735,2026-03-04 08:18:00,765694c8-9734-462c-a35f-797118e2e09e,PIN-001,Pintura acrílica blanca 1 galón,Pinturas,1,385.0,385.0
EV-000736,2026-03-04 09:43:00,92e71d63-18a8-434d-843c-bf74be57070f,HER-002,Cinta métrica 5 m,Herramientas,2,78.0,156.0
EV-000737,2026-03-04 10:17:00,ccc1fa5f-09b9-486c-8a74-3dfa0298911a,CEM-001,Cemento gris 42.5 kg,Construcción,2,245.0,490.0
EV-000738,2026-03-04 10:57:00,0b4327ce-a267-40d8-bc6b-74ab7d775d30,TOR-001,"Tornillo para madera 1"" (caja 100 u)",Tornillería,1,42.0,42.0
EV-000739,2026-03-04 11:22:00,e6d66d11-b7e0-4153-81fa-62a11cef4515,PLO-001,"Tubo PVC 1/2"" x 6 m",Plomería,2,96.0,192.0
EV-000740,2026-03-04 11:56:00,ccc1fa5f-09b9-486c-8a74-3dfa0298911a,CEM-001,Cemento gris 42.5 kg,Construcción,4,245.0,980.0
EV-000741,2026-03-04 12:28:00,ccc1fa5f-09b9-486c-8a74-3dfa0298911a,CEM-001,Cemento gris 42.5 kg,Construcción,3,245.0,735.0
EV-000742,2026-03-04 13:12:00,126b5449-9df4-496e-a1b9-f527a5ea0c0a,CER-023,Candado de bronce 40 mm,Cerrajería,2,120.0,240.0
EV-000743,2026-03-04 13:57:00,ccc1fa5f-09b9-486c-8a74-3dfa0298911a,CEM-001,Cemento gris 42.5 kg,Construcción,2,245.0,490.0
EV-000744,2026-03-04 16:22:00,9acb88c2-673a-4ca9-b665-b129976958bd,HER-001,Martillo de uña 16 oz,Herramientas,2,185.0,370.0
EV-000745,2026-03-04 16:34:00,ccc1fa5f-09b9-486c-8a74-3dfa0298911a,CEM-001,Cemento gris 42.5 kg,Construcción,3,245.0,735.0
EV-000746,2026-03-05 08:54:00,92e71d63-18a8-434d-843c-bf74be57070f,HER-002,Cinta métrica 5 m,Herramientas,1,78.0,78.0
EV-000747,2026-03-05 09:29:00,765694c8-9734-462c-a35f-797118e2e09e,PIN-001,Pintura acrílica blanca 1 galón,Pinturas,1,385.0,385.0
EV-000748,2026-03-05 10:37:00,ccc1fa5f-09b9-486c-8a74-3dfa0298911a,CEM-001,Cemento gris 42.5 kg,Construcción,2,245.0,490.0
EV-000749,2026-03-05 12:24:00,30cf2d34-7ddc-45a8-9eac-4a9fc4cfa3f5,ELE-001,Cable THHN #12 (rollo 100 m),Eléctrico,1,1150.0,1150.0
EV-000749,2026-03-05 12:24:00,30cf2d34-7ddc-45a8-9eac-4a9fc4cfa3f5,ELE-001,Cable THHN #12 (rollo 100 m),Eléctrico,1,1150.0,1150.0
EV-000750,2026-03-05 13:00:00,92e71d63-18a8-434d-843c-bf74be57070f,HER-002,Cinta métrica 5 m,Herramientas,2,78.0,156.0
EV-000751,2026-03-05 13:23:00,e6d66d11-b7e0-4153-81fa-62a11cef4515,PLO-001,"Tubo PVC 1/2"" x 6 m",Plomería,3,96.0,288.0
EV-000752,2026-03-05 13:30:00,126b5449-9df4-496e-a1b9-f527a5ea0c0a,CER-023,Candado de bronce 40 mm,Cerrajería,2,120.0,240.0
EV-000753,2026-03-05 14:01:00,92e71d63-18a8-434d-843c-bf74be57070f,HER-002,Cinta métrica 5 m,Herramientas,1,78.0,78.0
EV-000754,2026-03-05 14:48:00,0b4327ce-a267-40d8-bc6b-74ab7d775d30,TOR-001,"Tornillo para madera 1"" (caja 100 u)",Tornillería,2,42.0,84.0
EV-000755,2026-03-05 16:52:00,ccc1fa5f-09b9-486c-8a74-3dfa0298911a,CEM-001,Cemento gris 42.5 kg,Construcción,6,245.0,1470.0
EV-000756,2026-03-06 07:14:00,e6d66d11-b7e0-4153-81fa-62a11cef4515,PLO-001,"Tubo PVC 1/2"" x 6 m",Plomería,1,96.0,96.0
EV-000757,2026-03-06 09:45:00,e6d66d11-b7e0-4153-81fa-62a11cef4515,PLO-001,"Tubo PVC 1/2"" x 6 m",Plomería,5,96.0,480.0
EV-000758,2026-03-06 09:47:00,9acb88c2-673a-4ca9-b665-b129976958bd,HER-001,Martillo de uña 16 oz,Herramientas,1,185.0,185.0
EV-000759,2026-03-06 10:41:00,ccc1fa5f-09b9-486c-8a74-3dfa0298911a,CEM-001,Cemento gris 42.5 kg,Construcción,3,245.0,735.0
EV-000760,2026-03-06 11:16:00,e6d66d11-b7e0-4153-81fa-62a11cef4515,PLO-001,"Tubo PVC 1/2"" x 6 m",Plomería,1,96.0,96.0
EV-000761,2026-03-06 11:53:00,9acb88c2-673a-4ca9-b665-b129976958bd,HER-001,Martillo de uña 16 oz,Herramientas,1,185.0,185.0
EV-000762,2026-03-06 12:04:00,ccc1fa5f-09b9-486c-8a74-3dfa0298911a,CEM-001,Cemento gris 42.5 kg,Construcción,6,245.0,1470.0
EV-000763,2026-03-06 12:14:00,ccc1fa5f-09b9-486c-8a74-3dfa0298911a,CEM-001,Cemento gris 42.5 kg,Construcción,4,245.0,980.0
EV-000764,2026-03-06 13:16:00,0b4327ce-a267-40d8-bc6b-74ab7d775d30,TOR-001,"Tornillo para madera 1"" (caja 100 u)",Tornillería,3,42.0,126.0
EV-000765,2026-03-06 13:26:00,ccc1fa5f-09b9-486c-8a74-3dfa0298911a,CEM-001,Cemento gris 42.5 kg,Construcción,4,245.0,980.0
EV-000766,2026-03-06 14:02:00,126b5449-9df4-496e-a1b9-f527a5ea0c0a,CER-023,Candado de bronce 40 mm,Cerrajería,1,120.0,120.0
EV-000767,2026-03-07 08:40:00,0b4327ce-a267-40d8-bc6b-74ab7d775d30,TOR-001,"Tornillo para madera 1"" (caja 100 u)",Tornillería,3,42.0,126.0
EV-000768,2026-03-07 08:58:00,9acb88c2-673a-4ca9-b665-b129976958bd,HER-001,Martillo de uña 16 oz,Herramientas,2,185.0,370.0
EV-000769,2026-03-07 09:04:00,0952bcea-dcc1-484d-b422-b1a41871f4be,CER-001,Candado de bronce 40 mm,Cerrajería,1,145.0,145.0
EV-000770,2026-03-07 09:04:00,e6d66d11-b7e0-4153-81fa-62a11cef4515,PLO-001,"Tubo PVC 1/2"" x 6 m",Plomería,3,96.0,288.0
EV-000771,2026-03-07 09:19:00,ccc1fa5f-09b9-486c-8a74-3dfa0298911a,CEM-001,Cemento gris 42.5 kg,Construcción,2,245.0,490.0
EV-000772,2026-03-07 09:50:00,ccc1fa5f-09b9-486c-8a74-3dfa0298911a,CEM-001,Cemento gris 42.5 kg,Construcción,4,245.0,980.0
EV-000773,2026-03-07 09:54:00,ccc1fa5f-09b9-486c-8a74-3dfa0298911a,CEM-001,Cemento gris 42.5 kg,Construcción,2,245.0,490.0
EV-000774,2026-03-07 10:00:00,30cf2d34-7ddc-45a8-9eac-4a9fc4cfa3f5,ELE-001,Cable THHN #12 (rollo 100 m),Eléctrico,1,1150.0,1150.0
EV-000775,2026-03-07 10:39:00,ccc1fa5f-09b9-486c-8a74-3dfa0298911a,CEM-001,Cemento gris 42.5 kg,Construcción,6,245.0,1470.0
EV-000776,2026-03-07 10:57:00,9acb88c2-673a-4ca9-b665-b129976958bd,HER-001,Martillo de uña 16 oz,Herramientas,2,185.0,370.0
EV-000777,2026-03-07 11:12:00,0b4327ce-a267-40d8-bc6b-74ab7d775d30,TOR-001,"Tornillo para madera 1"" (caja 100 u)",Tornillería,1,42.0,42.0
EV-000778,2026-03-07 11:17:00,0b4327ce-a267-40d8-bc6b-74ab7d775d30,TOR-001,"Tornillo para madera 1"" (caja 100 u)",Tornillería,1,42.0,42.0
EV-000779,2026-03-07 11:29:00,92e71d63-18a8-434d-843c-bf74be57070f,HER-002,Cinta métrica 5 m,Herramientas,2,78.0,156.0
EV-000780,2026-03-07 11:39:00,e6d66d11-b7e0-4153-81fa-62a11cef4515,PLO-001,"Tubo PVC 1/2"" x 6 m",Plomería,2,96.0,192.0
EV-000781,2026-03-07 11:43:00,0b4327ce-a267-40d8-bc6b-74ab7d775d30,TOR-001,"Tornillo para madera 1"" (caja 100 u)",Tornillería,4,42.0,168.0
EV-000782,2026-03-07 11:47:00,ccc1fa5f-09b9-486c-8a74-3dfa0298911a,CEM-001,Cemento gris 42.5 kg,Construcción,4,245.0,980.0
EV-000783,2026-03-07 11:55:00,0b4327ce-a267-40d8-bc6b-74ab7d775d30,TOR-001,"Tornillo para madera 1"" (caja 100 u)",Tornillería,2,42.0,84.0
EV-000784,2026-03-07 12:01:00,765694c8-9734-462c-a35f-797118e2e09e,PIN-001,Pintura acrílica blanca 1 galón,Pinturas,2,385.0,770.0
EV-000785,2026-03-07 12:07:00,0b4327ce-a267-40d8-bc6b-74ab7d775d30,TOR-001,"Tornillo para madera 1"" (caja 100 u)",Tornillería,2,42.0,84.0
EV-000786,2026-03-07 12:24:00,ccc1fa5f-09b9-486c-8a74-3dfa0298911a,CEM-001,Cemento gris 42.5 kg,Construcción,2,245.0,490.0
EV-000787,2026-03-07 12:51:00,126b5449-9df4-496e-a1b9-f527a5ea0c0a,CER-023,Candado de bronce 40 mm,Cerrajería,1,120.0,120.0
EV-000788,2026-03-07 12:56:00,0952bcea-dcc1-484d-b422-b1a41871f4be,CER-001,Candado de bronce 40 mm,Cerrajería,1,145.0,145.0
EV-000789,2026-03-07 12:57:00,0b4327ce-a267-40d8-bc6b-74ab7d775d30,TOR-001,"Tornillo para madera 1"" (caja 100 u)",Tornillería,3,42.0,126.0
EV-000790,2026-03-07 13:00:00,0b4327ce-a267-40d8-bc6b-74ab7d775d30,TOR-001,"Tornillo para madera 1"" (caja 100 u)",Tornillería,1,42.0,42.0
EV-000791,2026-03-07 13:01:00,0b4327ce-a267-40d8-bc6b-74ab7d775d30,TOR-001,"Tornillo para madera 1"" (caja 100 u)",Tornillería,2,42.0,84.0
EV-000792,2026-03-07 13:18:00,0b4327ce-a267-40d8-bc6b-74ab7d775d30,TOR-001,"Tornillo para madera 1"" (caja 100 u)",Tornillería,4,42.0,168.0
EV-000793,2026-03-07 13:39:00,ccc1fa5f-09b9-486c-8a74-3dfa0298911a,CEM-001,Cemento gris 42.5 kg,Construcción,1,245.0,245.0
EV-000794,2026-03-07 13:51:00,9acb88c2-673a-4ca9-b665-b129976958bd,HER-001,Martillo de uña 16 oz,Herramientas,1,185.0,185.0
EV-000795,2026-03-07 14:13:00,0b4327ce-a267-40d8-bc6b-74ab7d775d30,TOR-001,"Tornillo para madera 1"" (caja 100 u)",Tornillería,1,42.0,42.0
EV-000796,2026-03-07 16:59:00,92e71d63-18a8-434d-843c-bf74be57070f,HER-002,Cinta métrica 5 m,Herramientas,2,78.0,156.0
EV-000797,2026-03-09 08:21:00,92e71d63-18a8-434d-843c-bf74be57070f,HER-002,Cinta métrica 5 m,Herramientas,1,78.0,78.0
EV-000798,2026-03-09 08:46:00,0b4327ce-a267-40d8-bc6b-74ab7d775d30,TOR-001,"Tornillo para madera 1"" (caja 100 u)",Tornillería,3,42.0,126.0
EV-000799,2026-03-09 09:08:00,9acb88c2-673a-4ca9-b665-b129976958bd,HER-001,Martillo de uña 16 oz,Herramientas,1,185.0,185.0
EV-000800,2026-03-09 09:19:00,ccc1fa5f-09b9-486c-8a74-3dfa0298911a,CEM-001,Cemento gris 42.5 kg,Construcción,3,245.0,735.0
EV-000801,2026-03-09 09:38:00,ccc1fa5f-09b9-486c-8a74-3dfa0298911a,CEM-001,Cemento gris 42.5 kg,Construcción,1,245.0,245.0
EV-000802,2026-03-09 09:47:00,ccc1fa5f-09b9-486c-8a74-3dfa0298911a,CEM-001,Cemento gris 42.5 kg,Construcción,3,245.0,735.0
EV-000803,2026-03-09 10:18:00,ccc1fa5f-09b9-486c-8a74-3dfa0298911a,CEM-001,Cemento gris 42.5 kg,Construcción,1,245.0,245.0
EV-000804,2026-03-09 10:22:00,e6d66d11-b7e0-4153-81fa-62a11cef4515,PLO-001,"Tubo PVC 1/2"" x 6 m",Plomería,3,96.0,288.0
EV-000805,2026-03-09 11:29:00,e6d66d11-b7e0-4153-81fa-62a11cef4515,PLO-001,"Tubo PVC 1/2"" x 6 m",Plomería,3,96.0,288.0
EV-000806,2026-03-09 12:00:00,ccc1fa5f-09b9-486c-8a74-3dfa0298911a,CEM-001,Cemento gris 42.5 kg,Construcción,1,245.0,245.0
EV-000807,2026-03-09 12:15:00,ccc1fa5f-09b9-486c-8a74-3dfa0298911a,CEM-001,Cemento gris 42.5 kg,Construcción,2,245.0,490.0
EV-000808,2026-03-09 12:28:00,92e71d63-18a8-434d-843c-bf74be57070f,HER-002,Cinta métrica 5 m,Herramientas,1,78.0,78.0
EV-000809,2026-03-09 12:52:00,ccc1fa5f-09b9-486c-8a74-3dfa0298911a,CEM-001,Cemento gris 42.5 kg,Construcción,2,245.0,490.0
EV-000810,2026-03-09 13:03:00,ccc1fa5f-09b9-486c-8a74-3dfa0298911a,CEM-001,Cemento gris 42.5 kg,Construcción,4,245.0,980.0
EV-000811,2026-03-09 13:10:00,92e71d63-18a8-434d-843c-bf74be57070f,HER-002,Cinta métrica 5 m,Herramientas,2,78.0,156.0
EV-000812,2026-03-09 14:29:00,ccc1fa5f-09b9-486c-8a74-3dfa0298911a,CEM-001,Cemento gris 42.5 kg,Construcción,6,245.0,1470.0
EV-000813,2026-03-10 07:44:00,0b4327ce-a267-40d8-bc6b-74ab7d775d30,TOR-001,"Tornillo para madera 1"" (caja 100 u)",Tornillería,2,42.0,84.0
EV-000814,2026-03-10 08:21:00,0952bcea-dcc1-484d-b422-b1a41871f4be,CER-001,Candado de bronce 40 mm,Cerrajería,1,145.0,145.0
EV-000815,2026-03-10 10:24:00,0b4327ce-a267-40d8-bc6b-74ab7d775d30,TOR-001,"Tornillo para madera 1"" (caja 100 u)",Tornillería,1,42.0,42.0
EV-000816,2026-03-10 12:08:00,0b4327ce-a267-40d8-bc6b-74ab7d775d30,TOR-001,"Tornillo para madera 1"" (caja 100 u)",Tornillería,3,42.0,126.0
EV-000817,2026-03-10 12:33:00,765694c8-9734-462c-a35f-797118e2e09e,PIN-001,Pintura acrílica blanca 1 galón,Pinturas,2,385.0,770.0
EV-000818,2026-03-10 12:53:00,ccc1fa5f-09b9-486c-8a74-3dfa0298911a,CEM-001,Cemento gris 42.5 kg,Construcción,2,245.0,490.0
EV-000819,2026-03-10 13:30:00,e6d66d11-b7e0-4153-81fa-62a11cef4515,PLO-001,"Tubo PVC 1/2"" x 6 m",Plomería,2,96.0,192.0
EV-000820,2026-03-10 14:21:00,e6d66d11-b7e0-4153-81fa-62a11cef4515,PLO-001,"Tubo PVC 1/2"" x 6 m",Plomería,4,96.0,384.0
EV-000821,2026-03-10 14:21:00,0b4327ce-a267-40d8-bc6b-74ab7d775d30,TOR-001,"Tornillo para madera 1"" (caja 100 u)",Tornillería,1,42.0,42.0
EV-000822,2026-03-10 14:22:00,ccc1fa5f-09b9-486c-8a74-3dfa0298911a,CEM-001,Cemento gris 42.5 kg,Construcción,2,245.0,490.0
EV-000823,2026-03-10 14:39:00,92e71d63-18a8-434d-843c-bf74be57070f,HER-002,Cinta métrica 5 m,Herramientas,1,78.0,78.0
EV-000824,2026-03-10 15:18:00,0b4327ce-a267-40d8-bc6b-74ab7d775d30,TOR-001,"Tornillo para madera 1"" (caja 100 u)",Tornillería,2,42.0,84.0
EV-000825,2026-03-10 15:37:00,0952bcea-dcc1-484d-b422-b1a41871f4be,CER-001,Candado de bronce 40 mm,Cerrajería,1,145.0,145.0
EV-000826,2026-03-11 08:38:00,0b4327ce-a267-40d8-bc6b-74ab7d775d30,TOR-001,"Tornillo para madera 1"" (caja 100 u)",Tornillería,2,42.0,84.0
EV-000827,2026-03-11 09:01:00,ccc1fa5f-09b9-486c-8a74-3dfa0298911a,CEM-001,Cemento gris 42.5 kg,Construcción,1,245.0,245.0
EV-000828,2026-03-11 09:32:00,ccc1fa5f-09b9-486c-8a74-3dfa0298911a,CEM-001,Cemento gris 42.5 kg,Construcción,4,245.0,980.0
EV-000829,2026-03-11 09:48:00,ccc1fa5f-09b9-486c-8a74-3dfa0298911a,CEM-001,Cemento gris 42.5 kg,Construcción,6,245.0,1470.0
EV-000830,2026-03-11 09:58:00,126b5449-9df4-496e-a1b9-f527a5ea0c0a,CER-023,Candado de bronce 40 mm,Cerrajería,1,120.0,120.0
EV-000831,2026-03-11 10:04:00,ccc1fa5f-09b9-486c-8a74-3dfa0298911a,CEM-001,Cemento gris 42.5 kg,Construcción,1,245.0,245.0
EV-000832,2026-03-11 10:22:00,765694c8-9734-462c-a35f-797118e2e09e,PIN-001,Pintura acrílica blanca 1 galón,Pinturas,1,385.0,385.0
EV-000833,2026-03-11 10:40:00,9acb88c2-673a-4ca9-b665-b129976958bd,HER-001,Martillo de uña 16 oz,Herramientas,2,185.0,370.0
EV-000834,2026-03-11 11:46:00,0b4327ce-a267-40d8-bc6b-74ab7d775d30,TOR-001,"Tornillo para madera 1"" (caja 100 u)",Tornillería,1,42.0,42.0
EV-000835,2026-03-11 12:14:00,0952bcea-dcc1-484d-b422-b1a41871f4be,CER-001,Candado de bronce 40 mm,Cerrajería,1,145.0,145.0
EV-000836,2026-03-11 13:21:00,e6d66d11-b7e0-4153-81fa-62a11cef4515,PLO-001,"Tubo PVC 1/2"" x 6 m",Plomería,1,96.0,96.0
EV-000837,2026-03-12 10:03:00,0b4327ce-a267-40d8-bc6b-74ab7d775d30,TOR-001,"Tornillo para madera 1"" (caja 100 u)",Tornillería,1,42.0,42.0
EV-000838,2026-03-12 10:04:00,0b4327ce-a267-40d8-bc6b-74ab7d775d30,TOR-001,"Tornillo para madera 1"" (caja 100 u)",Tornillería,1,42.0,42.0
EV-000839,2026-03-12 10:25:00,126b5449-9df4-496e-a1b9-f527a5ea0c0a,CER-023,Candado de bronce 40 mm,Cerrajería,1,120.0,120.0
EV-000840,2026-03-12 10:31:00,e6d66d11-b7e0-4153-81fa-62a11cef4515,PLO-001,"Tubo PVC 1/2"" x 6 m",Plomería,2,96.0,192.0
EV-000841,2026-03-12 10:38:00,ccc1fa5f-09b9-486c-8a74-3dfa0298911a,CEM-001,Cemento gris 42.5 kg,Construcción,4,245.0,980.0
EV-000842,2026-03-12 11:00:00,0b4327ce-a267-40d8-bc6b-74ab7d775d30,TOR-001,"Tornillo para madera 1"" (caja 100 u)",Tornillería,1,42.0,42.0
EV-000842,2026-03-12 11:00:00,0b4327ce-a267-40d8-bc6b-74ab7d775d30,TOR-001,"Tornillo para madera 1"" (caja 100 u)",Tornillería,1,42.0,42.0
EV-000843,2026-03-12 11:17:00,92e71d63-18a8-434d-843c-bf74be57070f,HER-002,Cinta métrica 5 m,Herramientas,2,78.0,156.0
EV-000844,2026-03-12 11:23:00,9acb88c2-673a-4ca9-b665-b129976958bd,HER-001,Martillo de uña 16 oz,Herramientas,2,185.0,370.0
EV-000845,2026-03-12 11:37:00,ccc1fa5f-09b9-486c-8a74-3dfa0298911a,CEM-001,Cemento gris 42.5 kg,Construcción,5,245.0,1225.0
EV-000846,2026-03-12 11:47:00,126b5449-9df4-496e-a1b9-f527a5ea0c0a,CER-023,Candado de bronce 40 mm,Cerrajería,1,120.0,120.0
EV-000847,2026-03-12 11:55:00,765694c8-9734-462c-a35f-797118e2e09e,PIN-001,Pintura acrílica blanca 1 galón,Pinturas,2,385.0,770.0
EV-000848,2026-03-12 12:36:00,ccc1fa5f-09b9-486c-8a74-3dfa0298911a,CEM-001,Cemento gris 42.5 kg,Construcción,3,245.0,735.0
EV-000849,2026-03-12 12:40:00,ccc1fa5f-09b9-486c-8a74-3dfa0298911a,CEM-001,Cemento gris 42.5 kg,Construcción,2,245.0,490.0
EV-000850,2026-03-12 12:53:00,ccc1fa5f-09b9-486c-8a74-3dfa0298911a,CEM-001,Cemento gris 42.5 kg,Construcción,2,245.0,490.0
EV-000851,2026-03-12 12:58:00,0952bcea-dcc1-484d-b422-b1a41871f4be,CER-001,Candado de bronce 40 mm,Cerrajería,1,145.0,145.0
EV-000852,2026-03-12 12:58:00,0b4327ce-a267-40d8-bc6b-74ab7d775d30,TOR-001,"Tornillo para madera 1"" (caja 100 u)",Tornillería,2,42.0,84.0
EV-000853,2026-03-12 16:22:00,ccc1fa5f-09b9-486c-8a74-3dfa0298911a,CEM-001,Cemento gris 42.5 kg,Construcción,1,245.0,245.0
EV-000854,2026-03-13 07:00:00,0b4327ce-a267-40d8-bc6b-74ab7d775d30,TOR-001,"Tornillo para madera 1"" (caja 100 u)",Tornillería,4,42.0,168.0
EV-000855,2026-03-13 07:12:00,ccc1fa5f-09b9-486c-8a74-3dfa0298911a,CEM-001,Cemento gris 42.5 kg,Construcción,4,245.0,980.0
EV-000856,2026-03-13 07:59:00,126b5449-9df4-496e-a1b9-f527a5ea0c0a,CER-023,Candado de bronce 40 mm,Cerrajería,1,120.0,120.0
EV-000857,2026-03-13 09:11:00,ccc1fa5f-09b9-486c-8a74-3dfa0298911a,CEM-001,Cemento gris 42.5 kg,Construcción,1,245.0,245.0
EV-000858,2026-03-13 09:45:00,92e71d63-18a8-434d-843c-bf74be57070f,HER-002,Cinta métrica 5 m,Herramientas,1,78.0,78.0
EV-000859,2026-03-13 09:55:00,30cf2d34-7ddc-45a8-9eac-4a9fc4cfa3f5,ELE-001,Cable THHN #12 (rollo 100 m),Eléctrico,1,1150.0,1150.0
EV-000860,2026-03-13 11:07:00,9acb88c2-673a-4ca9-b665-b129976958bd,HER-001,Martillo de uña 16 oz,Herramientas,2,185.0,370.0
EV-000861,2026-03-13 12:57:00,e6d66d11-b7e0-4153-81fa-62a11cef4515,PLO-001,"Tubo PVC 1/2"" x 6 m",Plomería,1,96.0,96.0
EV-000862,2026-03-13 14:07:00,92e71d63-18a8-434d-843c-bf74be57070f,HER-002,Cinta métrica 5 m,Herramientas,2,78.0,156.0
EV-000863,2026-03-13 15:25:00,e6d66d11-b7e0-4153-81fa-62a11cef4515,PLO-001,"Tubo PVC 1/2"" x 6 m",Plomería,4,96.0,384.0
EV-000864,2026-03-13 16:02:00,126b5449-9df4-496e-a1b9-f527a5ea0c0a,CER-023,Candado de bronce 40 mm,Cerrajería,1,120.0,120.0
EV-000865,2026-03-13 16:59:00,0b4327ce-a267-40d8-bc6b-74ab7d775d30,TOR-001,"Tornillo para madera 1"" (caja 100 u)",Tornillería,1,42.0,42.0
EV-000866,2026-03-14 07:00:00,92e71d63-18a8-434d-843c-bf74be57070f,HER-002,Cinta métrica 5 m,Herramientas,1,78.0,78.0
EV-000867,2026-03-14 07:00:00,e6d66d11-b7e0-4153-81fa-62a11cef4515,PLO-001,"Tubo PVC 1/2"" x 6 m",Plomería,4,96.0,384.0
EV-000868,2026-03-14 07:59:00,0952bcea-dcc1-484d-b422-b1a41871f4be,CER-001,Candado de bronce 40 mm,Cerrajería,2,145.0,290.0
EV-000869,2026-03-14 09:05:00,0b4327ce-a267-40d8-bc6b-74ab7d775d30,TOR-001,"Tornillo para madera 1"" (caja 100 u)",Tornillería,1,42.0,42.0
EV-000870,2026-03-14 09:07:00,765694c8-9734-462c-a35f-797118e2e09e,PIN-001,Pintura acrílica blanca 1 galón,Pinturas,2,385.0,770.0
EV-000871,2026-03-14 09:12:00,126b5449-9df4-496e-a1b9-f527a5ea0c0a,CER-023,Candado de bronce 40 mm,Cerrajería,1,120.0,120.0
EV-000872,2026-03-14 10:29:00,0b4327ce-a267-40d8-bc6b-74ab7d775d30,TOR-001,"Tornillo para madera 1"" (caja 100 u)",Tornillería,4,42.0,168.0
EV-000873,2026-03-14 10:48:00,92e71d63-18a8-434d-843c-bf74be57070f,HER-002,Cinta métrica 5 m,Herramientas,2,78.0,156.0
EV-000874,2026-03-14 11:29:00,0b4327ce-a267-40d8-bc6b-74ab7d775d30,TOR-001,"Tornillo para madera 1"" (caja 100 u)",Tornillería,1,42.0,42.0
EV-000875,2026-03-14 11:32:00,ccc1fa5f-09b9-486c-8a74-3dfa0298911a,CEM-001,Cemento gris 42.5 kg,Construcción,3,245.0,735.0
EV-000876,2026-03-14 11:56:00,0b4327ce-a267-40d8-bc6b-74ab7d775d30,TOR-001,"Tornillo para madera 1"" (caja 100 u)",Tornillería,1,42.0,42.0
EV-000877,2026-03-14 12:14:00,92e71d63-18a8-434d-843c-bf74be57070f,HER-002,Cinta métrica 5 m,Herramientas,1,78.0,78.0
EV-000878,2026-03-14 12:27:00,30cf2d34-7ddc-45a8-9eac-4a9fc4cfa3f5,ELE-001,Cable THHN #12 (rollo 100 m),Eléctrico,1,1150.0,1150.0
EV-000879,2026-03-14 13:35:00,126b5449-9df4-496e-a1b9-f527a5ea0c0a,CER-023,Candado de bronce 40 mm,Cerrajería,1,120.0,120.0
EV-000880,2026-03-16 07:55:00,0b4327ce-a267-40d8-bc6b-74ab7d775d30,TOR-001,"Tornillo para madera 1"" (caja 100 u)",Tornillería,2,42.0,84.0
EV-000881,2026-03-16 10:09:00,e6d66d11-b7e0-4153-81fa-62a11cef4515,PLO-001,"Tubo PVC 1/2"" x 6 m",Plomería,1,96.0,96.0
EV-000882,2026-03-16 10:25:00,ccc1fa5f-09b9-486c-8a74-3dfa0298911a,CEM-001,Cemento gris 42.5 kg,Construcción,5,245.0,1225.0
EV-000883,2026-03-16 10:44:00,765694c8-9734-462c-a35f-797118e2e09e,PIN-001,Pintura acrílica blanca 1 galón,Pinturas,1,385.0,385.0
EV-000884,2026-03-16 11:03:00,9acb88c2-673a-4ca9-b665-b129976958bd,HER-001,Martillo de uña 16 oz,Herramientas,1,185.0,185.0
EV-000885,2026-03-16 11:14:00,765694c8-9734-462c-a35f-797118e2e09e,PIN-001,Pintura acrílica blanca 1 galón,Pinturas,2,385.0,770.0
EV-000886,2026-03-16 11:21:00,9acb88c2-673a-4ca9-b665-b129976958bd,HER-001,Martillo de uña 16 oz,Herramientas,1,185.0,185.0
EV-000887,2026-03-16 12:22:00,126b5449-9df4-496e-a1b9-f527a5ea0c0a,CER-023,Candado de bronce 40 mm,Cerrajería,1,120.0,120.0
EV-000888,2026-03-16 12:49:00,92e71d63-18a8-434d-843c-bf74be57070f,HER-002,Cinta métrica 5 m,Herramientas,1,78.0,78.0
EV-000889,2026-03-16 13:53:00,92e71d63-18a8-434d-843c-bf74be57070f,HER-002,Cinta métrica 5 m,Herramientas,1,78.0,78.0
EV-000890,2026-03-16 13:56:00,9acb88c2-673a-4ca9-b665-b129976958bd,HER-001,Martillo de uña 16 oz,Herramientas,1,185.0,185.0
EV-000891,2026-03-16 14:13:00,0b4327ce-a267-40d8-bc6b-74ab7d775d30,TOR-001,"Tornillo para madera 1"" (caja 100 u)",Tornillería,3,42.0,126.0
EV-000892,2026-03-16 16:07:00,ccc1fa5f-09b9-486c-8a74-3dfa0298911a,CEM-001,Cemento gris 42.5 kg,Construcción,2,245.0,490.0
EV-000893,2026-03-17 09:12:00,ccc1fa5f-09b9-486c-8a74-3dfa0298911a,CEM-001,Cemento gris 42.5 kg,Construcción,2,245.0,490.0
EV-000894,2026-03-17 09:17:00,0b4327ce-a267-40d8-bc6b-74ab7d775d30,TOR-001,"Tornillo para madera 1"" (caja 100 u)",Tornillería,2,42.0,84.0
EV-000895,2026-03-17 09:21:00,ccc1fa5f-09b9-486c-8a74-3dfa0298911a,CEM-001,Cemento gris 42.5 kg,Construcción,6,245.0,1470.0
EV-000896,2026-03-17 10:38:00,0b4327ce-a267-40d8-bc6b-74ab7d775d30,TOR-001,"Tornillo para madera 1"" (caja 100 u)",Tornillería,3,42.0,126.0
EV-000897,2026-03-17 13:10:00,ccc1fa5f-09b9-486c-8a74-3dfa0298911a,CEM-001,Cemento gris 42.5 kg,Construcción,1,245.0,245.0
EV-000898,2026-03-17 13:33:00,e6d66d11-b7e0-4153-81fa-62a11cef4515,PLO-001,"Tubo PVC 1/2"" x 6 m",Plomería,1,96.0,96.0
EV-000899,2026-03-17 16:02:00,0b4327ce-a267-40d8-bc6b-74ab7d775d30,TOR-001,"Tornillo para madera 1"" (caja 100 u)",Tornillería,1,42.0,42.0
EV-000900,2026-03-17 16:59:00,92e71d63-18a8-434d-843c-bf74be57070f,HER-002,Cinta métrica 5 m,Herramientas,2,78.0,156.0
EV-000901,2026-03-18 07:13:00,ccc1fa5f-09b9-486c-8a74-3dfa0298911a,CEM-001,Cemento gris 42.5 kg,Construcción,4,245.0,980.0
EV-000902,2026-03-18 07:29:00,e6d66d11-b7e0-4153-81fa-62a11cef4515,PLO-001,"Tubo PVC 1/2"" x 6 m",Plomería,1,96.0,96.0
EV-000903,2026-03-18 08:54:00,0b4327ce-a267-40d8-bc6b-74ab7d775d30,TOR-001,"Tornillo para madera 1"" (caja 100 u)",Tornillería,3,42.0,126.0
EV-000904,2026-03-18 09:19:00,126b5449-9df4-496e-a1b9-f527a5ea0c0a,CER-023,Candado de bronce 40 mm,Cerrajería,1,120.0,120.0
EV-000905,2026-03-18 10:29:00,92e71d63-18a8-434d-843c-bf74be57070f,HER-002,Cinta métrica 5 m,Herramientas,1,78.0,78.0
EV-000906,2026-03-18 10:33:00,9acb88c2-673a-4ca9-b665-b129976958bd,HER-001,Martillo de uña 16 oz,Herramientas,1,185.0,185.0
EV-000907,2026-03-18 10:58:00,0952bcea-dcc1-484d-b422-b1a41871f4be,CER-001,Candado de bronce 40 mm,Cerrajería,1,145.0,145.0
EV-000908,2026-03-18 11:04:00,0b4327ce-a267-40d8-bc6b-74ab7d775d30,TOR-001,"Tornillo para madera 1"" (caja 100 u)",Tornillería,3,42.0,126.0
EV-000909,2026-03-18 11:05:00,ccc1fa5f-09b9-486c-8a74-3dfa0298911a,CEM-001,Cemento gris 42.5 kg,Construcción,2,245.0,490.0
EV-000910,2026-03-18 11:19:00,765694c8-9734-462c-a35f-797118e2e09e,PIN-001,Pintura acrílica blanca 1 galón,Pinturas,1,385.0,385.0
EV-000911,2026-03-18 11:29:00,9acb88c2-673a-4ca9-b665-b129976958bd,HER-001,Martillo de uña 16 oz,Herramientas,2,185.0,370.0
EV-000912,2026-03-18 11:31:00,ccc1fa5f-09b9-486c-8a74-3dfa0298911a,CEM-001,Cemento gris 42.5 kg,Construcción,2,245.0,490.0
EV-000913,2026-03-18 12:07:00,e6d66d11-b7e0-4153-81fa-62a11cef4515,PLO-001,"Tubo PVC 1/2"" x 6 m",Plomería,3,96.0,288.0
EV-000914,2026-03-18 12:24:00,92e71d63-18a8-434d-843c-bf74be57070f,HER-002,Cinta métrica 5 m,Herramientas,1,78.0,78.0
EV-000915,2026-03-18 12:41:00,9acb88c2-673a-4ca9-b665-b129976958bd,HER-001,Martillo de uña 16 oz,Herramientas,1,185.0,185.0
EV-000916,2026-03-18 13:08:00,9acb88c2-673a-4ca9-b665-b129976958bd,HER-001,Martillo de uña 16 oz,Herramientas,1,185.0,185.0
EV-000917,2026-03-18 13:42:00,92e71d63-18a8-434d-843c-bf74be57070f,HER-002,Cinta métrica 5 m,Herramientas,1,78.0,78.0
EV-000918,2026-03-19 07:41:00,765694c8-9734-462c-a35f-797118e2e09e,PIN-001,Pintura acrílica blanca 1 galón,Pinturas,1,385.0,385.0
EV-000919,2026-03-19 09:37:00,9acb88c2-673a-4ca9-b665-b129976958bd,HER-001,Martillo de uña 16 oz,Herramientas,1,185.0,185.0
EV-000920,2026-03-19 09:53:00,0b4327ce-a267-40d8-bc6b-74ab7d775d30,TOR-001,"Tornillo para madera 1"" (caja 100 u)",Tornillería,3,42.0,126.0
EV-000921,2026-03-19 10:16:00,92e71d63-18a8-434d-843c-bf74be57070f,HER-002,Cinta métrica 5 m,Herramientas,1,78.0,78.0
EV-000922,2026-03-19 10:27:00,ccc1fa5f-09b9-486c-8a74-3dfa0298911a,CEM-001,Cemento gris 42.5 kg,Construcción,1,245.0,245.0
EV-000923,2026-03-19 10:49:00,ccc1fa5f-09b9-486c-8a74-3dfa0298911a,CEM-001,Cemento gris 42.5 kg,Construcción,3,245.0,735.0
EV-000924,2026-03-19 11:05:00,ccc1fa5f-09b9-486c-8a74-3dfa0298911a,CEM-001,Cemento gris 42.5 kg,Construcción,3,245.0,735.0
EV-000925,2026-03-19 11:10:00,30cf2d34-7ddc-45a8-9eac-4a9fc4cfa3f5,ELE-001,Cable THHN #12 (rollo 100 m),Eléctrico,1,1150.0,1150.0
EV-000926,2026-03-19 11:12:00,0b4327ce-a267-40d8-bc6b-74ab7d775d30,TOR-001,"Tornillo para madera 1"" (caja 100 u)",Tornillería,2,42.0,84.0
EV-000927,2026-03-19 11:42:00,ccc1fa5f-09b9-486c-8a74-3dfa0298911a,CEM-001,Cemento gris 42.5 kg,Construcción,2,245.0,490.0
EV-000928,2026-03-19 11:51:00,0b4327ce-a267-40d8-bc6b-74ab7d775d30,TOR-001,"Tornillo para madera 1"" (caja 100 u)",Tornillería,2,42.0,84.0
EV-000929,2026-03-19 12:02:00,0b4327ce-a267-40d8-bc6b-74ab7d775d30,TOR-001,"Tornillo para madera 1"" (caja 100 u)",Tornillería,1,42.0,42.0
EV-000930,2026-03-19 12:20:00,e6d66d11-b7e0-4153-81fa-62a11cef4515,PLO-001,"Tubo PVC 1/2"" x 6 m",Plomería,4,96.0,384.0
EV-000931,2026-03-19 12:51:00,92e71d63-18a8-434d-843c-bf74be57070f,HER-002,Cinta métrica 5 m,Herramientas,1,78.0,78.0
EV-000932,2026-03-19 12:53:00,ccc1fa5f-09b9-486c-8a74-3dfa0298911a,CEM-001,Cemento gris 42.5 kg,Construcción,3,245.0,735.0
EV-000933,2026-03-19 13:37:00,126b5449-9df4-496e-a1b9-f527a5ea0c0a,CER-023,Candado de bronce 40 mm,Cerrajería,1,120.0,120.0
EV-000934,2026-03-19 13:59:00,ccc1fa5f-09b9-486c-8a74-3dfa0298911a,CEM-001,Cemento gris 42.5 kg,Construcción,2,245.0,490.0
EV-000935,2026-03-19 14:44:00,92e71d63-18a8-434d-843c-bf74be57070f,HER-002,Cinta métrica 5 m,Herramientas,2,78.0,156.0
EV-000936,2026-03-19 16:59:00,0952bcea-dcc1-484d-b422-b1a41871f4be,CER-001,Candado de bronce 40 mm,Cerrajería,1,145.0,145.0
EV-000937,2026-03-20 07:04:00,30cf2d34-7ddc-45a8-9eac-4a9fc4cfa3f5,ELE-001,Cable THHN #12 (rollo 100 m),Eléctrico,1,1150.0,1150.0
EV-000938,2026-03-20 10:09:00,9acb88c2-673a-4ca9-b665-b129976958bd,HER-001,Martillo de uña 16 oz,Herramientas,1,185.0,185.0
EV-000939,2026-03-20 10:21:00,0b4327ce-a267-40d8-bc6b-74ab7d775d30,TOR-001,"Tornillo para madera 1"" (caja 100 u)",Tornillería,1,42.0,42.0
EV-000940,2026-03-20 10:30:00,ccc1fa5f-09b9-486c-8a74-3dfa0298911a,CEM-001,Cemento gris 42.5 kg,Construcción,3,245.0,735.0
EV-000941,2026-03-20 11:14:00,0b4327ce-a267-40d8-bc6b-74ab7d775d30,TOR-001,"Tornillo para madera 1"" (caja 100 u)",Tornillería,4,42.0,168.0
EV-000942,2026-03-20 11:33:00,e6d66d11-b7e0-4153-81fa-62a11cef4515,PLO-001,"Tubo PVC 1/2"" x 6 m",Plomería,2,96.0,192.0
EV-000943,2026-03-20 11:41:00,765694c8-9734-462c-a35f-797118e2e09e,PIN-001,Pintura acrílica blanca 1 galón,Pinturas,1,385.0,385.0
EV-000944,2026-03-20 12:06:00,92e71d63-18a8-434d-843c-bf74be57070f,HER-002,Cinta métrica 5 m,Herramientas,1,78.0,78.0
EV-000945,2026-03-20 12:19:00,92e71d63-18a8-434d-843c-bf74be57070f,HER-002,Cinta métrica 5 m,Herramientas,2,78.0,156.0
EV-000946,2026-03-20 12:27:00,e6d66d11-b7e0-4153-81fa-62a11cef4515,PLO-001,"Tubo PVC 1/2"" x 6 m",Plomería,2,96.0,192.0
EV-000947,2026-03-20 12:44:00,92e71d63-18a8-434d-843c-bf74be57070f,HER-002,Cinta métrica 5 m,Herramientas,1,78.0,78.0
EV-000948,2026-03-20 12:54:00,ccc1fa5f-09b9-486c-8a74-3dfa0298911a,CEM-001,Cemento gris 42.5 kg,Construcción,4,245.0,980.0
EV-000949,2026-03-20 13:27:00,9acb88c2-673a-4ca9-b665-b129976958bd,HER-001,Martillo de uña 16 oz,Herramientas,1,185.0,185.0
EV-000950,2026-03-20 13:55:00,765694c8-9734-462c-a35f-797118e2e09e,PIN-001,Pintura acrílica blanca 1 galón,Pinturas,2,385.0,770.0
EV-000951,2026-03-20 14:08:00,e6d66d11-b7e0-4153-81fa-62a11cef4515,PLO-001,"Tubo PVC 1/2"" x 6 m",Plomería,4,96.0,384.0
EV-000952,2026-03-20 16:39:00,e6d66d11-b7e0-4153-81fa-62a11cef4515,PLO-001,"Tubo PVC 1/2"" x 6 m",Plomería,1,96.0,96.0
EV-000953,2026-03-21 07:37:00,92e71d63-18a8-434d-843c-bf74be57070f,HER-002,Cinta métrica 5 m,Herramientas,2,78.0,156.0
EV-000954,2026-03-21 08:39:00,92e71d63-18a8-434d-843c-bf74be57070f,HER-002,Cinta métrica 5 m,Herramientas,2,78.0,156.0
EV-000955,2026-03-21 08:52:00,765694c8-9734-462c-a35f-797118e2e09e,PIN-001,Pintura acrílica blanca 1 galón,Pinturas,3,385.0,1155.0
EV-000956,2026-03-21 09:29:00,765694c8-9734-462c-a35f-797118e2e09e,PIN-001,Pintura acrílica blanca 1 galón,Pinturas,2,385.0,770.0
EV-000957,2026-03-21 10:12:00,765694c8-9734-462c-a35f-797118e2e09e,PIN-001,Pintura acrílica blanca 1 galón,Pinturas,3,385.0,1155.0
EV-000958,2026-03-21 10:43:00,92e71d63-18a8-434d-843c-bf74be57070f,HER-002,Cinta métrica 5 m,Herramientas,2,78.0,156.0
EV-000959,2026-03-21 13:05:00,0b4327ce-a267-40d8-bc6b-74ab7d775d30,TOR-001,"Tornillo para madera 1"" (caja 100 u)",Tornillería,1,42.0,42.0
EV-000960,2026-03-21 13:26:00,92e71d63-18a8-434d-843c-bf74be57070f,HER-002,Cinta métrica 5 m,Herramientas,1,78.0,78.0
EV-000961,2026-03-21 13:36:00,e6d66d11-b7e0-4153-81fa-62a11cef4515,PLO-001,"Tubo PVC 1/2"" x 6 m",Plomería,4,96.0,384.0
EV-000962,2026-03-21 13:45:00,ccc1fa5f-09b9-486c-8a74-3dfa0298911a,CEM-001,Cemento gris 42.5 kg,Construcción,5,245.0,1225.0
EV-000963,2026-03-21 14:00:00,0b4327ce-a267-40d8-bc6b-74ab7d775d30,TOR-001,"Tornillo para madera 1"" (caja 100 u)",Tornillería,1,42.0,42.0
EV-000964,2026-03-21 14:19:00,0b4327ce-a267-40d8-bc6b-74ab7d775d30,TOR-001,"Tornillo para madera 1"" (caja 100 u)",Tornillería,1,42.0,42.0
EV-000965,2026-03-21 14:27:00,0b4327ce-a267-40d8-bc6b-74ab7d775d30,TOR-001,"Tornillo para madera 1"" (caja 100 u)",Tornillería,4,42.0,168.0
EV-000966,2026-03-21 14:28:00,ccc1fa5f-09b9-486c-8a74-3dfa0298911a,CEM-001,Cemento gris 42.5 kg,Construcción,6,245.0,1470.0
EV-000967,2026-03-21 14:59:00,9acb88c2-673a-4ca9-b665-b129976958bd,HER-001,Martillo de uña 16 oz,Herramientas,1,185.0,185.0
EV-000968,2026-03-21 15:34:00,126b5449-9df4-496e-a1b9-f527a5ea0c0a,CER-023,Candado de bronce 40 mm,Cerrajería,1,120.0,120.0
EV-000969,2026-03-23 07:49:00,0952bcea-dcc1-484d-b422-b1a41871f4be,CER-001,Candado de bronce 40 mm,Cerrajería,1,145.0,145.0
EV-000970,2026-03-23 08:06:00,9acb88c2-673a-4ca9-b665-b129976958bd,HER-001,Martillo de uña 16 oz,Herramientas,1,185.0,185.0
EV-000971,2026-03-23 08:09:00,30cf2d34-7ddc-45a8-9eac-4a9fc4cfa3f5,ELE-001,Cable THHN #12 (rollo 100 m),Eléctrico,1,1150.0,1150.0
EV-000972,2026-03-23 09:26:00,126b5449-9df4-496e-a1b9-f527a5ea0c0a,CER-023,Candado de bronce 40 mm,Cerrajería,1,120.0,120.0
EV-000973,2026-03-23 09:30:00,ccc1fa5f-09b9-486c-8a74-3dfa0298911a,CEM-001,Cemento gris 42.5 kg,Construcción,5,245.0,1225.0
EV-000974,2026-03-23 10:04:00,9acb88c2-673a-4ca9-b665-b129976958bd,HER-001,Martillo de uña 16 oz,Herramientas,2,185.0,370.0
EV-000975,2026-03-23 11:21:00,0b4327ce-a267-40d8-bc6b-74ab7d775d30,TOR-001,"Tornillo para madera 1"" (caja 100 u)",Tornillería,2,42.0,84.0
EV-000976,2026-03-23 11:31:00,ccc1fa5f-09b9-486c-8a74-3dfa0298911a,CEM-001,Cemento gris 42.5 kg,Construcción,1,245.0,245.0
EV-000977,2026-03-23 12:16:00,126b5449-9df4-496e-a1b9-f527a5ea0c0a,CER-023,Candado de bronce 40 mm,Cerrajería,1,120.0,120.0
EV-000978,2026-03-23 12:29:00,e6d66d11-b7e0-4153-81fa-62a11cef4515,PLO-001,"Tubo PVC 1/2"" x 6 m",Plomería,3,96.0,288.0
EV-000979,2026-03-23 12:59:00,92e71d63-18a8-434d-843c-bf74be57070f,HER-002,Cinta métrica 5 m,Herramientas,1,78.0,78.0
EV-000980,2026-03-23 13:47:00,765694c8-9734-462c-a35f-797118e2e09e,PIN-001,Pintura acrílica blanca 1 galón,Pinturas,1,385.0,385.0
EV-000981,2026-03-24 07:25:00,92e71d63-18a8-434d-843c-bf74be57070f,HER-002,Cinta métrica 5 m,Herramientas,1,78.0,78.0
EV-000982,2026-03-24 08:04:00,ccc1fa5f-09b9-486c-8a74-3dfa0298911a,CEM-001,Cemento gris 42.5 kg,Construcción,5,245.0,1225.0
EV-000983,2026-03-24 08:51:00,30cf2d34-7ddc-45a8-9eac-4a9fc4cfa3f5,ELE-001,Cable THHN #12 (rollo 100 m),Eléctrico,1,1150.0,1150.0
EV-000984,2026-03-24 09:34:00,765694c8-9734-462c-a35f-797118e2e09e,PIN-001,Pintura acrílica blanca 1 galón,Pinturas,2,385.0,770.0
EV-000985,2026-03-24 09:43:00,ccc1fa5f-09b9-486c-8a74-3dfa0298911a,CEM-001,Cemento gris 42.5 kg,Construcción,1,245.0,245.0
EV-000986,2026-03-24 10:00:00,ccc1fa5f-09b9-486c-8a74-3dfa0298911a,CEM-001,Cemento gris 42.5 kg,Construcción,1,245.0,245.0
EV-000987,2026-03-24 10:56:00,0b4327ce-a267-40d8-bc6b-74ab7d775d30,TOR-001,"Tornillo para madera 1"" (caja 100 u)",Tornillería,4,42.0,168.0
EV-000988,2026-03-24 11:17:00,92e71d63-18a8-434d-843c-bf74be57070f,HER-002,Cinta métrica 5 m,Herramientas,1,78.0,78.0
EV-000989,2026-03-24 11:32:00,e6d66d11-b7e0-4153-81fa-62a11cef4515,PLO-001,"Tubo PVC 1/2"" x 6 m",Plomería,2,96.0,192.0
EV-000990,2026-03-24 11:42:00,ccc1fa5f-09b9-486c-8a74-3dfa0298911a,CEM-001,Cemento gris 42.5 kg,Construcción,5,245.0,1225.0
EV-000991,2026-03-24 16:28:00,e6d66d11-b7e0-4153-81fa-62a11cef4515,PLO-001,"Tubo PVC 1/2"" x 6 m",Plomería,5,96.0,480.0
EV-000992,2026-03-25 08:18:00,9acb88c2-673a-4ca9-b665-b129976958bd,HER-001,Martillo de uña 16 oz,Herramientas,1,185.0,185.0
EV-000993,2026-03-25 09:06:00,0952bcea-dcc1-484d-b422-b1a41871f4be,CER-001,Candado de bronce 40 mm,Cerrajería,1,145.0,145.0
EV-000994,2026-03-25 11:12:00,e6d66d11-b7e0-4153-81fa-62a11cef4515,PLO-001,"Tubo PVC 1/2"" x 6 m",Plomería,2,96.0,192.0
EV-000995,2026-03-25 11:13:00,0b4327ce-a267-40d8-bc6b-74ab7d775d30,TOR-001,"Tornillo para madera 1"" (caja 100 u)",Tornillería,1,42.0,42.0
EV-000996,2026-03-25 11:41:00,ccc1fa5f-09b9-486c-8a74-3dfa0298911a,CEM-001,Cemento gris 42.5 kg,Construcción,1,245.0,245.0
EV-000997,2026-03-25 11:44:00,126b5449-9df4-496e-a1b9-f527a5ea0c0a,CER-023,Candado de bronce 40 mm,Cerrajería,1,120.0,120.0
EV-000998,2026-03-25 12:03:00,0b4327ce-a267-40d8-bc6b-74ab7d775d30,TOR-001,"Tornillo para madera 1"" (caja 100 u)",Tornillería,3,42.0,126.0
EV-000999,2026-03-25 12:46:00,765694c8-9734-462c-a35f-797118e2e09e,PIN-001,Pintura acrílica blanca 1 galón,Pinturas,1,385.0,385.0
EV-001000,2026-03-25 13:23:00,0b4327ce-a267-40d8-bc6b-74ab7d775d30,TOR-001,"Tornillo para madera 1"" (caja 100 u)",Tornillería,2,42.0,84.0
EV-001001,2026-03-25 14:09:00,e6d66d11-b7e0-4153-81fa-62a11cef4515,PLO-001,"Tubo PVC 1/2"" x 6 m",Plomería,3,96.0,288.0
EV-001002,2026-03-25 15:07:00,765694c8-9734-462c-a35f-797118e2e09e,PIN-001,Pintura acrílica blanca 1 galón,Pinturas,3,385.0,1155.0
EV-001003,2026-03-26 08:03:00,0952bcea-dcc1-484d-b422-b1a41871f4be,CER-001,Candado de bronce 40 mm,Cerrajería,1,145.0,145.0
EV-001004,2026-03-26 08:22:00,765694c8-9734-462c-a35f-797118e2e09e,PIN-001,Pintura acrílica blanca 1 galón,Pinturas,2,385.0,770.0
EV-001005,2026-03-26 08:58:00,ccc1fa5f-09b9-486c-8a74-3dfa0298911a,CEM-001,Cemento gris 42.5 kg,Construcción,2,245.0,490.0
EV-001006,2026-03-26 09:28:00,30cf2d34-7ddc-45a8-9eac-4a9fc4cfa3f5,ELE-001,Cable THHN #12 (rollo 100 m),Eléctrico,1,1150.0,1150.0
EV-001007,2026-03-26 10:14:00,e6d66d11-b7e0-4153-81fa-62a11cef4515,PLO-001,"Tubo PVC 1/2"" x 6 m",Plomería,1,96.0,96.0
EV-001008,2026-03-26 10:23:00,9acb88c2-673a-4ca9-b665-b129976958bd,HER-001,Martillo de uña 16 oz,Herramientas,1,185.0,185.0
EV-001009,2026-03-26 10:36:00,9acb88c2-673a-4ca9-b665-b129976958bd,HER-001,Martillo de uña 16 oz,Herramientas,1,185.0,185.0
EV-001010,2026-03-26 11:04:00,e6d66d11-b7e0-4153-81fa-62a11cef4515,PLO-001,"Tubo PVC 1/2"" x 6 m",Plomería,3,96.0,288.0
EV-001011,2026-03-26 11:29:00,9acb88c2-673a-4ca9-b665-b129976958bd,HER-001,Martillo de uña 16 oz,Herramientas,1,185.0,185.0
EV-001012,2026-03-26 11:37:00,92e71d63-18a8-434d-843c-bf74be57070f,HER-002,Cinta métrica 5 m,Herramientas,2,78.0,156.0
EV-001013,2026-03-26 13:01:00,0b4327ce-a267-40d8-bc6b-74ab7d775d30,TOR-001,"Tornillo para madera 1"" (caja 100 u)",Tornillería,2,42.0,84.0
EV-001014,2026-03-26 14:35:00,92e71d63-18a8-434d-843c-bf74be57070f,HER-002,Cinta métrica 5 m,Herramientas,1,78.0,78.0
EV-001015,2026-03-26 15:01:00,765694c8-9734-462c-a35f-797118e2e09e,PIN-001,Pintura acrílica blanca 1 galón,Pinturas,1,385.0,385.0
EV-001016,2026-03-27 09:01:00,ccc1fa5f-09b9-486c-8a74-3dfa0298911a,CEM-001,Cemento gris 42.5 kg,Construcción,1,245.0,245.0
EV-001017,2026-03-27 09:25:00,0b4327ce-a267-40d8-bc6b-74ab7d775d30,TOR-001,"Tornillo para madera 1"" (caja 100 u)",Tornillería,2,42.0,84.0
EV-001018,2026-03-27 09:43:00,0b4327ce-a267-40d8-bc6b-74ab7d775d30,TOR-001,"Tornillo para madera 1"" (caja 100 u)",Tornillería,4,42.0,168.0
EV-001019,2026-03-27 09:47:00,126b5449-9df4-496e-a1b9-f527a5ea0c0a,CER-023,Candado de bronce 40 mm,Cerrajería,1,120.0,120.0
EV-001020,2026-03-27 10:07:00,9acb88c2-673a-4ca9-b665-b129976958bd,HER-001,Martillo de uña 16 oz,Herramientas,1,185.0,185.0
EV-001021,2026-03-27 10:10:00,e6d66d11-b7e0-4153-81fa-62a11cef4515,PLO-001,"Tubo PVC 1/2"" x 6 m",Plomería,3,96.0,288.0
EV-001022,2026-03-27 10:31:00,0b4327ce-a267-40d8-bc6b-74ab7d775d30,TOR-001,"Tornillo para madera 1"" (caja 100 u)",Tornillería,1,42.0,42.0
EV-001023,2026-03-27 11:11:00,0b4327ce-a267-40d8-bc6b-74ab7d775d30,TOR-001,"Tornillo para madera 1"" (caja 100 u)",Tornillería,3,42.0,126.0
EV-001024,2026-03-27 11:24:00,126b5449-9df4-496e-a1b9-f527a5ea0c0a,CER-023,Candado de bronce 40 mm,Cerrajería,1,120.0,120.0
EV-001025,2026-03-27 11:25:00,e6d66d11-b7e0-4153-81fa-62a11cef4515,PLO-001,"Tubo PVC 1/2"" x 6 m",Plomería,1,96.0,96.0
EV-001026,2026-03-27 12:02:00,e6d66d11-b7e0-4153-81fa-62a11cef4515,PLO-001,"Tubo PVC 1/2"" x 6 m",Plomería,3,96.0,288.0
EV-001027,2026-03-27 12:06:00,765694c8-9734-462c-a35f-797118e2e09e,PIN-001,Pintura acrílica blanca 1 galón,Pinturas,1,385.0,385.0
EV-001028,2026-03-27 12:08:00,ccc1fa5f-09b9-486c-8a74-3dfa0298911a,CEM-001,Cemento gris 42.5 kg,Construcción,1,245.0,245.0
EV-001029,2026-03-27 12:16:00,0b4327ce-a267-40d8-bc6b-74ab7d775d30,TOR-001,"Tornillo para madera 1"" (caja 100 u)",Tornillería,1,42.0,42.0
EV-001030,2026-03-27 12:36:00,ccc1fa5f-09b9-486c-8a74-3dfa0298911a,CEM-001,Cemento gris 42.5 kg,Construcción,1,245.0,245.0
EV-001031,2026-03-27 12:49:00,ccc1fa5f-09b9-486c-8a74-3dfa0298911a,CEM-001,Cemento gris 42.5 kg,Construcción,6,245.0,1470.0
EV-001032,2026-03-27 13:07:00,e6d66d11-b7e0-4153-81fa-62a11cef4515,PLO-001,"Tubo PVC 1/2"" x 6 m",Plomería,2,96.0,192.0
EV-001033,2026-03-27 14:00:00,e6d66d11-b7e0-4153-81fa-62a11cef4515,PLO-001,"Tubo PVC 1/2"" x 6 m",Plomería,3,96.0,288.0
EV-001034,2026-03-27 14:52:00,e6d66d11-b7e0-4153-81fa-62a11cef4515,PLO-001,"Tubo PVC 1/2"" x 6 m",Plomería,3,96.0,288.0
EV-001035,2026-03-27 15:08:00,e6d66d11-b7e0-4153-81fa-62a11cef4515,PLO-001,"Tubo PVC 1/2"" x 6 m",Plomería,4,96.0,384.0
EV-001036,2026-03-27 16:31:00,ccc1fa5f-09b9-486c-8a74-3dfa0298911a,CEM-001,Cemento gris 42.5 kg,Construcción,1,245.0,245.0
EV-001037,2026-03-27 16:59:00,0952bcea-dcc1-484d-b422-b1a41871f4be,CER-001,Candado de bronce 40 mm,Cerrajería,1,145.0,145.0
EV-001038,2026-03-28 09:00:00,0b4327ce-a267-40d8-bc6b-74ab7d775d30,TOR-001,"Tornillo para madera 1"" (caja 100 u)",Tornillería,1,42.0,42.0
EV-001039,2026-03-28 09:05:00,ccc1fa5f-09b9-486c-8a74-3dfa0298911a,CEM-001,Cemento gris 42.5 kg,Construcción,3,245.0,735.0
EV-001040,2026-03-28 09:22:00,ccc1fa5f-09b9-486c-8a74-3dfa0298911a,CEM-001,Cemento gris 42.5 kg,Construcción,6,245.0,1470.0
EV-001041,2026-03-28 09:28:00,765694c8-9734-462c-a35f-797118e2e09e,PIN-001,Pintura acrílica blanca 1 galón,Pinturas,1,385.0,385.0
EV-001042,2026-03-28 09:36:00,92e71d63-18a8-434d-843c-bf74be57070f,HER-002,Cinta métrica 5 m,Herramientas,1,78.0,78.0
EV-001043,2026-03-28 09:48:00,9acb88c2-673a-4ca9-b665-b129976958bd,HER-001,Martillo de uña 16 oz,Herramientas,1,185.0,185.0
EV-001044,2026-03-28 09:57:00,0b4327ce-a267-40d8-bc6b-74ab7d775d30,TOR-001,"Tornillo para madera 1"" (caja 100 u)",Tornillería,1,42.0,42.0
EV-001045,2026-03-28 10:24:00,0952bcea-dcc1-484d-b422-b1a41871f4be,CER-001,Candado de bronce 40 mm,Cerrajería,1,145.0,145.0
EV-001046,2026-03-28 11:05:00,e6d66d11-b7e0-4153-81fa-62a11cef4515,PLO-001,"Tubo PVC 1/2"" x 6 m",Plomería,3,96.0,288.0
EV-001047,2026-03-28 11:06:00,0b4327ce-a267-40d8-bc6b-74ab7d775d30,TOR-001,"Tornillo para madera 1"" (caja 100 u)",Tornillería,4,42.0,168.0
EV-001048,2026-03-28 11:24:00,ccc1fa5f-09b9-486c-8a74-3dfa0298911a,CEM-001,Cemento gris 42.5 kg,Construcción,5,245.0,1225.0
EV-001049,2026-03-28 11:24:00,0b4327ce-a267-40d8-bc6b-74ab7d775d30,TOR-001,"Tornillo para madera 1"" (caja 100 u)",Tornillería,4,42.0,168.0
EV-001050,2026-03-28 13:06:00,765694c8-9734-462c-a35f-797118e2e09e,PIN-001,Pintura acrílica blanca 1 galón,Pinturas,1,385.0,385.0
EV-001051,2026-03-30 10:29:00,e6d66d11-b7e0-4153-81fa-62a11cef4515,PLO-001,"Tubo PVC 1/2"" x 6 m",Plomería,2,96.0,192.0
EV-001052,2026-03-30 10:56:00,e6d66d11-b7e0-4153-81fa-62a11cef4515,PLO-001,"Tubo PVC 1/2"" x 6 m",Plomería,1,96.0,96.0
EV-001053,2026-03-30 11:00:00,9acb88c2-673a-4ca9-b665-b129976958bd,HER-001,Martillo de uña 16 oz,Herramientas,1,185.0,185.0
EV-001054,2026-03-30 11:17:00,ccc1fa5f-09b9-486c-8a74-3dfa0298911a,CEM-001,Cemento gris 42.5 kg,Construcción,3,245.0,735.0
EV-001055,2026-03-30 11:19:00,0b4327ce-a267-40d8-bc6b-74ab7d775d30,TOR-001,"Tornillo para madera 1"" (caja 100 u)",Tornillería,1,42.0,42.0
EV-001056,2026-03-30 11:47:00,e6d66d11-b7e0-4153-81fa-62a11cef4515,PLO-001,"Tubo PVC 1/2"" x 6 m",Plomería,2,96.0,192.0
EV-001057,2026-03-30 12:27:00,30cf2d34-7ddc-45a8-9eac-4a9fc4cfa3f5,ELE-001,Cable THHN #12 (rollo 100 m),Eléctrico,1,1150.0,1150.0
EV-001058,2026-03-30 12:55:00,126b5449-9df4-496e-a1b9-f527a5ea0c0a,CER-023,Candado de bronce 40 mm,Cerrajería,1,120.0,120.0
EV-001059,2026-03-30 13:05:00,765694c8-9734-462c-a35f-797118e2e09e,PIN-001,Pintura acrílica blanca 1 galón,Pinturas,1,385.0,385.0
EV-001060,2026-03-30 13:19:00,9acb88c2-673a-4ca9-b665-b129976958bd,HER-001,Martillo de uña 16 oz,Herramientas,1,185.0,185.0
EV-001061,2026-03-30 13:21:00,92e71d63-18a8-434d-843c-bf74be57070f,HER-002,Cinta métrica 5 m,Herramientas,2,78.0,156.0
EV-001062,2026-03-30 14:29:00,0b4327ce-a267-40d8-bc6b-74ab7d775d30,TOR-001,"Tornillo para madera 1"" (caja 100 u)",Tornillería,3,42.0,126.0
EV-001063,2026-03-31 07:16:00,765694c8-9734-462c-a35f-797118e2e09e,PIN-001,Pintura acrílica blanca 1 galón,Pinturas,2,385.0,770.0
EV-X00001,2026-03-31 07:16:00,765694c8-9734-462c-a35f-797118e2e09e,PIN-001,Pintura acrílica blanca 1 galón,Pinturas,-2,385.0,0.0
EV-001064,2026-03-31 07:27:00,92e71d63-18a8-434d-843c-bf74be57070f,HER-002,Cinta métrica 5 m,Herramientas,1,78.0,78.0
EV-001065,2026-03-31 08:17:00,ccc1fa5f-09b9-486c-8a74-3dfa0298911a,CEM-001,Cemento gris 42.5 kg,Construcción,2,245.0,490.0
EV-001066,2026-03-31 09:32:00,e6d66d11-b7e0-4153-81fa-62a11cef4515,PLO-001,"Tubo PVC 1/2"" x 6 m",Plomería,4,96.0,384.0
EV-001067,2026-03-31 09:35:00,e6d66d11-b7e0-4153-81fa-62a11cef4515,PLO-001,"Tubo PVC 1/2"" x 6 m",Plomería,4,96.0,384.0
EV-001068,2026-03-31 09:38:00,ccc1fa5f-09b9-486c-8a74-3dfa0298911a,CEM-001,Cemento gris 42.5 kg,Construcción,1,245.0,245.0
EV-001069,2026-03-31 09:44:00,e6d66d11-b7e0-4153-81fa-62a11cef4515,PLO-001,"Tubo PVC 1/2"" x 6 m",Plomería,2,96.0,192.0
EV-001070,2026-03-31 10:04:00,ccc1fa5f-09b9-486c-8a74-3dfa0298911a,CEM-001,Cemento gris 42.5 kg,Construcción,1,245.0,245.0
EV-001071,2026-03-31 10:43:00,e6d66d11-b7e0-4153-81fa-62a11cef4515,PLO-001,"Tubo PVC 1/2"" x 6 m",Plomería,1,96.0,96.0
EV-001072,2026-03-31 11:08:00,92e71d63-18a8-434d-843c-bf74be57070f,HER-002,Cinta métrica 5 m,Herramientas,1,78.0,78.0
EV-001073,2026-03-31 12:37:00,ccc1fa5f-09b9-486c-8a74-3dfa0298911a,CEM-001,Cemento gris 42.5 kg,Construcción,2,245.0,490.0
EV-001074,2026-03-31 13:40:00,ccc1fa5f-09b9-486c-8a74-3dfa0298911a,CEM-001,Cemento gris 42.5 kg,Construcción,2,245.0,490.0
EV-001075,2026-03-31 15:46:00,0b4327ce-a267-40d8-bc6b-74ab7d775d30,TOR-001,"Tornillo para madera 1"" (caja 100 u)",Tornillería,1,42.0,42.0
EV-001076,2026-03-31 16:11:00,9acb88c2-673a-4ca9-b665-b129976958bd,HER-001,Martillo de uña 16 oz,Herramientas,1,185.0,185.0
EV-001077,2026-04-01 07:51:00,ccc1fa5f-09b9-486c-8a74-3dfa0298911a,CEM-001,Cemento gris 42.5 kg,Construcción,6,245.0,1470.0
EV-001078,2026-04-01 09:04:00,e6d66d11-b7e0-4153-81fa-62a11cef4515,PLO-001,"Tubo PVC 1/2"" x 6 m",Plomería,3,96.0,288.0
EV-001079,2026-04-01 09:25:00,e6d66d11-b7e0-4153-81fa-62a11cef4515,PLO-001,"Tubo PVC 1/2"" x 6 m",Plomería,2,96.0,192.0
EV-001080,2026-04-01 09:44:00,126b5449-9df4-496e-a1b9-f527a5ea0c0a,CER-023,Candado de bronce 40 mm,Cerrajería,1,120.0,120.0
EV-001081,2026-04-01 12:14:00,e6d66d11-b7e0-4153-81fa-62a11cef4515,PLO-001,"Tubo PVC 1/2"" x 6 m",Plomería,4,96.0,384.0
EV-001082,2026-04-01 13:26:00,9acb88c2-673a-4ca9-b665-b129976958bd,HER-001,Martillo de uña 16 oz,Herramientas,1,185.0,185.0
EV-001083,2026-04-01 13:40:00,e6d66d11-b7e0-4153-81fa-62a11cef4515,PLO-001,"Tubo PVC 1/2"" x 6 m",Plomería,1,96.0,96.0
EV-001084,2026-04-01 13:51:00,0b4327ce-a267-40d8-bc6b-74ab7d775d30,TOR-001,"Tornillo para madera 1"" (caja 100 u)",Tornillería,2,42.0,84.0
EV-001085,2026-04-01 14:14:00,0b4327ce-a267-40d8-bc6b-74ab7d775d30,TOR-001,"Tornillo para madera 1"" (caja 100 u)",Tornillería,4,42.0,168.0
EV-001086,2026-04-01 14:19:00,92e71d63-18a8-434d-843c-bf74be57070f,HER-002,Cinta métrica 5 m,Herramientas,1,78.0,78.0
EV-001087,2026-04-01 14:28:00,e6d66d11-b7e0-4153-81fa-62a11cef4515,PLO-001,"Tubo PVC 1/2"" x 6 m",Plomería,3,96.0,288.0
EV-001088,2026-04-01 14:31:00,0b4327ce-a267-40d8-bc6b-74ab7d775d30,TOR-001,"Tornillo para madera 1"" (caja 100 u)",Tornillería,1,42.0,42.0
EV-001089,2026-04-04 07:00:00,ccc1fa5f-09b9-486c-8a74-3dfa0298911a,CEM-001,Cemento gris 42.5 kg,Construcción,1,245.0,245.0
EV-001090,2026-04-04 07:00:00,0b4327ce-a267-40d8-bc6b-74ab7d775d30,TOR-001,"Tornillo para madera 1"" (caja 100 u)",Tornillería,4,42.0,168.0
EV-001091,2026-04-04 08:04:00,92e71d63-18a8-434d-843c-bf74be57070f,HER-002,Cinta métrica 5 m,Herramientas,1,78.0,78.0
EV-001092,2026-04-04 08:41:00,92e71d63-18a8-434d-843c-bf74be57070f,HER-002,Cinta métrica 5 m,Herramientas,1,78.0,78.0
EV-001093,2026-04-04 08:46:00,ccc1fa5f-09b9-486c-8a74-3dfa0298911a,CEM-001,Cemento gris 42.5 kg,Construcción,1,245.0,245.0
EV-001094,2026-04-04 09:06:00,ccc1fa5f-09b9-486c-8a74-3dfa0298911a,CEM-001,Cemento gris 42.5 kg,Construcción,4,245.0,980.0
EV-001095,2026-04-04 09:38:00,126b5449-9df4-496e-a1b9-f527a5ea0c0a,CER-023,Candado de bronce 40 mm,Cerrajería,1,120.0,120.0
EV-001096,2026-04-04 10:33:00,765694c8-9734-462c-a35f-797118e2e09e,PIN-001,Pintura acrílica blanca 1 galón,Pinturas,3,385.0,1155.0
EV-001097,2026-04-04 11:02:00,0b4327ce-a267-40d8-bc6b-74ab7d775d30,TOR-001,"Tornillo para madera 1"" (caja 100 u)",Tornillería,2,42.0,84.0
EV-001098,2026-04-04 11:08:00,e6d66d11-b7e0-4153-81fa-62a11cef4515,PLO-001,"Tubo PVC 1/2"" x 6 m",Plomería,5,96.0,480.0
EV-001099,2026-04-04 11:11:00,92e71d63-18a8-434d-843c-bf74be57070f,HER-002,Cinta métrica 5 m,Herramientas,1,78.0,78.0
EV-001100,2026-04-04 11:18:00,ccc1fa5f-09b9-486c-8a74-3dfa0298911a,CEM-001,Cemento gris 42.5 kg,Construcción,1,245.0,245.0
EV-001101,2026-04-04 11:18:00,0b4327ce-a267-40d8-bc6b-74ab7d775d30,TOR-001,"Tornillo para madera 1"" (caja 100 u)",Tornillería,3,42.0,126.0
EV-001102,2026-04-04 11:35:00,92e71d63-18a8-434d-843c-bf74be57070f,HER-002,Cinta métrica 5 m,Herramientas,1,78.0,78.0
EV-001103,2026-04-04 11:42:00,92e71d63-18a8-434d-843c-bf74be57070f,HER-002,Cinta métrica 5 m,Herramientas,1,78.0,78.0
EV-001104,2026-04-04 12:00:00,30cf2d34-7ddc-45a8-9eac-4a9fc4cfa3f5,ELE-001,Cable THHN #12 (rollo 100 m),Eléctrico,1,1150.0,1150.0
EV-001105,2026-04-04 12:15:00,e6d66d11-b7e0-4153-81fa-62a11cef4515,PLO-001,"Tubo PVC 1/2"" x 6 m",Plomería,1,96.0,960.0
EV-001106,2026-04-04 12:19:00,e6d66d11-b7e0-4153-81fa-62a11cef4515,PLO-001,"Tubo PVC 1/2"" x 6 m",Plomería,1,96.0,96.0
EV-001107,2026-04-04 13:03:00,ccc1fa5f-09b9-486c-8a74-3dfa0298911a,CEM-001,Cemento gris 42.5 kg,Construcción,6,245.0,1470.0
EV-001108,2026-04-04 13:33:00,0b4327ce-a267-40d8-bc6b-74ab7d775d30,TOR-001,"Tornillo para madera 1"" (caja 100 u)",Tornillería,1,42.0,42.0
EV-001109,2026-04-04 13:52:00,ccc1fa5f-09b9-486c-8a74-3dfa0298911a,CEM-001,Cemento gris 42.5 kg,Construcción,6,245.0,1470.0
EV-001110,2026-04-04 14:00:00,0b4327ce-a267-40d8-bc6b-74ab7d775d30,TOR-001,"Tornillo para madera 1"" (caja 100 u)",Tornillería,4,42.0,168.0
EV-001111,2026-04-06 08:15:00,9acb88c2-673a-4ca9-b665-b129976958bd,HER-001,Martillo de uña 16 oz,Herramientas,2,185.0,370.0
EV-001112,2026-04-06 08:55:00,0b4327ce-a267-40d8-bc6b-74ab7d775d30,TOR-001,"Tornillo para madera 1"" (caja 100 u)",Tornillería,1,42.0,42.0
EV-001113,2026-04-06 09:47:00,9acb88c2-673a-4ca9-b665-b129976958bd,HER-001,Martillo de uña 16 oz,Herramientas,1,185.0,185.0
EV-001114,2026-04-06 09:51:00,0b4327ce-a267-40d8-bc6b-74ab7d775d30,TOR-001,"Tornillo para madera 1"" (caja 100 u)",Tornillería,2,42.0,84.0
EV-001115,2026-04-06 10:21:00,92e71d63-18a8-434d-843c-bf74be57070f,HER-002,Cinta métrica 5 m,Herramientas,1,78.0,78.0
EV-001116,2026-04-06 10:21:00,92e71d63-18a8-434d-843c-bf74be57070f,HER-002,Cinta métrica 5 m,Herramientas,2,78.0,156.0
EV-001117,2026-04-06 10:25:00,0b4327ce-a267-40d8-bc6b-74ab7d775d30,TOR-001,"Tornillo para madera 1"" (caja 100 u)",Tornillería,3,42.0,126.0
EV-001118,2026-04-06 12:04:00,ccc1fa5f-09b9-486c-8a74-3dfa0298911a,CEM-001,Cemento gris 42.5 kg,Construcción,5,245.0,1225.0
EV-001119,2026-04-06 12:45:00,e6d66d11-b7e0-4153-81fa-62a11cef4515,PLO-001,"Tubo PVC 1/2"" x 6 m",Plomería,2,96.0,192.0
EV-001120,2026-04-06 12:49:00,9acb88c2-673a-4ca9-b665-b129976958bd,HER-001,Martillo de uña 16 oz,Herramientas,1,185.0,185.0
EV-001121,2026-04-06 13:12:00,9acb88c2-673a-4ca9-b665-b129976958bd,HER-001,Martillo de uña 16 oz,Herramientas,1,185.0,185.0
EV-001122,2026-04-06 13:57:00,30cf2d34-7ddc-45a8-9eac-4a9fc4cfa3f5,ELE-001,Cable THHN #12 (rollo 100 m),Eléctrico,1,1150.0,1150.0
EV-001123,2026-04-06 14:08:00,765694c8-9734-462c-a35f-797118e2e09e,PIN-001,Pintura acrílica blanca 1 galón,Pinturas,1,385.0,385.0
EV-001124,2026-04-06 14:14:00,126b5449-9df4-496e-a1b9-f527a5ea0c0a,CER-023,Candado de bronce 40 mm,Cerrajería,1,120.0,120.0
EV-001125,2026-04-07 07:00:00,ccc1fa5f-09b9-486c-8a74-3dfa0298911a,CEM-001,Cemento gris 42.5 kg,Construcción,2,245.0,490.0
EV-001126,2026-04-07 07:00:00,0952bcea-dcc1-484d-b422-b1a41871f4be,CER-001,Candado de bronce 40 mm,Cerrajería,1,145.0,145.0
EV-001127,2026-04-07 07:00:00,0b4327ce-a267-40d8-bc6b-74ab7d775d30,TOR-001,"Tornillo para madera 1"" (caja 100 u)",Tornillería,1,42.0,42.0
EV-001128,2026-04-07 08:54:00,9acb88c2-673a-4ca9-b665-b129976958bd,HER-001,Martillo de uña 16 oz,Herramientas,1,185.0,185.0
EV-001129,2026-04-07 08:58:00,0b4327ce-a267-40d8-bc6b-74ab7d775d30,TOR-001,"Tornillo para madera 1"" (caja 100 u)",Tornillería,1,42.0,42.0
EV-001130,2026-04-07 09:41:00,ccc1fa5f-09b9-486c-8a74-3dfa0298911a,CEM-001,Cemento gris 42.5 kg,Construcción,1,245.0,245.0
EV-001131,2026-04-07 10:54:00,0b4327ce-a267-40d8-bc6b-74ab7d775d30,TOR-001,"Tornillo para madera 1"" (caja 100 u)",Tornillería,2,42.0,84.0
EV-001132,2026-04-07 11:15:00,0b4327ce-a267-40d8-bc6b-74ab7d775d30,TOR-001,"Tornillo para madera 1"" (caja 100 u)",Tornillería,4,42.0,168.0
EV-001133,2026-04-07 11:21:00,0b4327ce-a267-40d8-bc6b-74ab7d775d30,TOR-001,"Tornillo para madera 1"" (caja 100 u)",Tornillería,1,42.0,42.0
EV-001134,2026-04-07 11:43:00,0b4327ce-a267-40d8-bc6b-74ab7d775d30,TOR-001,"Tornillo para madera 1"" (caja 100 u)",Tornillería,1,42.0,42.0
EV-001135,2026-04-07 11:55:00,e6d66d11-b7e0-4153-81fa-62a11cef4515,PLO-001,"Tubo PVC 1/2"" x 6 m",Plomería,2,96.0,192.0
EV-001136,2026-04-07 12:21:00,0b4327ce-a267-40d8-bc6b-74ab7d775d30,TOR-001,"Tornillo para madera 1"" (caja 100 u)",Tornillería,2,42.0,84.0
EV-001137,2026-04-07 12:46:00,ccc1fa5f-09b9-486c-8a74-3dfa0298911a,CEM-001,Cemento gris 42.5 kg,Construcción,4,245.0,980.0
EV-001138,2026-04-07 13:13:00,30cf2d34-7ddc-45a8-9eac-4a9fc4cfa3f5,ELE-001,Cable THHN #12 (rollo 100 m),Eléctrico,1,1150.0,1150.0
EV-001139,2026-04-07 13:57:00,30cf2d34-7ddc-45a8-9eac-4a9fc4cfa3f5,ELE-001,Cable THHN #12 (rollo 100 m),Eléctrico,1,1150.0,1150.0
EV-001140,2026-04-07 14:05:00,92e71d63-18a8-434d-843c-bf74be57070f,HER-002,Cinta métrica 5 m,Herramientas,2,78.0,156.0
EV-001141,2026-04-07 14:22:00,765694c8-9734-462c-a35f-797118e2e09e,PIN-001,Pintura acrílica blanca 1 galón,Pinturas,2,385.0,770.0
EV-001142,2026-04-07 14:58:00,126b5449-9df4-496e-a1b9-f527a5ea0c0a,CER-023,Candado de bronce 40 mm,Cerrajería,1,120.0,120.0
EV-001143,2026-04-07 15:33:00,0b4327ce-a267-40d8-bc6b-74ab7d775d30,TOR-001,"Tornillo para madera 1"" (caja 100 u)",Tornillería,1,42.0,42.0
EV-001144,2026-04-07 15:40:00,92e71d63-18a8-434d-843c-bf74be57070f,HER-002,Cinta métrica 5 m,Herramientas,2,78.0,156.0
EV-001145,2026-04-08 07:00:00,e6d66d11-b7e0-4153-81fa-62a11cef4515,PLO-001,"Tubo PVC 1/2"" x 6 m",Plomería,1,96.0,96.0
EV-001146,2026-04-08 07:15:00,ccc1fa5f-09b9-486c-8a74-3dfa0298911a,CEM-001,Cemento gris 42.5 kg,Construcción,2,245.0,490.0
EV-001147,2026-04-08 08:44:00,92e71d63-18a8-434d-843c-bf74be57070f,HER-002,Cinta métrica 5 m,Herramientas,2,78.0,156.0
EV-001148,2026-04-08 08:59:00,0b4327ce-a267-40d8-bc6b-74ab7d775d30,TOR-001,"Tornillo para madera 1"" (caja 100 u)",Tornillería,4,42.0,168.0
EV-001149,2026-04-08 10:13:00,0b4327ce-a267-40d8-bc6b-74ab7d775d30,TOR-001,"Tornillo para madera 1"" (caja 100 u)",Tornillería,1,42.0,42.0
EV-001150,2026-04-08 10:27:00,ccc1fa5f-09b9-486c-8a74-3dfa0298911a,CEM-001,Cemento gris 42.5 kg,Construcción,3,245.0,735.0
EV-001151,2026-04-08 10:53:00,9acb88c2-673a-4ca9-b665-b129976958bd,HER-001,Martillo de uña 16 oz,Herramientas,1,185.0,185.0
EV-001152,2026-04-08 11:00:00,ccc1fa5f-09b9-486c-8a74-3dfa0298911a,CEM-001,Cemento gris 42.5 kg,Construcción,1,245.0,245.0
EV-001153,2026-04-08 12:15:00,0b4327ce-a267-40d8-bc6b-74ab7d775d30,TOR-001,"Tornillo para madera 1"" (caja 100 u)",Tornillería,2,42.0,84.0
EV-001154,2026-04-08 12:42:00,e6d66d11-b7e0-4153-81fa-62a11cef4515,PLO-001,"Tubo PVC 1/2"" x 6 m",Plomería,1,96.0,96.0
EV-001155,2026-04-08 12:52:00,9acb88c2-673a-4ca9-b665-b129976958bd,HER-001,Martillo de uña 16 oz,Herramientas,1,185.0,185.0
EV-001156,2026-04-08 12:53:00,ccc1fa5f-09b9-486c-8a74-3dfa0298911a,CEM-001,Cemento gris 42.5 kg,Construcción,3,245.0,735.0
EV-001157,2026-04-08 13:18:00,ccc1fa5f-09b9-486c-8a74-3dfa0298911a,CEM-001,Cemento gris 42.5 kg,Construcción,3,245.0,735.0
EV-001158,2026-04-09 07:10:00,92e71d63-18a8-434d-843c-bf74be57070f,HER-002,Cinta métrica 5 m,Herramientas,2,78.0,156.0
EV-001159,2026-04-09 07:36:00,9acb88c2-673a-4ca9-b665-b129976958bd,HER-001,Martillo de uña 16 oz,Herramientas,1,185.0,185.0
EV-001160,2026-04-09 08:59:00,ccc1fa5f-09b9-486c-8a74-3dfa0298911a,CEM-001,Cemento gris 42.5 kg,Construcción,3,245.0,735.0
EV-001161,2026-04-09 10:00:00,0952bcea-dcc1-484d-b422-b1a41871f4be,CER-001,Candado de bronce 40 mm,Cerrajería,2,145.0,290.0
EV-001162,2026-04-09 10:21:00,0b4327ce-a267-40d8-bc6b-74ab7d775d30,TOR-001,"Tornillo para madera 1"" (caja 100 u)",Tornillería,4,42.0,168.0
EV-001163,2026-04-09 10:46:00,0952bcea-dcc1-484d-b422-b1a41871f4be,CER-001,Candado de bronce 40 mm,Cerrajería,1,145.0,145.0
EV-001164,2026-04-09 11:29:00,0b4327ce-a267-40d8-bc6b-74ab7d775d30,TOR-001,"Tornillo para madera 1"" (caja 100 u)",Tornillería,3,42.0,126.0
EV-001165,2026-04-09 11:48:00,126b5449-9df4-496e-a1b9-f527a5ea0c0a,CER-023,Candado de bronce 40 mm,Cerrajería,1,120.0,120.0
EV-001166,2026-04-09 12:15:00,0b4327ce-a267-40d8-bc6b-74ab7d775d30,TOR-001,"Tornillo para madera 1"" (caja 100 u)",Tornillería,1,42.0,42.0
EV-001167,2026-04-09 12:57:00,ccc1fa5f-09b9-486c-8a74-3dfa0298911a,CEM-001,Cemento gris 42.5 kg,Construcción,4,245.0,980.0
EV-001168,2026-04-09 13:17:00,e6d66d11-b7e0-4153-81fa-62a11cef4515,PLO-001,"Tubo PVC 1/2"" x 6 m",Plomería,3,96.0,288.0
EV-001169,2026-04-09 13:34:00,92e71d63-18a8-434d-843c-bf74be57070f,HER-002,Cinta métrica 5 m,Herramientas,1,78.0,78.0
EV-001170,2026-04-10 07:00:00,ccc1fa5f-09b9-486c-8a74-3dfa0298911a,CEM-001,Cemento gris 42.5 kg,Construcción,2,245.0,490.0
EV-001171,2026-04-10 09:02:00,0b4327ce-a267-40d8-bc6b-74ab7d775d30,TOR-001,"Tornillo para madera 1"" (caja 100 u)",Tornillería,4,42.0,168.0
EV-001172,2026-04-10 09:39:00,92e71d63-18a8-434d-843c-bf74be57070f,HER-002,Cinta métrica 5 m,Herramientas,1,78.0,78.0
EV-001173,2026-04-10 10:45:00,0b4327ce-a267-40d8-bc6b-74ab7d775d30,TOR-001,"Tornillo para madera 1"" (caja 100 u)",Tornillería,4,42.0,168.0
EV-001174,2026-04-10 11:10:00,e6d66d11-b7e0-4153-81fa-62a11cef4515,PLO-001,"Tubo PVC 1/2"" x 6 m",Plomería,3,96.0,288.0
EV-001175,2026-04-10 11:47:00,ccc1fa5f-09b9-486c-8a74-3dfa0298911a,CEM-001,Cemento gris 42.5 kg,Construcción,1,245.0,245.0
EV-001176,2026-04-10 11:52:00,e6d66d11-b7e0-4153-81fa-62a11cef4515,PLO-001,"Tubo PVC 1/2"" x 6 m",Plomería,1,96.0,96.0
EV-001177,2026-04-10 11:58:00,e6d66d11-b7e0-4153-81fa-62a11cef4515,PLO-001,"Tubo PVC 1/2"" x 6 m",Plomería,1,96.0,96.0
EV-001178,2026-04-10 12:01:00,0b4327ce-a267-40d8-bc6b-74ab7d775d30,TOR-001,"Tornillo para madera 1"" (caja 100 u)",Tornillería,2,42.0,84.0
EV-001179,2026-04-10 12:13:00,0b4327ce-a267-40d8-bc6b-74ab7d775d30,TOR-001,"Tornillo para madera 1"" (caja 100 u)",Tornillería,2,42.0,84.0
EV-001180,2026-04-10 12:14:00,0952bcea-dcc1-484d-b422-b1a41871f4be,CER-001,Candado de bronce 40 mm,Cerrajería,1,145.0,145.0
EV-001181,2026-04-10 12:19:00,0b4327ce-a267-40d8-bc6b-74ab7d775d30,TOR-001,"Tornillo para madera 1"" (caja 100 u)",Tornillería,2,42.0,84.0
EV-001182,2026-04-10 12:24:00,0952bcea-dcc1-484d-b422-b1a41871f4be,CER-001,Candado de bronce 40 mm,Cerrajería,1,145.0,145.0
EV-001183,2026-04-10 12:34:00,0b4327ce-a267-40d8-bc6b-74ab7d775d30,TOR-001,"Tornillo para madera 1"" (caja 100 u)",Tornillería,3,42.0,126.0
EV-001184,2026-04-10 12:40:00,765694c8-9734-462c-a35f-797118e2e09e,PIN-001,Pintura acrílica blanca 1 galón,Pinturas,1,385.0,385.0
EV-001185,2026-04-10 12:53:00,30cf2d34-7ddc-45a8-9eac-4a9fc4cfa3f5,ELE-001,Cable THHN #12 (rollo 100 m),Eléctrico,1,1150.0,1150.0
EV-001186,2026-04-10 12:58:00,0b4327ce-a267-40d8-bc6b-74ab7d775d30,TOR-001,"Tornillo para madera 1"" (caja 100 u)",Tornillería,2,42.0,84.0
EV-001187,2026-04-10 13:51:00,e6d66d11-b7e0-4153-81fa-62a11cef4515,PLO-001,"Tubo PVC 1/2"" x 6 m",Plomería,2,96.0,192.0
EV-001188,2026-04-11 07:00:00,ccc1fa5f-09b9-486c-8a74-3dfa0298911a,CEM-001,Cemento gris 42.5 kg,Construcción,1,245.0,245.0
EV-001189,2026-04-11 07:00:00,0b4327ce-a267-40d8-bc6b-74ab7d775d30,TOR-001,"Tornillo para madera 1"" (caja 100 u)",Tornillería,2,42.0,84.0
EV-001190,2026-04-11 08:58:00,9acb88c2-673a-4ca9-b665-b129976958bd,HER-001,Martillo de uña 16 oz,Herramientas,1,185.0,185.0
EV-001191,2026-04-11 09:14:00,126b5449-9df4-496e-a1b9-f527a5ea0c0a,CER-023,Candado de bronce 40 mm,Cerrajería,1,120.0,120.0
EV-001192,2026-04-11 09:36:00,0b4327ce-a267-40d8-bc6b-74ab7d775d30,TOR-001,"Tornillo para madera 1"" (caja 100 u)",Tornillería,4,42.0,168.0
EV-001193,2026-04-11 09:51:00,e6d66d11-b7e0-4153-81fa-62a11cef4515,PLO-001,"Tubo PVC 1/2"" x 6 m",Plomería,4,96.0,384.0
EV-001194,2026-04-11 10:45:00,e6d66d11-b7e0-4153-81fa-62a11cef4515,PLO-001,"Tubo PVC 1/2"" x 6 m",Plomería,4,96.0,384.0
EV-001195,2026-04-11 10:46:00,0952bcea-dcc1-484d-b422-b1a41871f4be,CER-001,Candado de bronce 40 mm,Cerrajería,1,145.0,145.0
EV-001196,2026-04-11 10:53:00,92e71d63-18a8-434d-843c-bf74be57070f,HER-002,Cinta métrica 5 m,Herramientas,1,78.0,78.0
EV-001197,2026-04-11 10:57:00,0b4327ce-a267-40d8-bc6b-74ab7d775d30,TOR-001,"Tornillo para madera 1"" (caja 100 u)",Tornillería,4,42.0,168.0
EV-001198,2026-04-11 11:31:00,ccc1fa5f-09b9-486c-8a74-3dfa0298911a,CEM-001,Cemento gris 42.5 kg,Construcción,2,245.0,490.0
EV-001199,2026-04-11 11:58:00,30cf2d34-7ddc-45a8-9eac-4a9fc4cfa3f5,ELE-001,Cable THHN #12 (rollo 100 m),Eléctrico,1,1150.0,1150.0
EV-001200,2026-04-11 12:08:00,ccc1fa5f-09b9-486c-8a74-3dfa0298911a,CEM-001,Cemento gris 42.5 kg,Construcción,2,245.0,490.0
EV-001201,2026-04-11 12:31:00,92e71d63-18a8-434d-843c-bf74be57070f,HER-002,Cinta métrica 5 m,Herramientas,2,78.0,156.0
EV-001202,2026-04-11 12:33:00,ccc1fa5f-09b9-486c-8a74-3dfa0298911a,CEM-001,Cemento gris 42.5 kg,Construcción,1,245.0,245.0
EV-001203,2026-04-11 13:08:00,126b5449-9df4-496e-a1b9-f527a5ea0c0a,CER-023,Candado de bronce 40 mm,Cerrajería,1,120.0,120.0
EV-001204,2026-04-11 13:08:00,0b4327ce-a267-40d8-bc6b-74ab7d775d30,TOR-001,"Tornillo para madera 1"" (caja 100 u)",Tornillería,1,42.0,42.0
EV-001205,2026-04-11 13:18:00,765694c8-9734-462c-a35f-797118e2e09e,PIN-001,Pintura acrílica blanca 1 galón,Pinturas,1,385.0,385.0
EV-001206,2026-04-11 13:19:00,765694c8-9734-462c-a35f-797118e2e09e,PIN-001,Pintura acrílica blanca 1 galón,Pinturas,2,385.0,770.0
EV-001207,2026-04-11 14:02:00,ccc1fa5f-09b9-486c-8a74-3dfa0298911a,CEM-001,Cemento gris 42.5 kg,Construcción,1,245.0,245.0
EV-001208,2026-04-11 14:13:00,0b4327ce-a267-40d8-bc6b-74ab7d775d30,TOR-001,"Tornillo para madera 1"" (caja 100 u)",Tornillería,2,42.0,84.0
EV-001209,2026-04-11 14:14:00,0b4327ce-a267-40d8-bc6b-74ab7d775d30,TOR-001,"Tornillo para madera 1"" (caja 100 u)",Tornillería,2,42.0,84.0
EV-001210,2026-04-11 14:20:00,ccc1fa5f-09b9-486c-8a74-3dfa0298911a,CEM-001,Cemento gris 42.5 kg,Construcción,2,245.0,490.0
EV-001211,2026-04-11 14:36:00,126b5449-9df4-496e-a1b9-f527a5ea0c0a,CER-023,Candado de bronce 40 mm,Cerrajería,1,120.0,120.0
EV-001212,2026-04-11 14:50:00,0b4327ce-a267-40d8-bc6b-74ab7d775d30,TOR-001,"Tornillo para madera 1"" (caja 100 u)",Tornillería,4,42.0,168.0
EV-001212,2026-04-11 14:50:00,0b4327ce-a267-40d8-bc6b-74ab7d775d30,TOR-001,"Tornillo para madera 1"" (caja 100 u)",Tornillería,4,42.0,168.0
EV-001213,2026-04-13 07:00:00,765694c8-9734-462c-a35f-797118e2e09e,PIN-001,Pintura acrílica blanca 1 galón,Pinturas,1,385.0,385.0
EV-001214,2026-04-13 08:39:00,e6d66d11-b7e0-4153-81fa-62a11cef4515,PLO-001,"Tubo PVC 1/2"" x 6 m",Plomería,2,96.0,192.0
EV-001215,2026-04-13 08:40:00,92e71d63-18a8-434d-843c-bf74be57070f,HER-002,Cinta métrica 5 m,Herramientas,1,78.0,78.0
EV-001216,2026-04-13 09:39:00,92e71d63-18a8-434d-843c-bf74be57070f,HER-002,Cinta métrica 5 m,Herramientas,1,78.0,78.0
EV-001217,2026-04-13 12:20:00,ccc1fa5f-09b9-486c-8a74-3dfa0298911a,CEM-001,Cemento gris 42.5 kg,Construcción,4,245.0,980.0
EV-001218,2026-04-13 12:58:00,92e71d63-18a8-434d-843c-bf74be57070f,HER-002,Cinta métrica 5 m,Herramientas,1,78.0,78.0
EV-001219,2026-04-13 15:24:00,92e71d63-18a8-434d-843c-bf74be57070f,HER-002,Cinta métrica 5 m,Herramientas,2,78.0,156.0
EV-001220,2026-04-13 15:29:00,92e71d63-18a8-434d-843c-bf74be57070f,HER-002,Cinta métrica 5 m,Herramientas,1,78.0,78.0
EV-001221,2026-04-14 07:01:00,0b4327ce-a267-40d8-bc6b-74ab7d775d30,TOR-001,"Tornillo para madera 1"" (caja 100 u)",Tornillería,1,42.0,42.0
EV-001222,2026-04-14 08:27:00,0b4327ce-a267-40d8-bc6b-74ab7d775d30,TOR-001,"Tornillo para madera 1"" (caja 100 u)",Tornillería,1,42.0,42.0
EV-001223,2026-04-14 08:36:00,765694c8-9734-462c-a35f-797118e2e09e,PIN-001,Pintura acrílica blanca 1 galón,Pinturas,3,385.0,1155.0
EV-001224,2026-04-14 10:09:00,e6d66d11-b7e0-4153-81fa-62a11cef4515,PLO-001,"Tubo PVC 1/2"" x 6 m",Plomería,1,96.0,96.0
EV-001225,2026-04-14 12:37:00,126b5449-9df4-496e-a1b9-f527a5ea0c0a,CER-023,Candado de bronce 40 mm,Cerrajería,1,120.0,120.0
EV-001226,2026-04-14 13:01:00,0952bcea-dcc1-484d-b422-b1a41871f4be,CER-001,Candado de bronce 40 mm,Cerrajería,1,145.0,145.0
EV-001227,2026-04-14 13:43:00,ccc1fa5f-09b9-486c-8a74-3dfa0298911a,CEM-001,Cemento gris 42.5 kg,Construcción,6,245.0,1470.0
EV-001228,2026-04-14 14:01:00,30cf2d34-7ddc-45a8-9eac-4a9fc4cfa3f5,ELE-001,Cable THHN #12 (rollo 100 m),Eléctrico,1,1150.0,1150.0
EV-001229,2026-04-14 14:41:00,765694c8-9734-462c-a35f-797118e2e09e,PIN-001,Pintura acrílica blanca 1 galón,Pinturas,2,385.0,770.0
EV-001230,2026-04-14 16:44:00,ccc1fa5f-09b9-486c-8a74-3dfa0298911a,CEM-001,Cemento gris 42.5 kg,Construcción,2,245.0,490.0
EV-001231,2026-04-15 08:30:00,0b4327ce-a267-40d8-bc6b-74ab7d775d30,TOR-001,"Tornillo para madera 1"" (caja 100 u)",Tornillería,1,42.0,42.0
EV-001232,2026-04-15 09:57:00,9acb88c2-673a-4ca9-b665-b129976958bd,HER-001,Martillo de uña 16 oz,Herramientas,1,185.0,185.0
EV-001233,2026-04-15 10:18:00,e6d66d11-b7e0-4153-81fa-62a11cef4515,PLO-001,"Tubo PVC 1/2"" x 6 m",Plomería,4,96.0,384.0
EV-001234,2026-04-15 10:31:00,ccc1fa5f-09b9-486c-8a74-3dfa0298911a,CEM-001,Cemento gris 42.5 kg,Construcción,2,245.0,490.0
EV-001235,2026-04-15 10:32:00,0b4327ce-a267-40d8-bc6b-74ab7d775d30,TOR-001,"Tornillo para madera 1"" (caja 100 u)",Tornillería,1,42.0,42.0
EV-001236,2026-04-15 11:20:00,0b4327ce-a267-40d8-bc6b-74ab7d775d30,TOR-001,"Tornillo para madera 1"" (caja 100 u)",Tornillería,4,42.0,168.0
EV-001237,2026-04-15 11:38:00,e6d66d11-b7e0-4153-81fa-62a11cef4515,PLO-001,"Tubo PVC 1/2"" x 6 m",Plomería,3,96.0,288.0
EV-001238,2026-04-15 11:46:00,9acb88c2-673a-4ca9-b665-b129976958bd,HER-001,Martillo de uña 16 oz,Herramientas,2,185.0,370.0
EV-001239,2026-04-15 12:09:00,0b4327ce-a267-40d8-bc6b-74ab7d775d30,TOR-001,"Tornillo para madera 1"" (caja 100 u)",Tornillería,1,42.0,42.0
EV-001240,2026-04-15 12:26:00,0b4327ce-a267-40d8-bc6b-74ab7d775d30,TOR-001,"Tornillo para madera 1"" (caja 100 u)",Tornillería,1,42.0,42.0
EV-001241,2026-04-15 13:31:00,765694c8-9734-462c-a35f-797118e2e09e,PIN-001,Pintura acrílica blanca 1 galón,Pinturas,1,385.0,385.0
EV-001242,2026-04-15 14:07:00,ccc1fa5f-09b9-486c-8a74-3dfa0298911a,CEM-001,Cemento gris 42.5 kg,Construcción,4,245.0,980.0
EV-001242,2026-04-15 14:07:00,ccc1fa5f-09b9-486c-8a74-3dfa0298911a,CEM-001,Cemento gris 42.5 kg,Construcción,4,245.0,980.0
EV-001243,2026-04-15 14:10:00,ccc1fa5f-09b9-486c-8a74-3dfa0298911a,CEM-001,Cemento gris 42.5 kg,Construcción,2,245.0,490.0
EV-001244,2026-04-15 14:15:00,ccc1fa5f-09b9-486c-8a74-3dfa0298911a,CEM-001,Cemento gris 42.5 kg,Construcción,1,245.0,245.0
EV-001245,2026-04-16 07:52:00,0b4327ce-a267-40d8-bc6b-74ab7d775d30,TOR-001,"Tornillo para madera 1"" (caja 100 u)",Tornillería,1,42.0,42.0
EV-001246,2026-04-16 08:37:00,e6d66d11-b7e0-4153-81fa-62a11cef4515,PLO-001,"Tubo PVC 1/2"" x 6 m",Plomería,3,96.0,288.0
EV-001247,2026-04-16 09:46:00,ccc1fa5f-09b9-486c-8a74-3dfa0298911a,CEM-001,Cemento gris 42.5 kg,Construcción,1,245.0,245.0
EV-001248,2026-04-16 10:10:00,0b4327ce-a267-40d8-bc6b-74ab7d775d30,TOR-001,"Tornillo para madera 1"" (caja 100 u)",Tornillería,4,42.0,168.0
EV-001249,2026-04-16 10:19:00,ccc1fa5f-09b9-486c-8a74-3dfa0298911a,CEM-001,Cemento gris 42.5 kg,Construcción,1,245.0,245.0
EV-001250,2026-04-16 10:47:00,ccc1fa5f-09b9-486c-8a74-3dfa0298911a,CEM-001,Cemento gris 42.5 kg,Construcción,3,245.0,735.0
EV-001251,2026-04-16 11:31:00,0952bcea-dcc1-484d-b422-b1a41871f4be,CER-001,Candado de bronce 40 mm,Cerrajería,2,145.0,290.0
EV-001252,2026-04-16 12:40:00,92e71d63-18a8-434d-843c-bf74be57070f,HER-002,Cinta métrica 5 m,Herramientas,2,78.0,156.0
EV-001253,2026-04-16 16:43:00,9acb88c2-673a-4ca9-b665-b129976958bd,HER-001,Martillo de uña 16 oz,Herramientas,1,185.0,185.0
EV-001254,2026-04-17 07:00:00,ccc1fa5f-09b9-486c-8a74-3dfa0298911a,CEM-001,Cemento gris 42.5 kg,Construcción,6,245.0,1470.0
EV-001255,2026-04-17 07:00:00,92e71d63-18a8-434d-843c-bf74be57070f,HER-002,Cinta métrica 5 m,Herramientas,1,78.0,78.0
EV-001256,2026-04-17 09:49:00,765694c8-9734-462c-a35f-797118e2e09e,PIN-001,Pintura acrílica blanca 1 galón,Pinturas,3,385.0,1155.0
EV-001257,2026-04-17 10:21:00,ccc1fa5f-09b9-486c-8a74-3dfa0298911a,CEM-001,Cemento gris 42.5 kg,Construcción,4,245.0,980.0
EV-001258,2026-04-17 10:30:00,ccc1fa5f-09b9-486c-8a74-3dfa0298911a,CEM-001,Cemento gris 42.5 kg,Construcción,6,245.0,1470.0
EV-001259,2026-04-17 11:03:00,92e71d63-18a8-434d-843c-bf74be57070f,HER-002,Cinta métrica 5 m,Herramientas,1,78.0,78.0
EV-001260,2026-04-17 11:26:00,126b5449-9df4-496e-a1b9-f527a5ea0c0a,CER-023,Candado de bronce 40 mm,Cerrajería,1,120.0,120.0
EV-001261,2026-04-17 11:27:00,9acb88c2-673a-4ca9-b665-b129976958bd,HER-001,Martillo de uña 16 oz,Herramientas,2,185.0,370.0
EV-001261,2026-04-17 11:27:00,9acb88c2-673a-4ca9-b665-b129976958bd,HER-001,Martillo de uña 16 oz,Herramientas,2,185.0,370.0
EV-001262,2026-04-17 11:34:00,0b4327ce-a267-40d8-bc6b-74ab7d775d30,TOR-001,"Tornillo para madera 1"" (caja 100 u)",Tornillería,2,42.0,84.0
EV-001263,2026-04-17 12:20:00,ccc1fa5f-09b9-486c-8a74-3dfa0298911a,CEM-001,Cemento gris 42.5 kg,Construcción,1,245.0,245.0
EV-001264,2026-04-17 12:24:00,0b4327ce-a267-40d8-bc6b-74ab7d775d30,TOR-001,"Tornillo para madera 1"" (caja 100 u)",Tornillería,1,42.0,42.0
EV-001265,2026-04-17 12:33:00,e6d66d11-b7e0-4153-81fa-62a11cef4515,PLO-001,"Tubo PVC 1/2"" x 6 m",Plomería,4,96.0,384.0
EV-001266,2026-04-17 13:19:00,0952bcea-dcc1-484d-b422-b1a41871f4be,CER-001,Candado de bronce 40 mm,Cerrajería,1,145.0,145.0
EV-001267,2026-04-17 13:33:00,0b4327ce-a267-40d8-bc6b-74ab7d775d30,TOR-001,"Tornillo para madera 1"" (caja 100 u)",Tornillería,2,42.0,84.0
EV-001268,2026-04-17 13:58:00,126b5449-9df4-496e-a1b9-f527a5ea0c0a,CER-023,Candado de bronce 40 mm,Cerrajería,1,120.0,120.0
EV-001269,2026-04-17 14:02:00,92e71d63-18a8-434d-843c-bf74be57070f,HER-002,Cinta métrica 5 m,Herramientas,1,78.0,78.0
EV-001270,2026-04-17 15:57:00,ccc1fa5f-09b9-486c-8a74-3dfa0298911a,CEM-001,Cemento gris 42.5 kg,Construcción,5,245.0,1225.0
EV-001271,2026-04-18 07:00:00,765694c8-9734-462c-a35f-797118e2e09e,PIN-001,Pintura acrílica blanca 1 galón,Pinturas,2,385.0,770.0
EV-001272,2026-04-18 07:38:00,9acb88c2-673a-4ca9-b665-b129976958bd,HER-001,Martillo de uña 16 oz,Herramientas,1,185.0,185.0
EV-001273,2026-04-18 08:04:00,0b4327ce-a267-40d8-bc6b-74ab7d775d30,TOR-001,"Tornillo para madera 1"" (caja 100 u)",Tornillería,1,42.0,42.0
EV-001274,2026-04-18 08:41:00,92e71d63-18a8-434d-843c-bf74be57070f,HER-002,Cinta métrica 5 m,Herramientas,2,78.0,156.0
EV-001275,2026-04-18 09:35:00,9acb88c2-673a-4ca9-b665-b129976958bd,HER-001,Martillo de uña 16 oz,Herramientas,2,185.0,370.0
EV-001276,2026-04-18 09:47:00,0b4327ce-a267-40d8-bc6b-74ab7d775d30,TOR-001,"Tornillo para madera 1"" (caja 100 u)",Tornillería,4,42.0,168.0
EV-001277,2026-04-18 10:13:00,0b4327ce-a267-40d8-bc6b-74ab7d775d30,TOR-001,"Tornillo para madera 1"" (caja 100 u)",Tornillería,1,42.0,42.0
EV-001278,2026-04-18 10:49:00,92e71d63-18a8-434d-843c-bf74be57070f,HER-002,Cinta métrica 5 m,Herramientas,1,78.0,78.0
EV-001279,2026-04-18 11:07:00,e6d66d11-b7e0-4153-81fa-62a11cef4515,PLO-001,"Tubo PVC 1/2"" x 6 m",Plomería,1,96.0,96.0
EV-001280,2026-04-18 11:26:00,e6d66d11-b7e0-4153-81fa-62a11cef4515,PLO-001,"Tubo PVC 1/2"" x 6 m",Plomería,3,96.0,288.0
EV-001281,2026-04-18 11:39:00,0b4327ce-a267-40d8-bc6b-74ab7d775d30,TOR-001,"Tornillo para madera 1"" (caja 100 u)",Tornillería,1,42.0,42.0
EV-001282,2026-04-18 12:06:00,ccc1fa5f-09b9-486c-8a74-3dfa0298911a,CEM-001,Cemento gris 42.5 kg,Construcción,1,245.0,245.0
EV-001283,2026-04-18 12:08:00,ccc1fa5f-09b9-486c-8a74-3dfa0298911a,CEM-001,Cemento gris 42.5 kg,Construcción,1,245.0,245.0
EV-001284,2026-04-18 12:10:00,0b4327ce-a267-40d8-bc6b-74ab7d775d30,TOR-001,"Tornillo para madera 1"" (caja 100 u)",Tornillería,1,42.0,42.0
EV-001285,2026-04-18 13:14:00,126b5449-9df4-496e-a1b9-f527a5ea0c0a,CER-023,Candado de bronce 40 mm,Cerrajería,1,120.0,120.0
EV-001286,2026-04-18 13:24:00,ccc1fa5f-09b9-486c-8a74-3dfa0298911a,CEM-001,Cemento gris 42.5 kg,Construcción,4,245.0,980.0
EV-001287,2026-04-18 13:42:00,0b4327ce-a267-40d8-bc6b-74ab7d775d30,TOR-001,"Tornillo para madera 1"" (caja 100 u)",Tornillería,2,42.0,84.0
EV-001288,2026-04-18 14:02:00,0b4327ce-a267-40d8-bc6b-74ab7d775d30,TOR-001,"Tornillo para madera 1"" (caja 100 u)",Tornillería,4,42.0,168.0
EV-001289,2026-04-18 14:29:00,e6d66d11-b7e0-4153-81fa-62a11cef4515,PLO-001,"Tubo PVC 1/2"" x 6 m",Plomería,4,96.0,384.0
EV-001290,2026-04-18 15:05:00,e6d66d11-b7e0-4153-81fa-62a11cef4515,PLO-001,"Tubo PVC 1/2"" x 6 m",Plomería,3,96.0,288.0
EV-001291,2026-04-18 15:10:00,e6d66d11-b7e0-4153-81fa-62a11cef4515,PLO-001,"Tubo PVC 1/2"" x 6 m",Plomería,4,96.0,384.0
EV-001292,2026-04-20 07:00:00,e6d66d11-b7e0-4153-81fa-62a11cef4515,PLO-001,"Tubo PVC 1/2"" x 6 m",Plomería,5,96.0,480.0
EV-001293,2026-04-20 07:10:00,92e71d63-18a8-434d-843c-bf74be57070f,HER-002,Cinta métrica 5 m,Herramientas,1,78.0,78.0
EV-001294,2026-04-20 08:13:00,0952bcea-dcc1-484d-b422-b1a41871f4be,CER-001,Candado de bronce 40 mm,Cerrajería,1,145.0,145.0
EV-001295,2026-04-20 09:12:00,765694c8-9734-462c-a35f-797118e2e09e,PIN-001,Pintura acrílica blanca 1 galón,Pinturas,2,385.0,770.0
EV-001296,2026-04-20 09:30:00,765694c8-9734-462c-a35f-797118e2e09e,PIN-001,Pintura acrílica blanca 1 galón,Pinturas,1,385.0,385.0
EV-001296,2026-04-20 09:30:00,765694c8-9734-462c-a35f-797118e2e09e,PIN-001,Pintura acrílica blanca 1 galón,Pinturas,1,385.0,385.0
EV-001297,2026-04-20 09:40:00,765694c8-9734-462c-a35f-797118e2e09e,PIN-001,Pintura acrílica blanca 1 galón,Pinturas,2,385.0,770.0
EV-001298,2026-04-20 10:15:00,0b4327ce-a267-40d8-bc6b-74ab7d775d30,TOR-001,"Tornillo para madera 1"" (caja 100 u)",Tornillería,4,42.0,168.0
EV-001299,2026-04-20 11:18:00,e6d66d11-b7e0-4153-81fa-62a11cef4515,PLO-001,"Tubo PVC 1/2"" x 6 m",Plomería,2,96.0,192.0
EV-001300,2026-04-20 11:33:00,0b4327ce-a267-40d8-bc6b-74ab7d775d30,TOR-001,"Tornillo para madera 1"" (caja 100 u)",Tornillería,1,42.0,42.0
EV-001301,2026-04-20 11:37:00,ccc1fa5f-09b9-486c-8a74-3dfa0298911a,CEM-001,Cemento gris 42.5 kg,Construcción,6,245.0,1470.0
EV-001302,2026-04-20 12:26:00,92e71d63-18a8-434d-843c-bf74be57070f,HER-002,Cinta métrica 5 m,Herramientas,1,78.0,78.0
EV-001303,2026-04-20 12:38:00,ccc1fa5f-09b9-486c-8a74-3dfa0298911a,CEM-001,Cemento gris 42.5 kg,Construcción,2,245.0,490.0
EV-001304,2026-04-20 13:36:00,30cf2d34-7ddc-45a8-9eac-4a9fc4cfa3f5,ELE-001,Cable THHN #12 (rollo 100 m),Eléctrico,1,1150.0,1150.0
EV-001305,2026-04-20 13:57:00,0b4327ce-a267-40d8-bc6b-74ab7d775d30,TOR-001,"Tornillo para madera 1"" (caja 100 u)",Tornillería,3,42.0,126.0
EV-001306,2026-04-20 15:12:00,0b4327ce-a267-40d8-bc6b-74ab7d775d30,TOR-001,"Tornillo para madera 1"" (caja 100 u)",Tornillería,2,42.0,84.0
EV-001307,2026-04-21 07:03:00,126b5449-9df4-496e-a1b9-f527a5ea0c0a,CER-023,Candado de bronce 40 mm,Cerrajería,1,120.0,120.0
EV-001308,2026-04-21 07:49:00,9acb88c2-673a-4ca9-b665-b129976958bd,HER-001,Martillo de uña 16 oz,Herramientas,1,185.0,185.0
EV-001309,2026-04-21 09:45:00,0952bcea-dcc1-484d-b422-b1a41871f4be,CER-001,Candado de bronce 40 mm,Cerrajería,1,145.0,145.0
EV-001310,2026-04-21 10:24:00,92e71d63-18a8-434d-843c-bf74be57070f,HER-002,Cinta métrica 5 m,Herramientas,2,78.0,156.0
EV-001311,2026-04-21 10:50:00,ccc1fa5f-09b9-486c-8a74-3dfa0298911a,CEM-001,Cemento gris 42.5 kg,Construcción,3,245.0,735.0
EV-001312,2026-04-21 10:51:00,0b4327ce-a267-40d8-bc6b-74ab7d775d30,TOR-001,"Tornillo para madera 1"" (caja 100 u)",Tornillería,2,,84.0
EV-001313,2026-04-21 11:28:00,0b4327ce-a267-40d8-bc6b-74ab7d775d30,TOR-001,"Tornillo para madera 1"" (caja 100 u)",Tornillería,4,42.0,168.0
EV-001314,2026-04-21 11:32:00,0b4327ce-a267-40d8-bc6b-74ab7d775d30,TOR-001,"Tornillo para madera 1"" (caja 100 u)",Tornillería,1,42.0,42.0
EV-001315,2026-04-21 12:25:00,ccc1fa5f-09b9-486c-8a74-3dfa0298911a,CEM-001,Cemento gris 42.5 kg,Construcción,6,245.0,1470.0
EV-001316,2026-04-21 12:43:00,e6d66d11-b7e0-4153-81fa-62a11cef4515,PLO-001,"Tubo PVC 1/2"" x 6 m",Plomería,4,96.0,384.0
EV-001317,2026-04-21 14:13:00,92e71d63-18a8-434d-843c-bf74be57070f,HER-002,Cinta métrica 5 m,Herramientas,1,78.0,78.0
EV-001318,2026-04-21 16:38:00,ccc1fa5f-09b9-486c-8a74-3dfa0298911a,CEM-001,Cemento gris 42.5 kg,Construcción,3,245.0,735.0
EV-001319,2026-04-22 10:12:00,0b4327ce-a267-40d8-bc6b-74ab7d775d30,TOR-001,"Tornillo para madera 1"" (caja 100 u)",Tornillería,1,42.0,42.0
EV-001320,2026-04-22 10:18:00,e6d66d11-b7e0-4153-81fa-62a11cef4515,PLO-001,"Tubo PVC 1/2"" x 6 m",Plomería,1,96.0,96.0
EV-001321,2026-04-22 11:00:00,92e71d63-18a8-434d-843c-bf74be57070f,HER-002,Cinta métrica 5 m,Herramientas,1,78.0,78.0
EV-001322,2026-04-22 11:18:00,e6d66d11-b7e0-4153-81fa-62a11cef4515,PLO-001,"Tubo PVC 1/2"" x 6 m",Plomería,1,96.0,96.0
EV-001322,2026-04-22 11:18:00,e6d66d11-b7e0-4153-81fa-62a11cef4515,PLO-001,"Tubo PVC 1/2"" x 6 m",Plomería,1,96.0,96.0
EV-001323,2026-04-22 11:32:00,9acb88c2-673a-4ca9-b665-b129976958bd,HER-001,Martillo de uña 16 oz,Herramientas,1,185.0,185.0
EV-001324,2026-04-22 12:04:00,126b5449-9df4-496e-a1b9-f527a5ea0c0a,CER-023,Candado de bronce 40 mm,Cerrajería,2,120.0,240.0
EV-001325,2026-04-22 12:21:00,30cf2d34-7ddc-45a8-9eac-4a9fc4cfa3f5,ELE-001,Cable THHN #12 (rollo 100 m),Eléctrico,1,1150.0,1150.0
EV-001326,2026-04-22 12:27:00,ccc1fa5f-09b9-486c-8a74-3dfa0298911a,CEM-001,Cemento gris 42.5 kg,Construcción,1,245.0,245.0
EV-001327,2026-04-22 13:32:00,0b4327ce-a267-40d8-bc6b-74ab7d775d30,TOR-001,"Tornillo para madera 1"" (caja 100 u)",Tornillería,1,42.0,42.0
EV-001328,2026-04-22 13:44:00,e6d66d11-b7e0-4153-81fa-62a11cef4515,PLO-001,"Tubo PVC 1/2"" x 6 m",Plomería,2,96.0,192.0
EV-001329,2026-04-22 13:48:00,e6d66d11-b7e0-4153-81fa-62a11cef4515,PLO-001,"Tubo PVC 1/2"" x 6 m",Plomería,1,96.0,96.0
EV-001330,2026-04-22 14:17:00,765694c8-9734-462c-a35f-797118e2e09e,PIN-001,Pintura acrílica blanca 1 galón,Pinturas,1,385.0,385.0
EV-001331,2026-04-22 14:25:00,30cf2d34-7ddc-45a8-9eac-4a9fc4cfa3f5,ELE-001,Cable THHN #12 (rollo 100 m),Eléctrico,1,1150.0,1150.0
EV-001332,2026-04-22 16:59:00,e6d66d11-b7e0-4153-81fa-62a11cef4515,PLO-001,"Tubo PVC 1/2"" x 6 m",Plomería,3,96.0,288.0
EV-001333,2026-04-23 07:00:00,30cf2d34-7ddc-45a8-9eac-4a9fc4cfa3f5,ELE-001,Cable THHN #12 (rollo 100 m),Eléctrico,1,1150.0,1150.0
EV-001334,2026-04-23 07:00:00,9acb88c2-673a-4ca9-b665-b129976958bd,HER-001,Martillo de uña 16 oz,Herramientas,1,185.0,185.0
EV-001335,2026-04-23 07:59:00,126b5449-9df4-496e-a1b9-f527a5ea0c0a,CER-023,Candado de bronce 40 mm,Cerrajería,1,120.0,120.0
EV-001336,2026-04-23 09:32:00,0b4327ce-a267-40d8-bc6b-74ab7d775d30,TOR-001,"Tornillo para madera 1"" (caja 100 u)",Tornillería,1,42.0,42.0
EV-001337,2026-04-23 09:59:00,126b5449-9df4-496e-a1b9-f527a5ea0c0a,CER-023,Candado de bronce 40 mm,Cerrajería,1,120.0,120.0
EV-001338,2026-04-23 10:01:00,0b4327ce-a267-40d8-bc6b-74ab7d775d30,TOR-001,"Tornillo para madera 1"" (caja 100 u)",Tornillería,1,42.0,42.0
EV-001339,2026-04-23 10:03:00,765694c8-9734-462c-a35f-797118e2e09e,PIN-001,Pintura acrílica blanca 1 galón,Pinturas,2,385.0,770.0
EV-001340,2026-04-23 10:16:00,0b4327ce-a267-40d8-bc6b-74ab7d775d30,TOR-001,"Tornillo para madera 1"" (caja 100 u)",Tornillería,1,42.0,42.0
EV-001341,2026-04-23 10:36:00,0b4327ce-a267-40d8-bc6b-74ab7d775d30,TOR-001,"Tornillo para madera 1"" (caja 100 u)",Tornillería,3,42.0,126.0
EV-001342,2026-04-23 11:28:00,0b4327ce-a267-40d8-bc6b-74ab7d775d30,TOR-001,"Tornillo para madera 1"" (caja 100 u)",Tornillería,1,42.0,42.0
EV-001343,2026-04-23 12:03:00,92e71d63-18a8-434d-843c-bf74be57070f,HER-002,Cinta métrica 5 m,Herramientas,1,78.0,78.0
EV-001344,2026-04-23 13:10:00,0b4327ce-a267-40d8-bc6b-74ab7d775d30,TOR-001,"Tornillo para madera 1"" (caja 100 u)",Tornillería,2,42.0,84.0
EV-001345,2026-04-23 14:23:00,ccc1fa5f-09b9-486c-8a74-3dfa0298911a,CEM-001,Cemento gris 42.5 kg,Construcción,1,245.0,245.0
EV-001346,2026-04-24 07:00:00,ccc1fa5f-09b9-486c-8a74-3dfa0298911a,CEM-001,Cemento gris 42.5 kg,Construcción,5,245.0,1225.0
EV-001347,2026-04-24 07:00:00,ccc1fa5f-09b9-486c-8a74-3dfa0298911a,CEM-001,Cemento gris 42.5 kg,Construcción,4,245.0,980.0
EV-001348,2026-04-24 07:17:00,92e71d63-18a8-434d-843c-bf74be57070f,HER-002,Cinta métrica 5 m,Herramientas,2,78.0,156.0
EV-001349,2026-04-24 07:43:00,92e71d63-18a8-434d-843c-bf74be57070f,HER-002,Cinta métrica 5 m,Herramientas,1,78.0,78.0
EV-001350,2026-04-24 09:05:00,0b4327ce-a267-40d8-bc6b-74ab7d775d30,TOR-001,"Tornillo para madera 1"" (caja 100 u)",Tornillería,2,42.0,84.0
EV-001351,2026-04-24 09:53:00,e6d66d11-b7e0-4153-81fa-62a11cef4515,PLO-001,"Tubo PVC 1/2"" x 6 m",Plomería,1,96.0,96.0
EV-001352,2026-04-24 10:53:00,0b4327ce-a267-40d8-bc6b-74ab7d775d30,TOR-001,"Tornillo para madera 1"" (caja 100 u)",Tornillería,1,42.0,42.0
EV-001353,2026-04-24 11:13:00,92e71d63-18a8-434d-843c-bf74be57070f,HER-002,Cinta métrica 5 m,Herramientas,1,78.0,78.0
EV-001354,2026-04-24 12:41:00,ccc1fa5f-09b9-486c-8a74-3dfa0298911a,CEM-001,Cemento gris 42.5 kg,Construcción,2,245.0,490.0
EV-001355,2026-04-24 14:45:00,765694c8-9734-462c-a35f-797118e2e09e,PIN-001,Pintura acrílica blanca 1 galón,Pinturas,1,385.0,385.0
EV-001356,2026-04-25 07:44:00,9acb88c2-673a-4ca9-b665-b129976958bd,HER-001,Martillo de uña 16 oz,Herramientas,1,185.0,185.0
EV-001357,2026-04-25 07:55:00,ccc1fa5f-09b9-486c-8a74-3dfa0298911a,CEM-001,Cemento gris 42.5 kg,Construcción,2,245.0,490.0
EV-001358,2026-04-25 08:46:00,e6d66d11-b7e0-4153-81fa-62a11cef4515,PLO-001,"Tubo PVC 1/2"" x 6 m",Plomería,3,96.0,288.0
EV-001359,2026-04-25 09:23:00,765694c8-9734-462c-a35f-797118e2e09e,PIN-001,Pintura acrílica blanca 1 galón,Pinturas,2,385.0,770.0
EV-001360,2026-04-25 09:25:00,ccc1fa5f-09b9-486c-8a74-3dfa0298911a,CEM-001,Cemento gris 42.5 kg,Construcción,2,245.0,490.0
EV-001361,2026-04-25 10:00:00,92e71d63-18a8-434d-843c-bf74be57070f,HER-002,Cinta métrica 5 m,Herramientas,1,78.0,78.0
EV-001362,2026-04-25 10:15:00,9acb88c2-673a-4ca9-b665-b129976958bd,HER-001,Martillo de uña 16 oz,Herramientas,2,185.0,370.0
EV-001363,2026-04-25 10:22:00,ccc1fa5f-09b9-486c-8a74-3dfa0298911a,CEM-001,Cemento gris 42.5 kg,Construcción,1,245.0,245.0
EV-001364,2026-04-25 11:25:00,ccc1fa5f-09b9-486c-8a74-3dfa0298911a,CEM-001,Cemento gris 42.5 kg,Construcción,4,245.0,980.0
EV-001365,2026-04-25 11:32:00,126b5449-9df4-496e-a1b9-f527a5ea0c0a,CER-023,Candado de bronce 40 mm,Cerrajería,2,120.0,240.0
EV-001366,2026-04-25 11:41:00,ccc1fa5f-09b9-486c-8a74-3dfa0298911a,CEM-001,Cemento gris 42.5 kg,Construcción,3,245.0,735.0
EV-001367,2026-04-25 11:49:00,e6d66d11-b7e0-4153-81fa-62a11cef4515,PLO-001,"Tubo PVC 1/2"" x 6 m",Plomería,1,96.0,96.0
EV-001368,2026-04-25 12:05:00,ccc1fa5f-09b9-486c-8a74-3dfa0298911a,CEM-001,Cemento gris 42.5 kg,Construcción,4,245.0,980.0
EV-001369,2026-04-25 12:07:00,92e71d63-18a8-434d-843c-bf74be57070f,HER-002,Cinta métrica 5 m,Herramientas,1,78.0,78.0
EV-001370,2026-04-25 12:16:00,e6d66d11-b7e0-4153-81fa-62a11cef4515,PLO-001,"Tubo PVC 1/2"" x 6 m",Plomería,1,96.0,96.0
EV-001371,2026-04-25 12:17:00,0b4327ce-a267-40d8-bc6b-74ab7d775d30,TOR-001,"Tornillo para madera 1"" (caja 100 u)",Tornillería,2,42.0,84.0
EV-001372,2026-04-25 12:18:00,0952bcea-dcc1-484d-b422-b1a41871f4be,CER-001,Candado de bronce 40 mm,Cerrajería,1,145.0,145.0
EV-001373,2026-04-25 13:14:00,0952bcea-dcc1-484d-b422-b1a41871f4be,CER-001,Candado de bronce 40 mm,Cerrajería,1,145.0,145.0
EV-001374,2026-04-25 13:50:00,e6d66d11-b7e0-4153-81fa-62a11cef4515,PLO-001,"Tubo PVC 1/2"" x 6 m",Plomería,1,96.0,96.0
EV-001375,2026-04-25 14:01:00,0952bcea-dcc1-484d-b422-b1a41871f4be,CER-001,Candado de bronce 40 mm,Cerrajería,1,145.0,145.0
EV-001376,2026-04-25 16:59:00,ccc1fa5f-09b9-486c-8a74-3dfa0298911a,CEM-001,Cemento gris 42.5 kg,Construcción,1,245.0,245.0
EV-001377,2026-04-27 07:00:00,0b4327ce-a267-40d8-bc6b-74ab7d775d30,TOR-001,"Tornillo para madera 1"" (caja 100 u)",Tornillería,1,42.0,42.0
EV-001378,2026-04-27 07:44:00,e6d66d11-b7e0-4153-81fa-62a11cef4515,PLO-001,"Tubo PVC 1/2"" x 6 m",Plomería,1,96.0,96.0
EV-001379,2026-04-27 08:44:00,0b4327ce-a267-40d8-bc6b-74ab7d775d30,TOR-001,"Tornillo para madera 1"" (caja 100 u)",Tornillería,1,42.0,42.0
EV-001380,2026-04-27 10:56:00,0b4327ce-a267-40d8-bc6b-74ab7d775d30,TOR-001,"Tornillo para madera 1"" (caja 100 u)",Tornillería,1,42.0,42.0
EV-001381,2026-04-27 11:03:00,ccc1fa5f-09b9-486c-8a74-3dfa0298911a,CEM-001,Cemento gris 42.5 kg,Construcción,1,245.0,245.0
EV-001382,2026-04-27 11:52:00,92e71d63-18a8-434d-843c-bf74be57070f,HER-002,Cinta métrica 5 m,Herramientas,1,78.0,78.0
EV-001383,2026-04-27 12:02:00,92e71d63-18a8-434d-843c-bf74be57070f,HER-002,Cinta métrica 5 m,Herramientas,1,78.0,78.0
EV-001384,2026-04-27 12:07:00,0b4327ce-a267-40d8-bc6b-74ab7d775d30,TOR-001,"Tornillo para madera 1"" (caja 100 u)",Tornillería,1,42.0,42.0
EV-001385,2026-04-27 13:26:00,ccc1fa5f-09b9-486c-8a74-3dfa0298911a,CEM-001,Cemento gris 42.5 kg,Construcción,2,245.0,490.0
EV-001386,2026-04-27 14:54:00,ccc1fa5f-09b9-486c-8a74-3dfa0298911a,CEM-001,Cemento gris 42.5 kg,Construcción,1,245.0,245.0
EV-X00005,2026-04-27 14:54:00,ccc1fa5f-09b9-486c-8a74-3dfa0298911a,CEM-001,Cemento gris 42.5 kg,Construcción,-1,245.0,0.0
EV-001387,2026-04-27 15:14:00,126b5449-9df4-496e-a1b9-f527a5ea0c0a,CER-023,Candado de bronce 40 mm,Cerrajería,1,120.0,120.0
EV-001388,2026-04-28 08:41:00,765694c8-9734-462c-a35f-797118e2e09e,PIN-001,Pintura acrílica blanca 1 galón,Pinturas,2,385.0,770.0
EV-001389,2026-04-28 09:37:00,126b5449-9df4-496e-a1b9-f527a5ea0c0a,CER-023,Candado de bronce 40 mm,Cerrajería,2,120.0,240.0
EV-001390,2026-04-28 09:54:00,0b4327ce-a267-40d8-bc6b-74ab7d775d30,TOR-001,"Tornillo para madera 1"" (caja 100 u)",Tornillería,1,42.0,42.0
EV-001390,2026-04-28 09:54:00,0b4327ce-a267-40d8-bc6b-74ab7d775d30,TOR-001,"Tornillo para madera 1"" (caja 100 u)",Tornillería,1,42.0,42.0
EV-001391,2026-04-28 11:03:00,ccc1fa5f-09b9-486c-8a74-3dfa0298911a,CEM-001,Cemento gris 42.5 kg,Construcción,5,245.0,1225.0
EV-001392,2026-04-28 11:40:00,0b4327ce-a267-40d8-bc6b-74ab7d775d30,TOR-001,"Tornillo para madera 1"" (caja 100 u)",Tornillería,1,42.0,42.0
EV-001393,2026-04-28 11:49:00,0b4327ce-a267-40d8-bc6b-74ab7d775d30,TOR-001,"Tornillo para madera 1"" (caja 100 u)",Tornillería,4,42.0,168.0
EV-001394,2026-04-28 12:05:00,0b4327ce-a267-40d8-bc6b-74ab7d775d30,TOR-001,"Tornillo para madera 1"" (caja 100 u)",Tornillería,2,42.0,84.0
EV-001395,2026-04-28 12:09:00,e6d66d11-b7e0-4153-81fa-62a11cef4515,PLO-001,"Tubo PVC 1/2"" x 6 m",Plomería,1,96.0,96.0
EV-001396,2026-04-28 13:22:00,ccc1fa5f-09b9-486c-8a74-3dfa0298911a,CEM-001,Cemento gris 42.5 kg,Construcción,6,245.0,1470.0
EV-001397,2026-04-28 13:28:00,0b4327ce-a267-40d8-bc6b-74ab7d775d30,TOR-001,"Tornillo para madera 1"" (caja 100 u)",Tornillería,4,42.0,168.0
EV-001398,2026-04-28 13:33:00,9acb88c2-673a-4ca9-b665-b129976958bd,HER-001,Martillo de uña 16 oz,Herramientas,1,185.0,185.0
EV-001399,2026-04-29 09:40:00,0b4327ce-a267-40d8-bc6b-74ab7d775d30,TOR-001,"Tornillo para madera 1"" (caja 100 u)",Tornillería,2,42.0,84.0
EV-001400,2026-04-29 09:48:00,9acb88c2-673a-4ca9-b665-b129976958bd,HER-001,Martillo de uña 16 oz,Herramientas,1,185.0,185.0
EV-001401,2026-04-29 09:54:00,ccc1fa5f-09b9-486c-8a74-3dfa0298911a,CEM-001,Cemento gris 42.5 kg,Construcción,3,245.0,735.0
EV-001402,2026-04-29 10:53:00,0b4327ce-a267-40d8-bc6b-74ab7d775d30,TOR-001,"Tornillo para madera 1"" (caja 100 u)",Tornillería,3,42.0,126.0
EV-001403,2026-04-29 11:21:00,e6d66d11-b7e0-4153-81fa-62a11cef4515,PLO-001,"Tubo PVC 1/2"" x 6 m",Plomería,3,96.0,288.0
EV-001404,2026-04-29 11:32:00,765694c8-9734-462c-a35f-797118e2e09e,PIN-001,Pintura acrílica blanca 1 galón,Pinturas,1,385.0,385.0
EV-001405,2026-04-29 11:57:00,92e71d63-18a8-434d-843c-bf74be57070f,HER-002,Cinta métrica 5 m,Herramientas,1,78.0,78.0
EV-001406,2026-04-29 11:58:00,0952bcea-dcc1-484d-b422-b1a41871f4be,CER-001,Candado de bronce 40 mm,Cerrajería,1,145.0,145.0
EV-001407,2026-04-29 12:31:00,0b4327ce-a267-40d8-bc6b-74ab7d775d30,TOR-001,"Tornillo para madera 1"" (caja 100 u)",Tornillería,2,42.0,84.0
EV-001408,2026-04-29 12:42:00,126b5449-9df4-496e-a1b9-f527a5ea0c0a,CER-023,Candado de bronce 40 mm,Cerrajería,1,120.0,120.0
EV-001409,2026-04-29 12:55:00,ccc1fa5f-09b9-486c-8a74-3dfa0298911a,CEM-001,Cemento gris 42.5 kg,Construcción,2,245.0,490.0
EV-001410,2026-04-29 12:59:00,ccc1fa5f-09b9-486c-8a74-3dfa0298911a,CEM-001,Cemento gris 42.5 kg,Construcción,6,245.0,1470.0
EV-001411,2026-04-29 13:13:00,ccc1fa5f-09b9-486c-8a74-3dfa0298911a,CEM-001,Cemento gris 42.5 kg,Construcción,6,245.0,1470.0
EV-001412,2026-04-29 14:00:00,9acb88c2-673a-4ca9-b665-b129976958bd,HER-001,Martillo de uña 16 oz,Herramientas,2,185.0,370.0
EV-001413,2026-04-29 14:15:00,0952bcea-dcc1-484d-b422-b1a41871f4be,CER-001,Candado de bronce 40 mm,Cerrajería,1,145.0,145.0
EV-001414,2026-04-29 14:57:00,ccc1fa5f-09b9-486c-8a74-3dfa0298911a,CEM-001,Cemento gris 42.5 kg,Construcción,2,245.0,490.0
EV-001415,2026-04-30 07:56:00,765694c8-9734-462c-a35f-797118e2e09e,PIN-001,Pintura acrílica blanca 1 galón,Pinturas,1,385.0,385.0
EV-001416,2026-04-30 09:16:00,e6d66d11-b7e0-4153-81fa-62a11cef4515,PLO-001,"Tubo PVC 1/2"" x 6 m",Plomería,3,96.0,288.0
EV-001417,2026-04-30 10:25:00,e6d66d11-b7e0-4153-81fa-62a11cef4515,PLO-001,"Tubo PVC 1/2"" x 6 m",Plomería,3,,288.0
EV-001418,2026-04-30 10:56:00,e6d66d11-b7e0-4153-81fa-62a11cef4515,PLO-001,"Tubo PVC 1/2"" x 6 m",Plomería,2,96.0,192.0
EV-001419,2026-04-30 11:57:00,ccc1fa5f-09b9-486c-8a74-3dfa0298911a,CEM-001,Cemento gris 42.5 kg,Construcción,3,245.0,735.0
EV-001420,2026-04-30 12:23:00,126b5449-9df4-496e-a1b9-f527a5ea0c0a,CER-023,Candado de bronce 40 mm,Cerrajería,2,120.0,240.0
EV-001421,2026-04-30 12:25:00,126b5449-9df4-496e-a1b9-f527a5ea0c0a,CER-023,Candado de bronce 40 mm,Cerrajería,1,120.0,120.0
EV-001422,2026-04-30 12:30:00,92e71d63-18a8-434d-843c-bf74be57070f,HER-002,Cinta métrica 5 m,Herramientas,1,78.0,78.0
EV-001423,2026-04-30 12:49:00,92e71d63-18a8-434d-843c-bf74be57070f,HER-002,Cinta métrica 5 m,Herramientas,2,78.0,156.0
EV-001424,2026-04-30 13:35:00,e6d66d11-b7e0-4153-81fa-62a11cef4515,PLO-001,"Tubo PVC 1/2"" x 6 m",Plomería,2,96.0,192.0
EV-001425,2026-04-30 14:07:00,0b4327ce-a267-40d8-bc6b-74ab7d775d30,TOR-001,"Tornillo para madera 1"" (caja 100 u)",Tornillería,3,42.0,126.0
EV-001426,2026-04-30 16:30:00,e6d66d11-b7e0-4153-81fa-62a11cef4515,PLO-001,"Tubo PVC 1/2"" x 6 m",Plomería,1,96.0,96.0
EV-001427,2026-05-02 07:00:00,ccc1fa5f-09b9-486c-8a74-3dfa0298911a,CEM-001,Cemento gris 42.5 kg,Construcción,5,245.0,1225.0
EV-001428,2026-05-02 07:18:00,92e71d63-18a8-434d-843c-bf74be57070f,HER-002,Cinta métrica 5 m,Herramientas,2,78.0,156.0
EV-001429,2026-05-02 07:23:00,92e71d63-18a8-434d-843c-bf74be57070f,HER-002,Cinta métrica 5 m,Herramientas,1,78.0,78.0
EV-001430,2026-05-02 08:55:00,765694c8-9734-462c-a35f-797118e2e09e,PIN-001,Pintura acrílica blanca 1 galón,Pinturas,2,385.0,770.0
EV-001431,2026-05-02 10:30:00,e6d66d11-b7e0-4153-81fa-62a11cef4515,PLO-001,"Tubo PVC 1/2"" x 6 m",Plomería,1,96.0,96.0
EV-001432,2026-05-02 11:34:00,e6d66d11-b7e0-4153-81fa-62a11cef4515,PLO-001,"Tubo PVC 1/2"" x 6 m",Plomería,3,96.0,288.0
EV-001432,2026-05-02 11:34:00,e6d66d11-b7e0-4153-81fa-62a11cef4515,PLO-001,"Tubo PVC 1/2"" x 6 m",Plomería,3,96.0,288.0
EV-001433,2026-05-02 11:50:00,ccc1fa5f-09b9-486c-8a74-3dfa0298911a,CEM-001,Cemento gris 42.5 kg,Construcción,2,245.0,490.0
EV-001434,2026-05-02 12:09:00,0b4327ce-a267-40d8-bc6b-74ab7d775d30,TOR-001,"Tornillo para madera 1"" (caja 100 u)",Tornillería,4,42.0,168.0
EV-001435,2026-05-02 12:17:00,9acb88c2-673a-4ca9-b665-b129976958bd,HER-001,Martillo de uña 16 oz,Herramientas,1,185.0,185.0
EV-001436,2026-05-02 14:33:00,0b4327ce-a267-40d8-bc6b-74ab7d775d30,TOR-001,"Tornillo para madera 1"" (caja 100 u)",Tornillería,4,42.0,168.0
EV-001437,2026-05-04 07:00:00,765694c8-9734-462c-a35f-797118e2e09e,PIN-001,Pintura acrílica blanca 1 galón,Pinturas,1,385.0,385.0
EV-001438,2026-05-04 07:20:00,0b4327ce-a267-40d8-bc6b-74ab7d775d30,TOR-001,"Tornillo para madera 1"" (caja 100 u)",Tornillería,4,42.0,168.0
EV-001439,2026-05-04 08:24:00,0b4327ce-a267-40d8-bc6b-74ab7d775d30,TOR-001,"Tornillo para madera 1"" (caja 100 u)",Tornillería,4,42.0,168.0
EV-001440,2026-05-04 08:58:00,765694c8-9734-462c-a35f-797118e2e09e,PIN-001,Pintura acrílica blanca 1 galón,Pinturas,1,385.0,385.0
EV-001441,2026-05-04 09:23:00,765694c8-9734-462c-a35f-797118e2e09e,PIN-001,Pintura acrílica blanca 1 galón,Pinturas,2,385.0,770.0
EV-001442,2026-05-04 11:06:00,0b4327ce-a267-40d8-bc6b-74ab7d775d30,TOR-001,"Tornillo para madera 1"" (caja 100 u)",Tornillería,2,42.0,84.0
EV-001443,2026-05-04 11:15:00,0b4327ce-a267-40d8-bc6b-74ab7d775d30,TOR-001,"Tornillo para madera 1"" (caja 100 u)",Tornillería,1,42.0,42.0
EV-001444,2026-05-04 11:32:00,92e71d63-18a8-434d-843c-bf74be57070f,HER-002,Cinta métrica 5 m,Herramientas,1,78.0,78.0
EV-001445,2026-05-04 12:14:00,ccc1fa5f-09b9-486c-8a74-3dfa0298911a,CEM-001,Cemento gris 42.5 kg,Construcción,5,245.0,1225.0
EV-001446,2026-05-04 12:50:00,92e71d63-18a8-434d-843c-bf74be57070f,HER-002,Cinta métrica 5 m,Herramientas,1,78.0,78.0
EV-001447,2026-05-04 12:50:00,92e71d63-18a8-434d-843c-bf74be57070f,HER-002,Cinta métrica 5 m,Herramientas,1,78.0,78.0
EV-001448,2026-05-04 12:51:00,9acb88c2-673a-4ca9-b665-b129976958bd,HER-001,Martillo de uña 16 oz,Herramientas,1,185.0,185.0
EV-001449,2026-05-04 13:33:00,e6d66d11-b7e0-4153-81fa-62a11cef4515,PLO-001,"Tubo PVC 1/2"" x 6 m",Plomería,2,96.0,192.0
EV-001450,2026-05-04 15:22:00,126b5449-9df4-496e-a1b9-f527a5ea0c0a,CER-023,Candado de bronce 40 mm,Cerrajería,1,120.0,120.0
EV-001451,2026-05-05 08:24:00,92e71d63-18a8-434d-843c-bf74be57070f,HER-002,Cinta métrica 5 m,Herramientas,1,78.0,78.0
EV-001452,2026-05-05 09:55:00,0b4327ce-a267-40d8-bc6b-74ab7d775d30,TOR-001,"Tornillo para madera 1"" (caja 100 u)",Tornillería,2,42.0,84.0
EV-001453,2026-05-05 10:53:00,765694c8-9734-462c-a35f-797118e2e09e,PIN-001,Pintura acrílica blanca 1 galón,Pinturas,1,385.0,385.0
EV-001454,2026-05-05 10:57:00,e6d66d11-b7e0-4153-81fa-62a11cef4515,PLO-001,"Tubo PVC 1/2"" x 6 m",Plomería,3,96.0,288.0
EV-001455,2026-05-05 11:17:00,9acb88c2-673a-4ca9-b665-b129976958bd,HER-001,Martillo de uña 16 oz,Herramientas,1,185.0,185.0
EV-001456,2026-05-05 11:28:00,92e71d63-18a8-434d-843c-bf74be57070f,HER-002,Cinta métrica 5 m,Herramientas,2,78.0,156.0
EV-001457,2026-05-05 13:22:00,0b4327ce-a267-40d8-bc6b-74ab7d775d30,TOR-001,"Tornillo para madera 1"" (caja 100 u)",Tornillería,3,42.0,126.0
EV-001458,2026-05-05 14:02:00,126b5449-9df4-496e-a1b9-f527a5ea0c0a,CER-023,Candado de bronce 40 mm,Cerrajería,1,120.0,120.0
EV-001459,2026-05-05 14:31:00,0b4327ce-a267-40d8-bc6b-74ab7d775d30,TOR-001,"Tornillo para madera 1"" (caja 100 u)",Tornillería,4,42.0,168.0
EV-001460,2026-05-05 15:06:00,ccc1fa5f-09b9-486c-8a74-3dfa0298911a,CEM-001,Cemento gris 42.5 kg,Construcción,6,245.0,1470.0
EV-001461,2026-05-05 15:06:00,ccc1fa5f-09b9-486c-8a74-3dfa0298911a,CEM-001,Cemento gris 42.5 kg,Construcción,1,245.0,245.0
EV-001462,2026-05-05 15:23:00,765694c8-9734-462c-a35f-797118e2e09e,PIN-001,Pintura acrílica blanca 1 galón,Pinturas,1,385.0,385.0
EV-001463,2026-05-06 10:10:00,e6d66d11-b7e0-4153-81fa-62a11cef4515,PLO-001,"Tubo PVC 1/2"" x 6 m",Plomería,3,96.0,288.0
EV-001464,2026-05-06 10:41:00,ccc1fa5f-09b9-486c-8a74-3dfa0298911a,CEM-001,Cemento gris 42.5 kg,Construcción,6,245.0,1470.0
EV-001465,2026-05-06 11:39:00,0952bcea-dcc1-484d-b422-b1a41871f4be,CER-001,Candado de bronce 40 mm,Cerrajería,1,145.0,145.0
EV-001466,2026-05-06 12:23:00,92e71d63-18a8-434d-843c-bf74be57070f,HER-002,Cinta métrica 5 m,Herramientas,2,78.0,156.0
EV-001467,2026-05-06 12:36:00,ccc1fa5f-09b9-486c-8a74-3dfa0298911a,CEM-001,Cemento gris 42.5 kg,Construcción,5,245.0,1225.0
EV-001468,2026-05-06 12:40:00,765694c8-9734-462c-a35f-797118e2e09e,PIN-001,Pintura acrílica blanca 1 galón,Pinturas,2,385.0,770.0
EV-001469,2026-05-06 12:42:00,9acb88c2-673a-4ca9-b665-b129976958bd,HER-001,Martillo de uña 16 oz,Herramientas,1,185.0,185.0
EV-001470,2026-05-06 13:04:00,0b4327ce-a267-40d8-bc6b-74ab7d775d30,TOR-001,"Tornillo para madera 1"" (caja 100 u)",Tornillería,3,42.0,126.0
EV-001471,2026-05-07 07:11:00,0b4327ce-a267-40d8-bc6b-74ab7d775d30,TOR-001,"Tornillo para madera 1"" (caja 100 u)",Tornillería,3,42.0,126.0
EV-001472,2026-05-07 08:07:00,92e71d63-18a8-434d-843c-bf74be57070f,HER-002,Cinta métrica 5 m,Herramientas,2,78.0,156.0
EV-001473,2026-05-07 10:22:00,0b4327ce-a267-40d8-bc6b-74ab7d775d30,TOR-001,"Tornillo para madera 1"" (caja 100 u)",Tornillería,4,42.0,168.0
EV-001474,2026-05-07 10:37:00,92e71d63-18a8-434d-843c-bf74be57070f,HER-002,Cinta métrica 5 m,Herramientas,1,78.0,78.0
EV-001475,2026-05-07 11:10:00,9acb88c2-673a-4ca9-b665-b129976958bd,HER-001,Martillo de uña 16 oz,Herramientas,1,185.0,185.0
EV-001475,2026-05-07 11:10:00,9acb88c2-673a-4ca9-b665-b129976958bd,HER-001,Martillo de uña 16 oz,Herramientas,1,185.0,185.0
EV-001476,2026-05-07 11:12:00,e6d66d11-b7e0-4153-81fa-62a11cef4515,PLO-001,"Tubo PVC 1/2"" x 6 m",Plomería,1,96.0,96.0
EV-001477,2026-05-07 11:19:00,e6d66d11-b7e0-4153-81fa-62a11cef4515,PLO-001,"Tubo PVC 1/2"" x 6 m",Plomería,5,96.0,480.0
EV-001478,2026-05-07 11:57:00,9acb88c2-673a-4ca9-b665-b129976958bd,HER-001,Martillo de uña 16 oz,Herramientas,1,185.0,185.0
EV-001479,2026-05-07 12:11:00,e6d66d11-b7e0-4153-81fa-62a11cef4515,PLO-001,"Tubo PVC 1/2"" x 6 m",Plomería,4,96.0,384.0
EV-001480,2026-05-07 12:18:00,92e71d63-18a8-434d-843c-bf74be57070f,HER-002,Cinta métrica 5 m,Herramientas,2,78.0,156.0
EV-001481,2026-05-07 13:19:00,126b5449-9df4-496e-a1b9-f527a5ea0c0a,CER-023,Candado de bronce 40 mm,Cerrajería,2,120.0,240.0
EV-001482,2026-05-07 13:49:00,0b4327ce-a267-40d8-bc6b-74ab7d775d30,TOR-001,"Tornillo para madera 1"" (caja 100 u)",Tornillería,2,42.0,84.0
EV-001483,2026-05-07 13:56:00,e6d66d11-b7e0-4153-81fa-62a11cef4515,PLO-001,"Tubo PVC 1/2"" x 6 m",Plomería,3,96.0,288.0
EV-001484,2026-05-07 14:28:00,0b4327ce-a267-40d8-bc6b-74ab7d775d30,TOR-001,"Tornillo para madera 1"" (caja 100 u)",Tornillería,1,42.0,42.0
EV-001485,2026-05-07 14:54:00,ccc1fa5f-09b9-486c-8a74-3dfa0298911a,CEM-001,Cemento gris 42.5 kg,Construcción,6,245.0,1470.0
EV-001486,2026-05-07 14:54:00,0952bcea-dcc1-484d-b422-b1a41871f4be,CER-001,Candado de bronce 40 mm,Cerrajería,2,145.0,290.0
EV-001487,2026-05-08 07:42:00,92e71d63-18a8-434d-843c-bf74be57070f,HER-002,Cinta métrica 5 m,Herramientas,1,78.0,78.0
EV-001488,2026-05-08 09:28:00,ccc1fa5f-09b9-486c-8a74-3dfa0298911a,CEM-001,Cemento gris 42.5 kg,Construcción,1,245.0,245.0
EV-001489,2026-05-08 10:36:00,ccc1fa5f-09b9-486c-8a74-3dfa0298911a,CEM-001,Cemento gris 42.5 kg,Construcción,3,245.0,735.0
EV-001490,2026-05-08 10:57:00,765694c8-9734-462c-a35f-797118e2e09e,PIN-001,Pintura acrílica blanca 1 galón,Pinturas,1,385.0,385.0
EV-001491,2026-05-08 11:26:00,0b4327ce-a267-40d8-bc6b-74ab7d775d30,TOR-001,"Tornillo para madera 1"" (caja 100 u)",Tornillería,1,42.0,42.0
EV-001492,2026-05-08 11:35:00,9acb88c2-673a-4ca9-b665-b129976958bd,HER-001,Martillo de uña 16 oz,Herramientas,1,185.0,185.0
EV-001493,2026-05-08 12:01:00,92e71d63-18a8-434d-843c-bf74be57070f,HER-002,Cinta métrica 5 m,Herramientas,2,78.0,156.0
EV-001494,2026-05-08 12:13:00,126b5449-9df4-496e-a1b9-f527a5ea0c0a,CER-023,Candado de bronce 40 mm,Cerrajería,1,120.0,120.0
EV-001495,2026-05-08 12:52:00,9acb88c2-673a-4ca9-b665-b129976958bd,HER-001,Martillo de uña 16 oz,Herramientas,1,185.0,185.0
EV-001496,2026-05-08 14:06:00,126b5449-9df4-496e-a1b9-f527a5ea0c0a,CER-023,Candado de bronce 40 mm,Cerrajería,2,120.0,240.0
EV-001497,2026-05-09 08:12:00,9acb88c2-673a-4ca9-b665-b129976958bd,HER-001,Martillo de uña 16 oz,Herramientas,1,185.0,185.0
EV-001498,2026-05-09 08:58:00,ccc1fa5f-09b9-486c-8a74-3dfa0298911a,CEM-001,Cemento gris 42.5 kg,Construcción,2,245.0,490.0
EV-001499,2026-05-09 09:57:00,92e71d63-18a8-434d-843c-bf74be57070f,HER-002,Cinta métrica 5 m,Herramientas,2,78.0,156.0
EV-001500,2026-05-09 10:31:00,0b4327ce-a267-40d8-bc6b-74ab7d775d30,TOR-001,"Tornillo para madera 1"" (caja 100 u)",Tornillería,2,42.0,84.0
EV-001501,2026-05-09 10:36:00,0b4327ce-a267-40d8-bc6b-74ab7d775d30,TOR-001,"Tornillo para madera 1"" (caja 100 u)",Tornillería,2,42.0,84.0
EV-001502,2026-05-09 10:49:00,30cf2d34-7ddc-45a8-9eac-4a9fc4cfa3f5,ELE-001,Cable THHN #12 (rollo 100 m),Eléctrico,1,1150.0,1150.0
EV-001503,2026-05-09 10:57:00,ccc1fa5f-09b9-486c-8a74-3dfa0298911a,CEM-001,Cemento gris 42.5 kg,Construcción,5,245.0,1225.0
EV-001504,2026-05-09 11:26:00,9acb88c2-673a-4ca9-b665-b129976958bd,HER-001,Martillo de uña 16 oz,Herramientas,2,185.0,370.0
EV-001505,2026-05-09 11:46:00,126b5449-9df4-496e-a1b9-f527a5ea0c0a,CER-023,Candado de bronce 40 mm,Cerrajería,1,120.0,120.0
EV-001506,2026-05-09 11:50:00,e6d66d11-b7e0-4153-81fa-62a11cef4515,PLO-001,"Tubo PVC 1/2"" x 6 m",Plomería,2,96.0,192.0
EV-001507,2026-05-09 11:57:00,126b5449-9df4-496e-a1b9-f527a5ea0c0a,CER-023,Candado de bronce 40 mm,Cerrajería,2,120.0,240.0
EV-001508,2026-05-09 12:08:00,765694c8-9734-462c-a35f-797118e2e09e,PIN-001,Pintura acrílica blanca 1 galón,Pinturas,1,385.0,385.0
EV-001509,2026-05-09 14:37:00,0b4327ce-a267-40d8-bc6b-74ab7d775d30,TOR-001,"Tornillo para madera 1"" (caja 100 u)",Tornillería,2,42.0,84.0
EV-001510,2026-05-09 15:16:00,9acb88c2-673a-4ca9-b665-b129976958bd,HER-001,Martillo de uña 16 oz,Herramientas,1,185.0,185.0
EV-001511,2026-05-09 15:43:00,e6d66d11-b7e0-4153-81fa-62a11cef4515,PLO-001,"Tubo PVC 1/2"" x 6 m",Plomería,1,96.0,96.0
EV-001512,2026-05-11 07:36:00,92e71d63-18a8-434d-843c-bf74be57070f,HER-002,Cinta métrica 5 m,Herramientas,1,78.0,78.0
EV-001513,2026-05-11 10:19:00,e6d66d11-b7e0-4153-81fa-62a11cef4515,PLO-001,"Tubo PVC 1/2"" x 6 m",Plomería,2,96.0,192.0
EV-001514,2026-05-11 10:48:00,0952bcea-dcc1-484d-b422-b1a41871f4be,CER-001,Candado de bronce 40 mm,Cerrajería,1,145.0,145.0
EV-001515,2026-05-11 11:14:00,ccc1fa5f-09b9-486c-8a74-3dfa0298911a,CEM-001,Cemento gris 42.5 kg,Construcción,2,245.0,490.0
EV-001516,2026-05-11 11:34:00,0b4327ce-a267-40d8-bc6b-74ab7d775d30,TOR-001,"Tornillo para madera 1"" (caja 100 u)",Tornillería,2,42.0,84.0
EV-001517,2026-05-11 12:13:00,9acb88c2-673a-4ca9-b665-b129976958bd,HER-001,Martillo de uña 16 oz,Herramientas,1,185.0,185.0
EV-001518,2026-05-11 13:35:00,765694c8-9734-462c-a35f-797118e2e09e,PIN-001,Pintura acrílica blanca 1 galón,Pinturas,2,385.0,770.0
EV-001519,2026-05-11 13:56:00,0b4327ce-a267-40d8-bc6b-74ab7d775d30,TOR-001,"Tornillo para madera 1"" (caja 100 u)",Tornillería,2,42.0,84.0
EV-001520,2026-05-11 16:59:00,765694c8-9734-462c-a35f-797118e2e09e,PIN-001,Pintura acrílica blanca 1 galón,Pinturas,1,385.0,385.0
EV-001521,2026-05-12 07:00:00,ccc1fa5f-09b9-486c-8a74-3dfa0298911a,CEM-001,Cemento gris 42.5 kg,Construcción,1,245.0,245.0
EV-001522,2026-05-12 07:00:00,126b5449-9df4-496e-a1b9-f527a5ea0c0a,CER-023,Candado de bronce 40 mm,Cerrajería,1,120.0,120.0
EV-001523,2026-05-12 07:39:00,9acb88c2-673a-4ca9-b665-b129976958bd,HER-001,Martillo de uña 16 oz,Herramientas,1,185.0,185.0
EV-001524,2026-05-12 08:12:00,e6d66d11-b7e0-4153-81fa-62a11cef4515,PLO-001,"Tubo PVC 1/2"" x 6 m",Plomería,2,96.0,192.0
EV-001525,2026-05-12 09:00:00,765694c8-9734-462c-a35f-797118e2e09e,PIN-001,Pintura acrílica blanca 1 galón,Pinturas,2,385.0,770.0
EV-001526,2026-05-12 09:34:00,0952bcea-dcc1-484d-b422-b1a41871f4be,CER-001,Candado de bronce 40 mm,Cerrajería,2,145.0,290.0
EV-001527,2026-05-12 10:25:00,e6d66d11-b7e0-4153-81fa-62a11cef4515,PLO-001,"Tubo PVC 1/2"" x 6 m",Plomería,1,96.0,96.0
EV-001528,2026-05-12 10:41:00,ccc1fa5f-09b9-486c-8a74-3dfa0298911a,CEM-001,Cemento gris 42.5 kg,Construcción,6,245.0,1470.0
EV-001529,2026-05-12 11:10:00,9acb88c2-673a-4ca9-b665-b129976958bd,HER-001,Martillo de uña 16 oz,Herramientas,1,185.0,185.0
EV-001530,2026-05-12 11:56:00,0b4327ce-a267-40d8-bc6b-74ab7d775d30,TOR-001,"Tornillo para madera 1"" (caja 100 u)",Tornillería,1,42.0,42.0
EV-001531,2026-05-13 07:00:00,0952bcea-dcc1-484d-b422-b1a41871f4be,CER-001,Candado de bronce 40 mm,Cerrajería,1,145.0,145.0
EV-001532,2026-05-13 07:00:00,9acb88c2-673a-4ca9-b665-b129976958bd,HER-001,Martillo de uña 16 oz,Herramientas,2,185.0,370.0
EV-001533,2026-05-13 07:57:00,9acb88c2-673a-4ca9-b665-b129976958bd,HER-001,Martillo de uña 16 oz,Herramientas,1,185.0,185.0
EV-001534,2026-05-13 09:01:00,92e71d63-18a8-434d-843c-bf74be57070f,HER-002,Cinta métrica 5 m,Herramientas,1,78.0,78.0
EV-001535,2026-05-13 09:40:00,765694c8-9734-462c-a35f-797118e2e09e,PIN-001,Pintura acrílica blanca 1 galón,Pinturas,1,385.0,385.0
EV-001536,2026-05-13 10:13:00,e6d66d11-b7e0-4153-81fa-62a11cef4515,PLO-001,"Tubo PVC 1/2"" x 6 m",Plomería,2,96.0,192.0
EV-001537,2026-05-13 10:52:00,ccc1fa5f-09b9-486c-8a74-3dfa0298911a,CEM-001,Cemento gris 42.5 kg,Construcción,1,245.0,245.0
EV-001538,2026-05-13 10:52:00,92e71d63-18a8-434d-843c-bf74be57070f,HER-002,Cinta métrica 5 m,Herramientas,1,78.0,78.0
EV-001539,2026-05-13 11:02:00,9acb88c2-673a-4ca9-b665-b129976958bd,HER-001,Martillo de uña 16 oz,Herramientas,1,185.0,185.0
EV-001540,2026-05-13 11:13:00,0b4327ce-a267-40d8-bc6b-74ab7d775d30,TOR-001,"Tornillo para madera 1"" (caja 100 u)",Tornillería,4,42.0,168.0
EV-001541,2026-05-13 11:18:00,ccc1fa5f-09b9-486c-8a74-3dfa0298911a,CEM-001,Cemento gris 42.5 kg,Construcción,1,245.0,245.0
EV-001542,2026-05-13 11:23:00,0952bcea-dcc1-484d-b422-b1a41871f4be,CER-001,Candado de bronce 40 mm,Cerrajería,2,145.0,290.0
EV-001543,2026-05-13 11:28:00,92e71d63-18a8-434d-843c-bf74be57070f,HER-002,Cinta métrica 5 m,Herramientas,2,78.0,156.0
EV-001544,2026-05-13 11:35:00,ccc1fa5f-09b9-486c-8a74-3dfa0298911a,CEM-001,Cemento gris 42.5 kg,Construcción,1,245.0,245.0
EV-001545,2026-05-13 12:18:00,e6d66d11-b7e0-4153-81fa-62a11cef4515,PLO-001,"Tubo PVC 1/2"" x 6 m",Plomería,1,96.0,96.0
EV-001546,2026-05-13 12:30:00,92e71d63-18a8-434d-843c-bf74be57070f,HER-002,Cinta métrica 5 m,Herramientas,1,78.0,78.0
EV-001547,2026-05-13 12:38:00,0b4327ce-a267-40d8-bc6b-74ab7d775d30,TOR-001,"Tornillo para madera 1"" (caja 100 u)",Tornillería,1,42.0,42.0
EV-001548,2026-05-13 12:53:00,92e71d63-18a8-434d-843c-bf74be57070f,HER-002,Cinta métrica 5 m,Herramientas,2,78.0,156.0
EV-001549,2026-05-13 13:22:00,0b4327ce-a267-40d8-bc6b-74ab7d775d30,TOR-001,"Tornillo para madera 1"" (caja 100 u)",Tornillería,2,42.0,84.0
EV-001550,2026-05-13 14:09:00,0b4327ce-a267-40d8-bc6b-74ab7d775d30,TOR-001,"Tornillo para madera 1"" (caja 100 u)",Tornillería,2,42.0,84.0
EV-001551,2026-05-13 14:30:00,0952bcea-dcc1-484d-b422-b1a41871f4be,CER-001,Candado de bronce 40 mm,Cerrajería,1,145.0,145.0
EV-001552,2026-05-13 16:41:00,0b4327ce-a267-40d8-bc6b-74ab7d775d30,TOR-001,"Tornillo para madera 1"" (caja 100 u)",Tornillería,2,42.0,84.0
EV-001553,2026-05-14 07:58:00,ccc1fa5f-09b9-486c-8a74-3dfa0298911a,CEM-001,Cemento gris 42.5 kg,Construcción,5,245.0,1225.0
EV-001554,2026-05-14 08:27:00,92e71d63-18a8-434d-843c-bf74be57070f,HER-002,Cinta métrica 5 m,Herramientas,2,78.0,156.0
EV-001555,2026-05-14 09:23:00,e6d66d11-b7e0-4153-81fa-62a11cef4515,PLO-001,"Tubo PVC 1/2"" x 6 m",Plomería,3,96.0,288.0
EV-001556,2026-05-14 09:57:00,126b5449-9df4-496e-a1b9-f527a5ea0c0a,CER-023,Candado de bronce 40 mm,Cerrajería,1,120.0,120.0
EV-001557,2026-05-14 10:18:00,ccc1fa5f-09b9-486c-8a74-3dfa0298911a,CEM-001,Cemento gris 42.5 kg,Construcción,6,245.0,1470.0
EV-001558,2026-05-14 10:47:00,30cf2d34-7ddc-45a8-9eac-4a9fc4cfa3f5,ELE-001,Cable THHN #12 (rollo 100 m),Eléctrico,1,1150.0,1150.0
EV-001559,2026-05-14 11:22:00,0952bcea-dcc1-484d-b422-b1a41871f4be,CER-001,Candado de bronce 40 mm,Cerrajería,2,145.0,290.0
EV-001560,2026-05-14 12:13:00,0b4327ce-a267-40d8-bc6b-74ab7d775d30,TOR-001,"Tornillo para madera 1"" (caja 100 u)",Tornillería,2,42.0,84.0
EV-001561,2026-05-14 12:31:00,765694c8-9734-462c-a35f-797118e2e09e,PIN-001,Pintura acrílica blanca 1 galón,Pinturas,1,385.0,385.0
EV-001562,2026-05-14 12:54:00,e6d66d11-b7e0-4153-81fa-62a11cef4515,PLO-001,"Tubo PVC 1/2"" x 6 m",Plomería,3,96.0,288.0
EV-001563,2026-05-15 09:49:00,0952bcea-dcc1-484d-b422-b1a41871f4be,CER-001,Candado de bronce 40 mm,Cerrajería,1,145.0,145.0
EV-001564,2026-05-15 11:13:00,92e71d63-18a8-434d-843c-bf74be57070f,HER-002,Cinta métrica 5 m,Herramientas,1,78.0,78.0
EV-001565,2026-05-15 11:42:00,92e71d63-18a8-434d-843c-bf74be57070f,HER-002,Cinta métrica 5 m,Herramientas,1,78.0,78.0
EV-001566,2026-05-15 13:04:00,ccc1fa5f-09b9-486c-8a74-3dfa0298911a,CEM-001,Cemento gris 42.5 kg,Construcción,4,245.0,980.0
EV-001567,2026-05-15 13:15:00,0b4327ce-a267-40d8-bc6b-74ab7d775d30,TOR-001,"Tornillo para madera 1"" (caja 100 u)",Tornillería,4,42.0,168.0
EV-001568,2026-05-15 14:38:00,e6d66d11-b7e0-4153-81fa-62a11cef4515,PLO-001,"Tubo PVC 1/2"" x 6 m",Plomería,3,96.0,288.0
EV-001569,2026-05-15 16:13:00,9acb88c2-673a-4ca9-b665-b129976958bd,HER-001,Martillo de uña 16 oz,Herramientas,1,185.0,185.0
EV-001570,2026-05-16 07:07:00,e6d66d11-b7e0-4153-81fa-62a11cef4515,PLO-001,"Tubo PVC 1/2"" x 6 m",Plomería,1,96.0,96.0
EV-001571,2026-05-16 07:20:00,0b4327ce-a267-40d8-bc6b-74ab7d775d30,TOR-001,"Tornillo para madera 1"" (caja 100 u)",Tornillería,4,42.0,168.0
EV-001572,2026-05-16 07:47:00,ccc1fa5f-09b9-486c-8a74-3dfa0298911a,CEM-001,Cemento gris 42.5 kg,Construcción,2,245.0,490.0
EV-001573,2026-05-16 07:55:00,0b4327ce-a267-40d8-bc6b-74ab7d775d30,TOR-001,"Tornillo para madera 1"" (caja 100 u)",Tornillería,1,42.0,42.0
EV-001574,2026-05-16 08:13:00,92e71d63-18a8-434d-843c-bf74be57070f,HER-002,Cinta métrica 5 m,Herramientas,1,78.0,78.0
EV-001575,2026-05-16 08:46:00,126b5449-9df4-496e-a1b9-f527a5ea0c0a,CER-023,Candado de bronce 40 mm,Cerrajería,2,120.0,240.0
EV-001576,2026-05-16 08:57:00,765694c8-9734-462c-a35f-797118e2e09e,PIN-001,Pintura acrílica blanca 1 galón,Pinturas,2,385.0,770.0
EV-001577,2026-05-16 10:21:00,0b4327ce-a267-40d8-bc6b-74ab7d775d30,TOR-001,"Tornillo para madera 1"" (caja 100 u)",Tornillería,1,42.0,42.0
EV-001578,2026-05-16 10:27:00,92e71d63-18a8-434d-843c-bf74be57070f,HER-002,Cinta métrica 5 m,Herramientas,2,78.0,156.0
EV-001579,2026-05-16 10:36:00,92e71d63-18a8-434d-843c-bf74be57070f,HER-002,Cinta métrica 5 m,Herramientas,2,78.0,156.0
EV-001580,2026-05-16 10:42:00,92e71d63-18a8-434d-843c-bf74be57070f,HER-002,Cinta métrica 5 m,Herramientas,2,78.0,156.0
EV-001581,2026-05-16 11:03:00,92e71d63-18a8-434d-843c-bf74be57070f,HER-002,Cinta métrica 5 m,Herramientas,2,78.0,156.0
EV-001582,2026-05-16 11:03:00,0b4327ce-a267-40d8-bc6b-74ab7d775d30,TOR-001,"Tornillo para madera 1"" (caja 100 u)",Tornillería,3,42.0,126.0
EV-001583,2026-05-16 12:03:00,e6d66d11-b7e0-4153-81fa-62a11cef4515,PLO-001,"Tubo PVC 1/2"" x 6 m",Plomería,2,96.0,192.0
EV-001584,2026-05-16 12:33:00,0b4327ce-a267-40d8-bc6b-74ab7d775d30,TOR-001,"Tornillo para madera 1"" (caja 100 u)",Tornillería,1,42.0,42.0
EV-001585,2026-05-16 13:02:00,ccc1fa5f-09b9-486c-8a74-3dfa0298911a,CEM-001,Cemento gris 42.5 kg,Construcción,1,245.0,245.0
EV-001586,2026-05-16 13:26:00,92e71d63-18a8-434d-843c-bf74be57070f,HER-002,Cinta métrica 5 m,Herramientas,1,78.0,78.0
EV-001587,2026-05-16 14:22:00,0b4327ce-a267-40d8-bc6b-74ab7d775d30,TOR-001,"Tornillo para madera 1"" (caja 100 u)",Tornillería,2,42.0,84.0
EV-001588,2026-05-16 14:46:00,9acb88c2-673a-4ca9-b665-b129976958bd,HER-001,Martillo de uña 16 oz,Herramientas,1,185.0,185.0
EV-001589,2026-05-16 16:58:00,0952bcea-dcc1-484d-b422-b1a41871f4be,CER-001,Candado de bronce 40 mm,Cerrajería,1,145.0,145.0
EV-001590,2026-05-18 07:00:00,ccc1fa5f-09b9-486c-8a74-3dfa0298911a,CEM-001,Cemento gris 42.5 kg,Construcción,3,245.0,735.0
EV-001591,2026-05-18 07:40:00,ccc1fa5f-09b9-486c-8a74-3dfa0298911a,CEM-001,Cemento gris 42.5 kg,Construcción,1,245.0,245.0
EV-001592,2026-05-18 10:08:00,e6d66d11-b7e0-4153-81fa-62a11cef4515,PLO-001,"Tubo PVC 1/2"" x 6 m",Plomería,2,96.0,192.0
EV-001593,2026-05-18 10:10:00,0b4327ce-a267-40d8-bc6b-74ab7d775d30,TOR-001,"Tornillo para madera 1"" (caja 100 u)",Tornillería,1,42.0,42.0
EV-001594,2026-05-18 10:30:00,92e71d63-18a8-434d-843c-bf74be57070f,HER-002,Cinta métrica 5 m,Herramientas,1,78.0,78.0
EV-001595,2026-05-18 10:33:00,0952bcea-dcc1-484d-b422-b1a41871f4be,CER-001,Candado de bronce 40 mm,Cerrajería,2,145.0,290.0
EV-001596,2026-05-18 10:51:00,0b4327ce-a267-40d8-bc6b-74ab7d775d30,TOR-001,"Tornillo para madera 1"" (caja 100 u)",Tornillería,1,42.0,42.0
EV-001597,2026-05-18 11:33:00,0952bcea-dcc1-484d-b422-b1a41871f4be,CER-001,Candado de bronce 40 mm,Cerrajería,1,145.0,145.0
EV-001598,2026-05-18 12:39:00,126b5449-9df4-496e-a1b9-f527a5ea0c0a,CER-023,Candado de bronce 40 mm,Cerrajería,1,120.0,120.0
EV-001599,2026-05-18 13:07:00,ccc1fa5f-09b9-486c-8a74-3dfa0298911a,CEM-001,Cemento gris 42.5 kg,Construcción,3,245.0,735.0
EV-001600,2026-05-18 13:31:00,0b4327ce-a267-40d8-bc6b-74ab7d775d30,TOR-001,"Tornillo para madera 1"" (caja 100 u)",Tornillería,1,42.0,42.0
EV-001601,2026-05-19 08:49:00,ccc1fa5f-09b9-486c-8a74-3dfa0298911a,CEM-001,Cemento gris 42.5 kg,Construcción,4,245.0,980.0
EV-001602,2026-05-19 09:27:00,ccc1fa5f-09b9-486c-8a74-3dfa0298911a,CEM-001,Cemento gris 42.5 kg,Construcción,5,245.0,1225.0
EV-001603,2026-05-19 09:35:00,0952bcea-dcc1-484d-b422-b1a41871f4be,CER-001,Candado de bronce 40 mm,Cerrajería,1,145.0,145.0
EV-001604,2026-05-19 09:37:00,e6d66d11-b7e0-4153-81fa-62a11cef4515,PLO-001,"Tubo PVC 1/2"" x 6 m",Plomería,2,96.0,192.0
EV-001605,2026-05-19 09:42:00,e6d66d11-b7e0-4153-81fa-62a11cef4515,PLO-001,"Tubo PVC 1/2"" x 6 m",Plomería,1,96.0,96.0
EV-001606,2026-05-19 10:03:00,0952bcea-dcc1-484d-b422-b1a41871f4be,CER-001,Candado de bronce 40 mm,Cerrajería,2,145.0,290.0
EV-001607,2026-05-19 10:37:00,92e71d63-18a8-434d-843c-bf74be57070f,HER-002,Cinta métrica 5 m,Herramientas,1,78.0,78.0
EV-001608,2026-05-19 11:34:00,e6d66d11-b7e0-4153-81fa-62a11cef4515,PLO-001,"Tubo PVC 1/2"" x 6 m",Plomería,1,96.0,96.0
EV-001609,2026-05-19 11:40:00,92e71d63-18a8-434d-843c-bf74be57070f,HER-002,Cinta métrica 5 m,Herramientas,1,78.0,78.0
EV-001610,2026-05-19 12:17:00,765694c8-9734-462c-a35f-797118e2e09e,PIN-001,Pintura acrílica blanca 1 galón,Pinturas,1,385.0,385.0
EV-001611,2026-05-19 12:47:00,92e71d63-18a8-434d-843c-bf74be57070f,HER-002,Cinta métrica 5 m,Herramientas,1,78.0,78.0
EV-001612,2026-05-19 13:45:00,0952bcea-dcc1-484d-b422-b1a41871f4be,CER-001,Candado de bronce 40 mm,Cerrajería,1,145.0,145.0
EV-001612,2026-05-19 13:45:00,0952bcea-dcc1-484d-b422-b1a41871f4be,CER-001,Candado de bronce 40 mm,Cerrajería,1,145.0,145.0
EV-001613,2026-05-19 13:54:00,0b4327ce-a267-40d8-bc6b-74ab7d775d30,TOR-001,"Tornillo para madera 1"" (caja 100 u)",Tornillería,1,42.0,42.0
EV-001614,2026-05-20 07:32:00,92e71d63-18a8-434d-843c-bf74be57070f,HER-002,Cinta métrica 5 m,Herramientas,1,78.0,78.0
EV-001615,2026-05-20 08:18:00,0b4327ce-a267-40d8-bc6b-74ab7d775d30,TOR-001,"Tornillo para madera 1"" (caja 100 u)",Tornillería,2,42.0,84.0
EV-001616,2026-05-20 09:21:00,9acb88c2-673a-4ca9-b665-b129976958bd,HER-001,Martillo de uña 16 oz,Herramientas,1,185.0,185.0
EV-001617,2026-05-20 09:30:00,ccc1fa5f-09b9-486c-8a74-3dfa0298911a,CEM-001,Cemento gris 42.5 kg,Construcción,1,245.0,245.0
EV-001618,2026-05-20 09:41:00,e6d66d11-b7e0-4153-81fa-62a11cef4515,PLO-001,"Tubo PVC 1/2"" x 6 m",Plomería,2,96.0,192.0
EV-001619,2026-05-20 09:53:00,ccc1fa5f-09b9-486c-8a74-3dfa0298911a,CEM-001,Cemento gris 42.5 kg,Construcción,3,245.0,735.0
EV-001620,2026-05-20 10:28:00,ccc1fa5f-09b9-486c-8a74-3dfa0298911a,CEM-001,Cemento gris 42.5 kg,Construcción,1,245.0,245.0
EV-001621,2026-05-20 10:28:00,0b4327ce-a267-40d8-bc6b-74ab7d775d30,TOR-001,"Tornillo para madera 1"" (caja 100 u)",Tornillería,3,42.0,126.0
EV-001622,2026-05-20 10:55:00,92e71d63-18a8-434d-843c-bf74be57070f,HER-002,Cinta métrica 5 m,Herramientas,1,78.0,78.0
EV-001623,2026-05-20 11:10:00,0b4327ce-a267-40d8-bc6b-74ab7d775d30,TOR-001,"Tornillo para madera 1"" (caja 100 u)",Tornillería,4,42.0,168.0
EV-001624,2026-05-20 12:08:00,ccc1fa5f-09b9-486c-8a74-3dfa0298911a,CEM-001,Cemento gris 42.5 kg,Construcción,3,245.0,735.0
EV-001625,2026-05-20 12:39:00,765694c8-9734-462c-a35f-797118e2e09e,PIN-001,Pintura acrílica blanca 1 galón,Pinturas,1,385.0,385.0
EV-001626,2026-05-20 12:51:00,ccc1fa5f-09b9-486c-8a74-3dfa0298911a,CEM-001,Cemento gris 42.5 kg,Construcción,4,245.0,980.0
EV-001627,2026-05-20 13:27:00,765694c8-9734-462c-a35f-797118e2e09e,PIN-001,Pintura acrílica blanca 1 galón,Pinturas,1,385.0,385.0
EV-001628,2026-05-20 13:45:00,ccc1fa5f-09b9-486c-8a74-3dfa0298911a,CEM-001,Cemento gris 42.5 kg,Construcción,1,245.0,245.0
EV-001629,2026-05-20 14:09:00,30cf2d34-7ddc-45a8-9eac-4a9fc4cfa3f5,ELE-001,Cable THHN #12 (rollo 100 m),Eléctrico,1,1150.0,1150.0
EV-001630,2026-05-20 14:30:00,0952bcea-dcc1-484d-b422-b1a41871f4be,CER-001,Candado de bronce 40 mm,Cerrajería,1,145.0,145.0
EV-001631,2026-05-21 09:53:00,92e71d63-18a8-434d-843c-bf74be57070f,HER-002,Cinta métrica 5 m,Herramientas,2,78.0,156.0
EV-001632,2026-05-21 10:41:00,ccc1fa5f-09b9-486c-8a74-3dfa0298911a,CEM-001,Cemento gris 42.5 kg,Construcción,2,245.0,490.0
EV-001633,2026-05-21 10:53:00,e6d66d11-b7e0-4153-81fa-62a11cef4515,PLO-001,"Tubo PVC 1/2"" x 6 m",Plomería,3,96.0,288.0
EV-001634,2026-05-21 10:53:00,0b4327ce-a267-40d8-bc6b-74ab7d775d30,TOR-001,"Tornillo para madera 1"" (caja 100 u)",Tornillería,2,42.0,84.0
EV-001635,2026-05-21 11:25:00,126b5449-9df4-496e-a1b9-f527a5ea0c0a,CER-023,Candado de bronce 40 mm,Cerrajería,1,120.0,120.0
EV-001636,2026-05-21 11:45:00,e6d66d11-b7e0-4153-81fa-62a11cef4515,PLO-001,"Tubo PVC 1/2"" x 6 m",Plomería,2,96.0,192.0
EV-001637,2026-05-21 11:53:00,765694c8-9734-462c-a35f-797118e2e09e,PIN-001,Pintura acrílica blanca 1 galón,Pinturas,2,385.0,770.0
EV-001638,2026-05-21 12:09:00,0b4327ce-a267-40d8-bc6b-74ab7d775d30,TOR-001,"Tornillo para madera 1"" (caja 100 u)",Tornillería,3,42.0,126.0
EV-001639,2026-05-21 12:10:00,ccc1fa5f-09b9-486c-8a74-3dfa0298911a,CEM-001,Cemento gris 42.5 kg,Construcción,4,245.0,980.0
EV-001640,2026-05-21 12:40:00,0b4327ce-a267-40d8-bc6b-74ab7d775d30,TOR-001,"Tornillo para madera 1"" (caja 100 u)",Tornillería,1,42.0,42.0
EV-001641,2026-05-21 12:41:00,0952bcea-dcc1-484d-b422-b1a41871f4be,CER-001,Candado de bronce 40 mm,Cerrajería,1,145.0,145.0
EV-001642,2026-05-21 12:56:00,9acb88c2-673a-4ca9-b665-b129976958bd,HER-001,Martillo de uña 16 oz,Herramientas,1,185.0,185.0
EV-001643,2026-05-21 13:13:00,92e71d63-18a8-434d-843c-bf74be57070f,HER-002,Cinta métrica 5 m,Herramientas,1,78.0,78.0
EV-001644,2026-05-21 13:13:00,0b4327ce-a267-40d8-bc6b-74ab7d775d30,TOR-001,"Tornillo para madera 1"" (caja 100 u)",Tornillería,1,42.0,42.0
EV-001645,2026-05-21 13:54:00,0b4327ce-a267-40d8-bc6b-74ab7d775d30,TOR-001,"Tornillo para madera 1"" (caja 100 u)",Tornillería,1,42.0,42.0
EV-001646,2026-05-22 09:25:00,ccc1fa5f-09b9-486c-8a74-3dfa0298911a,CEM-001,Cemento gris 42.5 kg,Construcción,6,245.0,1470.0
EV-001647,2026-05-22 10:16:00,ccc1fa5f-09b9-486c-8a74-3dfa0298911a,CEM-001,Cemento gris 42.5 kg,Construcción,1,245.0,245.0
EV-001648,2026-05-22 10:27:00,0952bcea-dcc1-484d-b422-b1a41871f4be,CER-001,Candado de bronce 40 mm,Cerrajería,2,145.0,290.0
EV-001649,2026-05-22 10:29:00,0b4327ce-a267-40d8-bc6b-74ab7d775d30,TOR-001,"Tornillo para madera 1"" (caja 100 u)",Tornillería,2,42.0,84.0
EV-001650,2026-05-22 10:34:00,e6d66d11-b7e0-4153-81fa-62a11cef4515,PLO-001,"Tubo PVC 1/2"" x 6 m",Plomería,3,96.0,288.0
EV-001651,2026-05-22 11:09:00,0b4327ce-a267-40d8-bc6b-74ab7d775d30,TOR-001,"Tornillo para madera 1"" (caja 100 u)",Tornillería,3,42.0,126.0
EV-001652,2026-05-22 11:40:00,9acb88c2-673a-4ca9-b665-b129976958bd,HER-001,Martillo de uña 16 oz,Herramientas,1,185.0,185.0
EV-001653,2026-05-22 12:10:00,126b5449-9df4-496e-a1b9-f527a5ea0c0a,CER-023,Candado de bronce 40 mm,Cerrajería,1,120.0,120.0
EV-001654,2026-05-22 13:22:00,765694c8-9734-462c-a35f-797118e2e09e,PIN-001,Pintura acrílica blanca 1 galón,Pinturas,1,385.0,385.0
EV-001655,2026-05-22 13:51:00,765694c8-9734-462c-a35f-797118e2e09e,PIN-001,Pintura acrílica blanca 1 galón,Pinturas,1,385.0,385.0
EV-001656,2026-05-22 14:31:00,92e71d63-18a8-434d-843c-bf74be57070f,HER-002,Cinta métrica 5 m,Herramientas,2,78.0,156.0
EV-001657,2026-05-22 15:07:00,ccc1fa5f-09b9-486c-8a74-3dfa0298911a,CEM-001,Cemento gris 42.5 kg,Construcción,5,245.0,1225.0
EV-001658,2026-05-22 15:09:00,9acb88c2-673a-4ca9-b665-b129976958bd,HER-001,Martillo de uña 16 oz,Herramientas,1,185.0,185.0
EV-001659,2026-05-23 07:00:00,ccc1fa5f-09b9-486c-8a74-3dfa0298911a,CEM-001,Cemento gris 42.5 kg,Construcción,6,245.0,1470.0
EV-001660,2026-05-23 07:11:00,0b4327ce-a267-40d8-bc6b-74ab7d775d30,TOR-001,"Tornillo para madera 1"" (caja 100 u)",Tornillería,2,42.0,84.0
EV-001661,2026-05-23 07:13:00,ccc1fa5f-09b9-486c-8a74-3dfa0298911a,CEM-001,Cemento gris 42.5 kg,Construcción,1,245.0,245.0
EV-001662,2026-05-23 08:11:00,0b4327ce-a267-40d8-bc6b-74ab7d775d30,TOR-001,"Tornillo para madera 1"" (caja 100 u)",Tornillería,2,42.0,84.0
EV-001663,2026-05-23 09:08:00,92e71d63-18a8-434d-843c-bf74be57070f,HER-002,Cinta métrica 5 m,Herramientas,1,78.0,78.0
EV-001664,2026-05-23 09:44:00,e6d66d11-b7e0-4153-81fa-62a11cef4515,PLO-001,"Tubo PVC 1/2"" x 6 m",Plomería,2,96.0,192.0
EV-001665,2026-05-23 09:47:00,ccc1fa5f-09b9-486c-8a74-3dfa0298911a,CEM-001,Cemento gris 42.5 kg,Construcción,2,245.0,490.0
EV-001666,2026-05-23 10:02:00,ccc1fa5f-09b9-486c-8a74-3dfa0298911a,CEM-001,Cemento gris 42.5 kg,Construcción,1,245.0,245.0
EV-001667,2026-05-23 10:53:00,0b4327ce-a267-40d8-bc6b-74ab7d775d30,TOR-001,"Tornillo para madera 1"" (caja 100 u)",Tornillería,1,42.0,42.0
EV-001668,2026-05-23 11:21:00,765694c8-9734-462c-a35f-797118e2e09e,PIN-001,Pintura acrílica blanca 1 galón,Pinturas,1,385.0,385.0
EV-001669,2026-05-23 12:22:00,0b4327ce-a267-40d8-bc6b-74ab7d775d30,TOR-001,"Tornillo para madera 1"" (caja 100 u)",Tornillería,2,42.0,84.0
EV-001670,2026-05-23 12:45:00,e6d66d11-b7e0-4153-81fa-62a11cef4515,PLO-001,"Tubo PVC 1/2"" x 6 m",Plomería,2,96.0,192.0
EV-001671,2026-05-23 12:55:00,ccc1fa5f-09b9-486c-8a74-3dfa0298911a,CEM-001,Cemento gris 42.5 kg,Construcción,5,245.0,1225.0
EV-001672,2026-05-23 14:01:00,e6d66d11-b7e0-4153-81fa-62a11cef4515,PLO-001,"Tubo PVC 1/2"" x 6 m",Plomería,1,96.0,96.0
EV-001673,2026-05-23 14:37:00,ccc1fa5f-09b9-486c-8a74-3dfa0298911a,CEM-001,Cemento gris 42.5 kg,Construcción,2,245.0,490.0
EV-001674,2026-05-23 15:19:00,e6d66d11-b7e0-4153-81fa-62a11cef4515,PLO-001,"Tubo PVC 1/2"" x 6 m",Plomería,3,96.0,288.0
EV-001675,2026-05-25 07:50:00,0b4327ce-a267-40d8-bc6b-74ab7d775d30,TOR-001,"Tornillo para madera 1"" (caja 100 u)",Tornillería,4,42.0,168.0
EV-001676,2026-05-25 08:21:00,0b4327ce-a267-40d8-bc6b-74ab7d775d30,TOR-001,"Tornillo para madera 1"" (caja 100 u)",Tornillería,1,42.0,42.0
EV-001677,2026-05-25 09:35:00,126b5449-9df4-496e-a1b9-f527a5ea0c0a,CER-023,Candado de bronce 40 mm,Cerrajería,1,120.0,120.0
EV-001678,2026-05-25 11:04:00,e6d66d11-b7e0-4153-81fa-62a11cef4515,PLO-001,"Tubo PVC 1/2"" x 6 m",Plomería,2,96.0,192.0
EV-001679,2026-05-25 11:17:00,e6d66d11-b7e0-4153-81fa-62a11cef4515,PLO-001,"Tubo PVC 1/2"" x 6 m",Plomería,5,96.0,480.0
EV-001680,2026-05-25 11:29:00,126b5449-9df4-496e-a1b9-f527a5ea0c0a,CER-023,Candado de bronce 40 mm,Cerrajería,1,120.0,120.0
EV-001681,2026-05-25 13:33:00,0b4327ce-a267-40d8-bc6b-74ab7d775d30,TOR-001,"Tornillo para madera 1"" (caja 100 u)",Tornillería,4,42.0,168.0
EV-001682,2026-05-25 14:17:00,0b4327ce-a267-40d8-bc6b-74ab7d775d30,TOR-001,"Tornillo para madera 1"" (caja 100 u)",Tornillería,2,42.0,84.0
EV-001683,2026-05-25 15:03:00,ccc1fa5f-09b9-486c-8a74-3dfa0298911a,CEM-001,Cemento gris 42.5 kg,Construcción,3,245.0,735.0
EV-001684,2026-05-25 15:09:00,765694c8-9734-462c-a35f-797118e2e09e,PIN-001,Pintura acrílica blanca 1 galón,Pinturas,1,385.0,385.0
EV-001685,2026-05-25 15:16:00,0b4327ce-a267-40d8-bc6b-74ab7d775d30,TOR-001,"Tornillo para madera 1"" (caja 100 u)",Tornillería,2,42.0,84.0
EV-001686,2026-05-26 08:44:00,0b4327ce-a267-40d8-bc6b-74ab7d775d30,TOR-001,"Tornillo para madera 1"" (caja 100 u)",Tornillería,1,42.0,42.0
EV-001687,2026-05-26 08:55:00,0b4327ce-a267-40d8-bc6b-74ab7d775d30,TOR-001,"Tornillo para madera 1"" (caja 100 u)",Tornillería,1,42.0,42.0
EV-001688,2026-05-26 09:12:00,0952bcea-dcc1-484d-b422-b1a41871f4be,CER-001,Candado de bronce 40 mm,Cerrajería,1,145.0,145.0
EV-001689,2026-05-26 09:39:00,0952bcea-dcc1-484d-b422-b1a41871f4be,CER-001,Candado de bronce 40 mm,Cerrajería,1,145.0,145.0
EV-001689,2026-05-26 09:39:00,0952bcea-dcc1-484d-b422-b1a41871f4be,CER-001,Candado de bronce 40 mm,Cerrajería,1,145.0,145.0
EV-001690,2026-05-26 10:31:00,0b4327ce-a267-40d8-bc6b-74ab7d775d30,TOR-001,"Tornillo para madera 1"" (caja 100 u)",Tornillería,4,42.0,168.0
EV-001691,2026-05-26 10:53:00,9acb88c2-673a-4ca9-b665-b129976958bd,HER-001,Martillo de uña 16 oz,Herramientas,1,185.0,185.0
EV-001692,2026-05-26 11:04:00,0b4327ce-a267-40d8-bc6b-74ab7d775d30,TOR-001,"Tornillo para madera 1"" (caja 100 u)",Tornillería,1,42.0,42.0
EV-001693,2026-05-26 11:12:00,0b4327ce-a267-40d8-bc6b-74ab7d775d30,TOR-001,"Tornillo para madera 1"" (caja 100 u)",Tornillería,2,42.0,84.0
EV-001694,2026-05-26 11:22:00,0b4327ce-a267-40d8-bc6b-74ab7d775d30,TOR-001,"Tornillo para madera 1"" (caja 100 u)",Tornillería,2,42.0,84.0
EV-001695,2026-05-26 11:27:00,92e71d63-18a8-434d-843c-bf74be57070f,HER-002,Cinta métrica 5 m,Herramientas,1,78.0,78.0
EV-001696,2026-05-26 11:43:00,ccc1fa5f-09b9-486c-8a74-3dfa0298911a,CEM-001,Cemento gris 42.5 kg,Construcción,4,245.0,980.0
EV-001697,2026-05-26 12:01:00,0b4327ce-a267-40d8-bc6b-74ab7d775d30,TOR-001,"Tornillo para madera 1"" (caja 100 u)",Tornillería,2,42.0,84.0
EV-001698,2026-05-26 12:40:00,0b4327ce-a267-40d8-bc6b-74ab7d775d30,TOR-001,"Tornillo para madera 1"" (caja 100 u)",Tornillería,3,42.0,126.0
EV-001699,2026-05-26 12:49:00,0b4327ce-a267-40d8-bc6b-74ab7d775d30,TOR-001,"Tornillo para madera 1"" (caja 100 u)",Tornillería,3,42.0,126.0
EV-001700,2026-05-26 13:00:00,9acb88c2-673a-4ca9-b665-b129976958bd,HER-001,Martillo de uña 16 oz,Herramientas,1,185.0,185.0
EV-001701,2026-05-26 13:29:00,126b5449-9df4-496e-a1b9-f527a5ea0c0a,CER-023,Candado de bronce 40 mm,Cerrajería,1,120.0,120.0
EV-001702,2026-05-26 13:41:00,e6d66d11-b7e0-4153-81fa-62a11cef4515,PLO-001,"Tubo PVC 1/2"" x 6 m",Plomería,1,96.0,96.0
EV-001703,2026-05-26 14:06:00,ccc1fa5f-09b9-486c-8a74-3dfa0298911a,CEM-001,Cemento gris 42.5 kg,Construcción,2,245.0,490.0
EV-001704,2026-05-27 10:04:00,0952bcea-dcc1-484d-b422-b1a41871f4be,CER-001,Candado de bronce 40 mm,Cerrajería,1,145.0,145.0
EV-001705,2026-05-27 10:04:00,0b4327ce-a267-40d8-bc6b-74ab7d775d30,TOR-001,"Tornillo para madera 1"" (caja 100 u)",Tornillería,3,42.0,126.0
EV-001706,2026-05-27 10:10:00,ccc1fa5f-09b9-486c-8a74-3dfa0298911a,CEM-001,Cemento gris 42.5 kg,Construcción,1,245.0,245.0
EV-001707,2026-05-27 10:12:00,92e71d63-18a8-434d-843c-bf74be57070f,HER-002,Cinta métrica 5 m,Herramientas,1,78.0,78.0
EV-001708,2026-05-27 10:46:00,92e71d63-18a8-434d-843c-bf74be57070f,HER-002,Cinta métrica 5 m,Herramientas,1,78.0,78.0
EV-001709,2026-05-27 11:22:00,126b5449-9df4-496e-a1b9-f527a5ea0c0a,CER-023,Candado de bronce 40 mm,Cerrajería,2,120.0,240.0
EV-001710,2026-05-27 11:27:00,ccc1fa5f-09b9-486c-8a74-3dfa0298911a,CEM-001,Cemento gris 42.5 kg,Construcción,1,245.0,245.0
EV-001711,2026-05-27 11:27:00,765694c8-9734-462c-a35f-797118e2e09e,PIN-001,Pintura acrílica blanca 1 galón,Pinturas,1,385.0,385.0
EV-001712,2026-05-27 12:14:00,0b4327ce-a267-40d8-bc6b-74ab7d775d30,TOR-001,"Tornillo para madera 1"" (caja 100 u)",Tornillería,1,42.0,42.0
EV-001713,2026-05-27 12:18:00,0b4327ce-a267-40d8-bc6b-74ab7d775d30,TOR-001,"Tornillo para madera 1"" (caja 100 u)",Tornillería,3,42.0,126.0
EV-001714,2026-05-27 12:40:00,0b4327ce-a267-40d8-bc6b-74ab7d775d30,TOR-001,"Tornillo para madera 1"" (caja 100 u)",Tornillería,1,42.0,42.0
EV-001715,2026-05-27 13:02:00,0b4327ce-a267-40d8-bc6b-74ab7d775d30,TOR-001,"Tornillo para madera 1"" (caja 100 u)",Tornillería,1,42.0,42.0
EV-001716,2026-05-27 13:52:00,0b4327ce-a267-40d8-bc6b-74ab7d775d30,TOR-001,"Tornillo para madera 1"" (caja 100 u)",Tornillería,3,42.0,126.0
EV-001717,2026-05-27 15:06:00,e6d66d11-b7e0-4153-81fa-62a11cef4515,PLO-001,"Tubo PVC 1/2"" x 6 m",Plomería,4,96.0,384.0
EV-001718,2026-05-28 07:59:00,ccc1fa5f-09b9-486c-8a74-3dfa0298911a,CEM-001,Cemento gris 42.5 kg,Construcción,3,245.0,735.0
EV-001719,2026-05-28 09:07:00,0952bcea-dcc1-484d-b422-b1a41871f4be,CER-001,Candado de bronce 40 mm,Cerrajería,1,145.0,145.0
EV-001720,2026-05-28 10:20:00,126b5449-9df4-496e-a1b9-f527a5ea0c0a,CER-023,Candado de bronce 40 mm,Cerrajería,1,120.0,120.0
EV-001721,2026-05-28 10:52:00,0b4327ce-a267-40d8-bc6b-74ab7d775d30,TOR-001,"Tornillo para madera 1"" (caja 100 u)",Tornillería,3,42.0,126.0
EV-001722,2026-05-28 11:08:00,0b4327ce-a267-40d8-bc6b-74ab7d775d30,TOR-001,"Tornillo para madera 1"" (caja 100 u)",Tornillería,2,42.0,84.0
EV-001723,2026-05-28 11:11:00,126b5449-9df4-496e-a1b9-f527a5ea0c0a,CER-023,Candado de bronce 40 mm,Cerrajería,1,120.0,120.0
EV-001724,2026-05-28 11:15:00,e6d66d11-b7e0-4153-81fa-62a11cef4515,PLO-001,"Tubo PVC 1/2"" x 6 m",Plomería,1,96.0,96.0
EV-001725,2026-05-28 11:48:00,126b5449-9df4-496e-a1b9-f527a5ea0c0a,CER-023,Candado de bronce 40 mm,Cerrajería,1,120.0,120.0
EV-001726,2026-05-28 12:36:00,765694c8-9734-462c-a35f-797118e2e09e,PIN-001,Pintura acrílica blanca 1 galón,Pinturas,1,385.0,385.0
EV-001727,2026-05-28 12:38:00,92e71d63-18a8-434d-843c-bf74be57070f,HER-002,Cinta métrica 5 m,Herramientas,1,78.0,78.0
EV-001728,2026-05-28 12:53:00,0b4327ce-a267-40d8-bc6b-74ab7d775d30,TOR-001,"Tornillo para madera 1"" (caja 100 u)",Tornillería,2,42.0,84.0
EV-001729,2026-05-28 13:51:00,ccc1fa5f-09b9-486c-8a74-3dfa0298911a,CEM-001,Cemento gris 42.5 kg,Construcción,1,245.0,245.0
EV-001730,2026-05-28 14:49:00,0b4327ce-a267-40d8-bc6b-74ab7d775d30,TOR-001,"Tornillo para madera 1"" (caja 100 u)",Tornillería,1,42.0,42.0
EV-001731,2026-05-28 15:06:00,30cf2d34-7ddc-45a8-9eac-4a9fc4cfa3f5,ELE-001,Cable THHN #12 (rollo 100 m),Eléctrico,1,1150.0,1150.0
EV-001732,2026-05-28 15:07:00,9acb88c2-673a-4ca9-b665-b129976958bd,HER-001,Martillo de uña 16 oz,Herramientas,1,185.0,185.0
EV-001733,2026-05-29 07:00:00,e6d66d11-b7e0-4153-81fa-62a11cef4515,PLO-001,"Tubo PVC 1/2"" x 6 m",Plomería,1,96.0,96.0
EV-001734,2026-05-29 09:17:00,ccc1fa5f-09b9-486c-8a74-3dfa0298911a,CEM-001,Cemento gris 42.5 kg,Construcción,3,245.0,735.0
EV-001735,2026-05-29 09:33:00,0b4327ce-a267-40d8-bc6b-74ab7d775d30,TOR-001,"Tornillo para madera 1"" (caja 100 u)",Tornillería,1,42.0,42.0
EV-001736,2026-05-29 09:57:00,0b4327ce-a267-40d8-bc6b-74ab7d775d30,TOR-001,"Tornillo para madera 1"" (caja 100 u)",Tornillería,4,42.0,168.0
EV-001737,2026-05-29 10:05:00,9acb88c2-673a-4ca9-b665-b129976958bd,HER-001,Martillo de uña 16 oz,Herramientas,1,185.0,185.0
EV-001738,2026-05-29 10:42:00,92e71d63-18a8-434d-843c-bf74be57070f,HER-002,Cinta métrica 5 m,Herramientas,2,78.0,156.0
EV-001739,2026-05-29 10:45:00,126b5449-9df4-496e-a1b9-f527a5ea0c0a,CER-023,Candado de bronce 40 mm,Cerrajería,1,120.0,120.0
EV-001740,2026-05-29 10:56:00,ccc1fa5f-09b9-486c-8a74-3dfa0298911a,CEM-001,Cemento gris 42.5 kg,Construcción,1,,245.0
EV-001740,2026-05-29 10:56:00,ccc1fa5f-09b9-486c-8a74-3dfa0298911a,CEM-001,Cemento gris 42.5 kg,Construcción,1,,245.0
EV-001741,2026-05-29 11:16:00,765694c8-9734-462c-a35f-797118e2e09e,PIN-001,Pintura acrílica blanca 1 galón,Pinturas,2,385.0,770.0
EV-001742,2026-05-29 11:40:00,0b4327ce-a267-40d8-bc6b-74ab7d775d30,TOR-001,"Tornillo para madera 1"" (caja 100 u)",Tornillería,1,42.0,42.0
EV-001743,2026-05-29 11:44:00,ccc1fa5f-09b9-486c-8a74-3dfa0298911a,CEM-001,Cemento gris 42.5 kg,Construcción,2,245.0,490.0
EV-001744,2026-05-29 15:28:00,9acb88c2-673a-4ca9-b665-b129976958bd,HER-001,Martillo de uña 16 oz,Herramientas,1,185.0,185.0
EV-001745,2026-05-29 16:59:00,0b4327ce-a267-40d8-bc6b-74ab7d775d30,TOR-001,"Tornillo para madera 1"" (caja 100 u)",Tornillería,2,42.0,84.0
EV-001746,2026-05-30 07:38:00,ccc1fa5f-09b9-486c-8a74-3dfa0298911a,CEM-001,Cemento gris 42.5 kg,Construcción,2,245.0,490.0
EV-001747,2026-05-30 07:50:00,0b4327ce-a267-40d8-bc6b-74ab7d775d30,TOR-001,"Tornillo para madera 1"" (caja 100 u)",Tornillería,1,42.0,42.0
EV-001748,2026-05-30 08:09:00,30cf2d34-7ddc-45a8-9eac-4a9fc4cfa3f5,ELE-001,Cable THHN #12 (rollo 100 m),Eléctrico,1,1150.0,1150.0
EV-001749,2026-05-30 08:29:00,e6d66d11-b7e0-4153-81fa-62a11cef4515,PLO-001,"Tubo PVC 1/2"" x 6 m",Plomería,2,96.0,192.0
EV-001750,2026-05-30 08:58:00,e6d66d11-b7e0-4153-81fa-62a11cef4515,PLO-001,"Tubo PVC 1/2"" x 6 m",Plomería,3,96.0,288.0
EV-001751,2026-05-30 09:44:00,92e71d63-18a8-434d-843c-bf74be57070f,HER-002,Cinta métrica 5 m,Herramientas,1,78.0,78.0
EV-001752,2026-05-30 10:17:00,0b4327ce-a267-40d8-bc6b-74ab7d775d30,TOR-001,"Tornillo para madera 1"" (caja 100 u)",Tornillería,4,42.0,168.0
EV-001753,2026-05-30 11:50:00,92e71d63-18a8-434d-843c-bf74be57070f,HER-002,Cinta métrica 5 m,Herramientas,2,78.0,156.0
EV-001754,2026-05-30 11:59:00,92e71d63-18a8-434d-843c-bf74be57070f,HER-002,Cinta métrica 5 m,Herramientas,1,78.0,78.0
EV-001755,2026-05-30 12:10:00,126b5449-9df4-496e-a1b9-f527a5ea0c0a,CER-023,Candado de bronce 40 mm,Cerrajería,2,120.0,240.0
EV-001756,2026-05-30 12:22:00,765694c8-9734-462c-a35f-797118e2e09e,PIN-001,Pintura acrílica blanca 1 galón,Pinturas,1,385.0,385.0
EV-001757,2026-05-30 12:37:00,9acb88c2-673a-4ca9-b665-b129976958bd,HER-001,Martillo de uña 16 oz,Herramientas,1,185.0,185.0
EV-001758,2026-05-30 13:22:00,e6d66d11-b7e0-4153-81fa-62a11cef4515,PLO-001,"Tubo PVC 1/2"" x 6 m",Plomería,4,96.0,384.0
EV-001759,2026-06-01 10:20:00,e6d66d11-b7e0-4153-81fa-62a11cef4515,PLO-001,"Tubo PVC 1/2"" x 6 m",Plomería,1,96.0,96.0
EV-001760,2026-06-01 12:00:00,0952bcea-dcc1-484d-b422-b1a41871f4be,CER-001,Candado de bronce 40 mm,Cerrajería,1,145.0,145.0
EV-001761,2026-06-01 12:08:00,ccc1fa5f-09b9-486c-8a74-3dfa0298911a,CEM-001,Cemento gris 42.5 kg,Construcción,1,245.0,245.0
EV-001762,2026-06-01 12:25:00,0b4327ce-a267-40d8-bc6b-74ab7d775d30,TOR-001,"Tornillo para madera 1"" (caja 100 u)",Tornillería,1,42.0,42.0
EV-001763,2026-06-01 13:47:00,ccc1fa5f-09b9-486c-8a74-3dfa0298911a,CEM-001,Cemento gris 42.5 kg,Construcción,6,245.0,1470.0
EV-001764,2026-06-02 10:11:00,0b4327ce-a267-40d8-bc6b-74ab7d775d30,TOR-001,"Tornillo para madera 1"" (caja 100 u)",Tornillería,2,42.0,84.0
EV-001765,2026-06-02 10:14:00,126b5449-9df4-496e-a1b9-f527a5ea0c0a,CER-023,Candado de bronce 40 mm,Cerrajería,1,120.0,120.0
EV-001766,2026-06-02 11:12:00,ccc1fa5f-09b9-486c-8a74-3dfa0298911a,CEM-001,Cemento gris 42.5 kg,Construcción,4,245.0,980.0
EV-001767,2026-06-02 11:31:00,9acb88c2-673a-4ca9-b665-b129976958bd,HER-001,Martillo de uña 16 oz,Herramientas,1,185.0,185.0
EV-001768,2026-06-02 11:59:00,9acb88c2-673a-4ca9-b665-b129976958bd,HER-001,Martillo de uña 16 oz,Herramientas,2,185.0,370.0
EV-001769,2026-06-02 12:02:00,0952bcea-dcc1-484d-b422-b1a41871f4be,CER-001,Candado de bronce 40 mm,Cerrajería,1,145.0,145.0
EV-001770,2026-06-02 12:51:00,0b4327ce-a267-40d8-bc6b-74ab7d775d30,TOR-001,"Tornillo para madera 1"" (caja 100 u)",Tornillería,1,42.0,42.0
EV-001771,2026-06-02 13:50:00,0b4327ce-a267-40d8-bc6b-74ab7d775d30,TOR-001,"Tornillo para madera 1"" (caja 100 u)",Tornillería,3,42.0,126.0
EV-001772,2026-06-02 14:16:00,e6d66d11-b7e0-4153-81fa-62a11cef4515,PLO-001,"Tubo PVC 1/2"" x 6 m",Plomería,3,96.0,288.0
EV-001773,2026-06-02 14:44:00,30cf2d34-7ddc-45a8-9eac-4a9fc4cfa3f5,ELE-001,Cable THHN #12 (rollo 100 m),Eléctrico,1,1150.0,1150.0
EV-001774,2026-06-03 09:13:00,0b4327ce-a267-40d8-bc6b-74ab7d775d30,TOR-001,"Tornillo para madera 1"" (caja 100 u)",Tornillería,2,42.0,84.0
EV-001775,2026-06-03 09:15:00,ccc1fa5f-09b9-486c-8a74-3dfa0298911a,CEM-001,Cemento gris 42.5 kg,Construcción,2,245.0,490.0
EV-001776,2026-06-03 10:06:00,e6d66d11-b7e0-4153-81fa-62a11cef4515,PLO-001,"Tubo PVC 1/2"" x 6 m",Plomería,2,96.0,192.0
EV-001777,2026-06-03 11:23:00,0b4327ce-a267-40d8-bc6b-74ab7d775d30,TOR-001,"Tornillo para madera 1"" (caja 100 u)",Tornillería,2,42.0,84.0
EV-001778,2026-06-03 11:30:00,126b5449-9df4-496e-a1b9-f527a5ea0c0a,CER-023,Candado de bronce 40 mm,Cerrajería,1,120.0,120.0
EV-001779,2026-06-03 11:41:00,92e71d63-18a8-434d-843c-bf74be57070f,HER-002,Cinta métrica 5 m,Herramientas,2,78.0,156.0
EV-001780,2026-06-03 12:41:00,92e71d63-18a8-434d-843c-bf74be57070f,HER-002,Cinta métrica 5 m,Herramientas,1,78.0,78.0
EV-001781,2026-06-03 12:48:00,ccc1fa5f-09b9-486c-8a74-3dfa0298911a,CEM-001,Cemento gris 42.5 kg,Construcción,6,245.0,1470.0
EV-001782,2026-06-03 13:13:00,126b5449-9df4-496e-a1b9-f527a5ea0c0a,CER-023,Candado de bronce 40 mm,Cerrajería,2,120.0,240.0
EV-001783,2026-06-03 13:18:00,765694c8-9734-462c-a35f-797118e2e09e,PIN-001,Pintura acrílica blanca 1 galón,Pinturas,1,385.0,385.0
EV-001784,2026-06-03 14:26:00,0b4327ce-a267-40d8-bc6b-74ab7d775d30,TOR-001,"Tornillo para madera 1"" (caja 100 u)",Tornillería,2,42.0,84.0
EV-001785,2026-06-03 15:35:00,126b5449-9df4-496e-a1b9-f527a5ea0c0a,CER-023,Candado de bronce 40 mm,Cerrajería,1,120.0,120.0
EV-001786,2026-06-03 15:44:00,765694c8-9734-462c-a35f-797118e2e09e,PIN-001,Pintura acrílica blanca 1 galón,Pinturas,1,385.0,385.0
EV-001787,2026-06-04 07:00:00,92e71d63-18a8-434d-843c-bf74be57070f,HER-002,Cinta métrica 5 m,Herramientas,1,78.0,78.0
EV-001788,2026-06-04 08:48:00,30cf2d34-7ddc-45a8-9eac-4a9fc4cfa3f5,ELE-001,Cable THHN #12 (rollo 100 m),Eléctrico,1,1150.0,1150.0
EV-001789,2026-06-04 10:07:00,765694c8-9734-462c-a35f-797118e2e09e,PIN-001,Pintura acrílica blanca 1 galón,Pinturas,1,385.0,385.0
EV-001790,2026-06-04 10:26:00,ccc1fa5f-09b9-486c-8a74-3dfa0298911a,CEM-001,Cemento gris 42.5 kg,Construcción,2,245.0,490.0
EV-001791,2026-06-04 10:38:00,ccc1fa5f-09b9-486c-8a74-3dfa0298911a,CEM-001,Cemento gris 42.5 kg,Construcción,2,245.0,490.0
EV-001792,2026-06-04 11:20:00,126b5449-9df4-496e-a1b9-f527a5ea0c0a,CER-023,Candado de bronce 40 mm,Cerrajería,1,120.0,120.0
EV-001793,2026-06-04 11:30:00,0b4327ce-a267-40d8-bc6b-74ab7d775d30,TOR-001,"Tornillo para madera 1"" (caja 100 u)",Tornillería,2,42.0,84.0
EV-001794,2026-06-04 11:46:00,92e71d63-18a8-434d-843c-bf74be57070f,HER-002,Cinta métrica 5 m,Herramientas,2,78.0,156.0
EV-001795,2026-06-04 11:50:00,9acb88c2-673a-4ca9-b665-b129976958bd,HER-001,Martillo de uña 16 oz,Herramientas,1,185.0,185.0
EV-001796,2026-06-04 11:57:00,e6d66d11-b7e0-4153-81fa-62a11cef4515,PLO-001,"Tubo PVC 1/2"" x 6 m",Plomería,1,96.0,96.0
EV-001797,2026-06-04 12:19:00,9acb88c2-673a-4ca9-b665-b129976958bd,HER-001,Martillo de uña 16 oz,Herramientas,1,185.0,185.0
EV-001798,2026-06-04 13:34:00,e6d66d11-b7e0-4153-81fa-62a11cef4515,PLO-001,"Tubo PVC 1/2"" x 6 m",Plomería,1,96.0,96.0
EV-001799,2026-06-04 16:59:00,ccc1fa5f-09b9-486c-8a74-3dfa0298911a,CEM-001,Cemento gris 42.5 kg,Construcción,4,245.0,980.0
EV-001800,2026-06-05 08:09:00,0b4327ce-a267-40d8-bc6b-74ab7d775d30,TOR-001,"Tornillo para madera 1"" (caja 100 u)",Tornillería,1,42.0,42.0
EV-001801,2026-06-05 08:43:00,92e71d63-18a8-434d-843c-bf74be57070f,HER-002,Cinta métrica 5 m,Herramientas,1,78.0,78.0
EV-001802,2026-06-05 08:52:00,30cf2d34-7ddc-45a8-9eac-4a9fc4cfa3f5,ELE-001,Cable THHN #12 (rollo 100 m),Eléctrico,1,1150.0,1150.0
EV-001803,2026-06-05 09:21:00,0b4327ce-a267-40d8-bc6b-74ab7d775d30,TOR-001,"Tornillo para madera 1"" (caja 100 u)",Tornillería,3,42.0,126.0
EV-001804,2026-06-05 10:16:00,ccc1fa5f-09b9-486c-8a74-3dfa0298911a,CEM-001,Cemento gris 42.5 kg,Construcción,5,245.0,1225.0
EV-001805,2026-06-05 10:17:00,765694c8-9734-462c-a35f-797118e2e09e,PIN-001,Pintura acrílica blanca 1 galón,Pinturas,1,385.0,385.0
EV-001806,2026-06-05 10:18:00,0b4327ce-a267-40d8-bc6b-74ab7d775d30,TOR-001,"Tornillo para madera 1"" (caja 100 u)",Tornillería,1,42.0,42.0
EV-001807,2026-06-05 10:30:00,0b4327ce-a267-40d8-bc6b-74ab7d775d30,TOR-001,"Tornillo para madera 1"" (caja 100 u)",Tornillería,4,42.0,168.0
EV-001808,2026-06-05 10:34:00,ccc1fa5f-09b9-486c-8a74-3dfa0298911a,CEM-001,Cemento gris 42.5 kg,Construcción,4,245.0,980.0
EV-001809,2026-06-05 11:16:00,765694c8-9734-462c-a35f-797118e2e09e,PIN-001,Pintura acrílica blanca 1 galón,Pinturas,1,385.0,385.0
EV-001810,2026-06-05 11:19:00,0b4327ce-a267-40d8-bc6b-74ab7d775d30,TOR-001,"Tornillo para madera 1"" (caja 100 u)",Tornillería,1,42.0,42.0
EV-001811,2026-06-05 11:25:00,e6d66d11-b7e0-4153-81fa-62a11cef4515,PLO-001,"Tubo PVC 1/2"" x 6 m",Plomería,2,96.0,192.0
EV-001812,2026-06-05 11:40:00,126b5449-9df4-496e-a1b9-f527a5ea0c0a,CER-023,Candado de bronce 40 mm,Cerrajería,1,120.0,120.0
EV-001813,2026-06-05 11:56:00,765694c8-9734-462c-a35f-797118e2e09e,PIN-001,Pintura acrílica blanca 1 galón,Pinturas,1,385.0,385.0
EV-001814,2026-06-05 12:26:00,92e71d63-18a8-434d-843c-bf74be57070f,HER-002,Cinta métrica 5 m,Herramientas,2,78.0,156.0
EV-001815,2026-06-05 13:23:00,ccc1fa5f-09b9-486c-8a74-3dfa0298911a,CEM-001,Cemento gris 42.5 kg,Construcción,5,245.0,1225.0
EV-001816,2026-06-05 13:33:00,126b5449-9df4-496e-a1b9-f527a5ea0c0a,CER-023,Candado de bronce 40 mm,Cerrajería,2,120.0,240.0
EV-001817,2026-06-05 14:30:00,765694c8-9734-462c-a35f-797118e2e09e,PIN-001,Pintura acrílica blanca 1 galón,Pinturas,3,385.0,1155.0
EV-001818,2026-06-05 14:32:00,0b4327ce-a267-40d8-bc6b-74ab7d775d30,TOR-001,"Tornillo para madera 1"" (caja 100 u)",Tornillería,2,42.0,84.0
EV-001819,2026-06-05 15:07:00,0b4327ce-a267-40d8-bc6b-74ab7d775d30,TOR-001,"Tornillo para madera 1"" (caja 100 u)",Tornillería,1,42.0,42.0
EV-001820,2026-06-05 15:13:00,0b4327ce-a267-40d8-bc6b-74ab7d775d30,TOR-001,"Tornillo para madera 1"" (caja 100 u)",Tornillería,1,42.0,42.0
EV-001821,2026-06-06 07:22:00,92e71d63-18a8-434d-843c-bf74be57070f,HER-002,Cinta métrica 5 m,Herramientas,1,78.0,78.0
EV-001822,2026-06-06 07:35:00,e6d66d11-b7e0-4153-81fa-62a11cef4515,PLO-001,"Tubo PVC 1/2"" x 6 m",Plomería,5,96.0,480.0
EV-001823,2026-06-06 08:30:00,0b4327ce-a267-40d8-bc6b-74ab7d775d30,TOR-001,"Tornillo para madera 1"" (caja 100 u)",Tornillería,3,42.0,126.0
EV-001824,2026-06-06 09:27:00,765694c8-9734-462c-a35f-797118e2e09e,PIN-001,Pintura acrílica blanca 1 galón,Pinturas,1,385.0,385.0
EV-001825,2026-06-06 09:35:00,ccc1fa5f-09b9-486c-8a74-3dfa0298911a,CEM-001,Cemento gris 42.5 kg,Construcción,4,245.0,980.0
EV-001826,2026-06-06 09:57:00,0952bcea-dcc1-484d-b422-b1a41871f4be,CER-001,Candado de bronce 40 mm,Cerrajería,2,145.0,290.0
EV-001827,2026-06-06 10:15:00,0b4327ce-a267-40d8-bc6b-74ab7d775d30,TOR-001,"Tornillo para madera 1"" (caja 100 u)",Tornillería,4,42.0,168.0
EV-001828,2026-06-06 10:22:00,92e71d63-18a8-434d-843c-bf74be57070f,HER-002,Cinta métrica 5 m,Herramientas,2,78.0,156.0
EV-001829,2026-06-06 10:31:00,0b4327ce-a267-40d8-bc6b-74ab7d775d30,TOR-001,"Tornillo para madera 1"" (caja 100 u)",Tornillería,2,42.0,84.0
EV-001830,2026-06-06 10:33:00,ccc1fa5f-09b9-486c-8a74-3dfa0298911a,CEM-001,Cemento gris 42.5 kg,Construcción,6,245.0,1470.0
EV-001831,2026-06-06 10:57:00,30cf2d34-7ddc-45a8-9eac-4a9fc4cfa3f5,ELE-001,Cable THHN #12 (rollo 100 m),Eléctrico,1,1150.0,1150.0
EV-001832,2026-06-06 11:19:00,9acb88c2-673a-4ca9-b665-b129976958bd,HER-001,Martillo de uña 16 oz,Herramientas,2,185.0,370.0
EV-001833,2026-06-06 11:28:00,126b5449-9df4-496e-a1b9-f527a5ea0c0a,CER-023,Candado de bronce 40 mm,Cerrajería,1,120.0,120.0
EV-001834,2026-06-06 11:39:00,0b4327ce-a267-40d8-bc6b-74ab7d775d30,TOR-001,"Tornillo para madera 1"" (caja 100 u)",Tornillería,3,42.0,126.0
EV-001835,2026-06-06 12:10:00,0952bcea-dcc1-484d-b422-b1a41871f4be,CER-001,Candado de bronce 40 mm,Cerrajería,1,145.0,145.0
EV-001836,2026-06-06 12:29:00,0b4327ce-a267-40d8-bc6b-74ab7d775d30,TOR-001,"Tornillo para madera 1"" (caja 100 u)",Tornillería,1,42.0,42.0
EV-001837,2026-06-06 12:49:00,765694c8-9734-462c-a35f-797118e2e09e,PIN-001,Pintura acrílica blanca 1 galón,Pinturas,1,385.0,385.0
EV-001838,2026-06-06 13:03:00,92e71d63-18a8-434d-843c-bf74be57070f,HER-002,Cinta métrica 5 m,Herramientas,2,78.0,156.0
EV-001839,2026-06-06 13:23:00,92e71d63-18a8-434d-843c-bf74be57070f,HER-002,Cinta métrica 5 m,Herramientas,2,78.0,156.0
EV-001840,2026-06-06 14:54:00,0b4327ce-a267-40d8-bc6b-74ab7d775d30,TOR-001,"Tornillo para madera 1"" (caja 100 u)",Tornillería,1,42.0,42.0
EV-001841,2026-06-08 09:54:00,0b4327ce-a267-40d8-bc6b-74ab7d775d30,TOR-001,"Tornillo para madera 1"" (caja 100 u)",Tornillería,4,42.0,168.0
EV-001842,2026-06-08 11:17:00,9acb88c2-673a-4ca9-b665-b129976958bd,HER-001,Martillo de uña 16 oz,Herramientas,1,185.0,185.0
EV-001843,2026-06-08 11:27:00,e6d66d11-b7e0-4153-81fa-62a11cef4515,PLO-001,"Tubo PVC 1/2"" x 6 m",Plomería,2,96.0,192.0
EV-001844,2026-06-08 13:47:00,ccc1fa5f-09b9-486c-8a74-3dfa0298911a,CEM-001,Cemento gris 42.5 kg,Construcción,2,245.0,490.0
EV-001845,2026-06-08 14:41:00,126b5449-9df4-496e-a1b9-f527a5ea0c0a,CER-023,Candado de bronce 40 mm,Cerrajería,1,120.0,120.0
EV-001846,2026-06-08 16:59:00,0b4327ce-a267-40d8-bc6b-74ab7d775d30,TOR-001,"Tornillo para madera 1"" (caja 100 u)",Tornillería,1,42.0,42.0
EV-001847,2026-06-09 09:06:00,92e71d63-18a8-434d-843c-bf74be57070f,HER-002,Cinta métrica 5 m,Herramientas,1,78.0,78.0
EV-001848,2026-06-09 09:48:00,e6d66d11-b7e0-4153-81fa-62a11cef4515,PLO-001,"Tubo PVC 1/2"" x 6 m",Plomería,2,96.0,192.0
EV-001849,2026-06-09 10:06:00,ccc1fa5f-09b9-486c-8a74-3dfa0298911a,CEM-001,Cemento gris 42.5 kg,Construcción,4,245.0,980.0
EV-001850,2026-06-09 10:39:00,9acb88c2-673a-4ca9-b665-b129976958bd,HER-001,Martillo de uña 16 oz,Herramientas,2,185.0,370.0
EV-001851,2026-06-09 11:28:00,765694c8-9734-462c-a35f-797118e2e09e,PIN-001,Pintura acrílica blanca 1 galón,Pinturas,1,385.0,385.0
EV-001852,2026-06-09 11:40:00,0b4327ce-a267-40d8-bc6b-74ab7d775d30,TOR-001,"Tornillo para madera 1"" (caja 100 u)",Tornillería,2,42.0,84.0
EV-001853,2026-06-09 11:58:00,0b4327ce-a267-40d8-bc6b-74ab7d775d30,TOR-001,"Tornillo para madera 1"" (caja 100 u)",Tornillería,1,42.0,42.0
EV-001854,2026-06-09 12:21:00,0b4327ce-a267-40d8-bc6b-74ab7d775d30,TOR-001,"Tornillo para madera 1"" (caja 100 u)",Tornillería,1,42.0,42.0
EV-001855,2026-06-09 12:25:00,0b4327ce-a267-40d8-bc6b-74ab7d775d30,TOR-001,"Tornillo para madera 1"" (caja 100 u)",Tornillería,1,42.0,42.0
EV-001856,2026-06-09 13:37:00,0b4327ce-a267-40d8-bc6b-74ab7d775d30,TOR-001,"Tornillo para madera 1"" (caja 100 u)",Tornillería,2,42.0,84.0
EV-001857,2026-06-09 13:54:00,0b4327ce-a267-40d8-bc6b-74ab7d775d30,TOR-001,"Tornillo para madera 1"" (caja 100 u)",Tornillería,1,42.0,42.0
EV-001858,2026-06-09 13:58:00,0b4327ce-a267-40d8-bc6b-74ab7d775d30,TOR-001,"Tornillo para madera 1"" (caja 100 u)",Tornillería,3,42.0,126.0
EV-001859,2026-06-09 14:03:00,0b4327ce-a267-40d8-bc6b-74ab7d775d30,TOR-001,"Tornillo para madera 1"" (caja 100 u)",Tornillería,2,42.0,84.0
EV-001860,2026-06-09 14:07:00,e6d66d11-b7e0-4153-81fa-62a11cef4515,PLO-001,"Tubo PVC 1/2"" x 6 m",Plomería,4,96.0,384.0
EV-001861,2026-06-09 14:27:00,765694c8-9734-462c-a35f-797118e2e09e,PIN-001,Pintura acrílica blanca 1 galón,Pinturas,1,385.0,385.0
EV-001862,2026-06-10 07:05:00,ccc1fa5f-09b9-486c-8a74-3dfa0298911a,CEM-001,Cemento gris 42.5 kg,Construcción,3,245.0,735.0
EV-001863,2026-06-10 10:19:00,0b4327ce-a267-40d8-bc6b-74ab7d775d30,TOR-001,"Tornillo para madera 1"" (caja 100 u)",Tornillería,4,42.0,168.0
EV-001864,2026-06-10 10:41:00,0b4327ce-a267-40d8-bc6b-74ab7d775d30,TOR-001,"Tornillo para madera 1"" (caja 100 u)",Tornillería,2,42.0,84.0
EV-001865,2026-06-10 10:46:00,30cf2d34-7ddc-45a8-9eac-4a9fc4cfa3f5,ELE-001,Cable THHN #12 (rollo 100 m),Eléctrico,1,1150.0,1150.0
EV-001866,2026-06-10 13:18:00,765694c8-9734-462c-a35f-797118e2e09e,PIN-001,Pintura acrílica blanca 1 galón,Pinturas,3,385.0,1155.0
EV-001867,2026-06-10 16:59:00,0b4327ce-a267-40d8-bc6b-74ab7d775d30,TOR-001,"Tornillo para madera 1"" (caja 100 u)",Tornillería,1,42.0,42.0
EV-001868,2026-06-11 07:54:00,30cf2d34-7ddc-45a8-9eac-4a9fc4cfa3f5,ELE-001,Cable THHN #12 (rollo 100 m),Eléctrico,1,1150.0,1150.0
EV-001869,2026-06-11 08:28:00,ccc1fa5f-09b9-486c-8a74-3dfa0298911a,CEM-001,Cemento gris 42.5 kg,Construcción,1,245.0,245.0
EV-001870,2026-06-11 09:40:00,765694c8-9734-462c-a35f-797118e2e09e,PIN-001,Pintura acrílica blanca 1 galón,Pinturas,1,385.0,385.0
EV-001871,2026-06-11 10:01:00,9acb88c2-673a-4ca9-b665-b129976958bd,HER-001,Martillo de uña 16 oz,Herramientas,1,185.0,185.0
EV-001872,2026-06-11 10:11:00,0b4327ce-a267-40d8-bc6b-74ab7d775d30,TOR-001,"Tornillo para madera 1"" (caja 100 u)",Tornillería,1,42.0,42.0
EV-001873,2026-06-11 10:26:00,e6d66d11-b7e0-4153-81fa-62a11cef4515,PLO-001,"Tubo PVC 1/2"" x 6 m",Plomería,1,96.0,96.0
EV-001874,2026-06-11 10:54:00,0952bcea-dcc1-484d-b422-b1a41871f4be,CER-001,Candado de bronce 40 mm,Cerrajería,2,145.0,290.0
EV-001875,2026-06-11 11:08:00,ccc1fa5f-09b9-486c-8a74-3dfa0298911a,CEM-001,Cemento gris 42.5 kg,Construcción,2,245.0,490.0
EV-001876,2026-06-11 12:02:00,92e71d63-18a8-434d-843c-bf74be57070f,HER-002,Cinta métrica 5 m,Herramientas,1,78.0,78.0
EV-001877,2026-06-11 13:01:00,e6d66d11-b7e0-4153-81fa-62a11cef4515,PLO-001,"Tubo PVC 1/2"" x 6 m",Plomería,5,96.0,480.0
EV-001878,2026-06-11 13:44:00,0b4327ce-a267-40d8-bc6b-74ab7d775d30,TOR-001,"Tornillo para madera 1"" (caja 100 u)",Tornillería,2,42.0,84.0
EV-001879,2026-06-11 13:54:00,e6d66d11-b7e0-4153-81fa-62a11cef4515,PLO-001,"Tubo PVC 1/2"" x 6 m",Plomería,1,96.0,96.0
EV-001880,2026-06-11 14:58:00,92e71d63-18a8-434d-843c-bf74be57070f,HER-002,Cinta métrica 5 m,Herramientas,1,78.0,78.0
EV-001881,2026-06-11 15:56:00,e6d66d11-b7e0-4153-81fa-62a11cef4515,PLO-001,"Tubo PVC 1/2"" x 6 m",Plomería,4,96.0,384.0
EV-001882,2026-06-11 16:13:00,92e71d63-18a8-434d-843c-bf74be57070f,HER-002,Cinta métrica 5 m,Herramientas,1,78.0,78.0
EV-001883,2026-06-11 16:43:00,0b4327ce-a267-40d8-bc6b-74ab7d775d30,TOR-001,"Tornillo para madera 1"" (caja 100 u)",Tornillería,2,42.0,84.0
EV-001884,2026-06-12 07:54:00,92e71d63-18a8-434d-843c-bf74be57070f,HER-002,Cinta métrica 5 m,Herramientas,1,78.0,78.0
EV-001885,2026-06-12 08:15:00,9acb88c2-673a-4ca9-b665-b129976958bd,HER-001,Martillo de uña 16 oz,Herramientas,2,185.0,370.0
EV-001886,2026-06-12 09:43:00,ccc1fa5f-09b9-486c-8a74-3dfa0298911a,CEM-001,Cemento gris 42.5 kg,Construcción,2,245.0,490.0
EV-001887,2026-06-12 10:09:00,9acb88c2-673a-4ca9-b665-b129976958bd,HER-001,Martillo de uña 16 oz,Herramientas,1,185.0,185.0
EV-001888,2026-06-12 10:29:00,ccc1fa5f-09b9-486c-8a74-3dfa0298911a,CEM-001,Cemento gris 42.5 kg,Construcción,1,245.0,245.0
EV-001889,2026-06-12 10:46:00,126b5449-9df4-496e-a1b9-f527a5ea0c0a,CER-023,Candado de bronce 40 mm,Cerrajería,1,120.0,120.0
EV-001890,2026-06-12 10:54:00,0952bcea-dcc1-484d-b422-b1a41871f4be,CER-001,Candado de bronce 40 mm,Cerrajería,1,145.0,145.0
EV-001891,2026-06-12 10:57:00,0b4327ce-a267-40d8-bc6b-74ab7d775d30,TOR-001,"Tornillo para madera 1"" (caja 100 u)",Tornillería,2,42.0,84.0
EV-001892,2026-06-12 10:59:00,92e71d63-18a8-434d-843c-bf74be57070f,HER-002,Cinta métrica 5 m,Herramientas,1,78.0,78.0
EV-001893,2026-06-12 12:13:00,9acb88c2-673a-4ca9-b665-b129976958bd,HER-001,Martillo de uña 16 oz,Herramientas,1,185.0,185.0
EV-001894,2026-06-12 12:15:00,0952bcea-dcc1-484d-b422-b1a41871f4be,CER-001,Candado de bronce 40 mm,Cerrajería,2,145.0,290.0
EV-001895,2026-06-12 12:35:00,92e71d63-18a8-434d-843c-bf74be57070f,HER-002,Cinta métrica 5 m,Herramientas,1,78.0,78.0
EV-001896,2026-06-12 13:01:00,ccc1fa5f-09b9-486c-8a74-3dfa0298911a,CEM-001,Cemento gris 42.5 kg,Construcción,3,245.0,735.0
EV-001897,2026-06-12 13:16:00,0952bcea-dcc1-484d-b422-b1a41871f4be,CER-001,Candado de bronce 40 mm,Cerrajería,1,145.0,145.0
EV-001898,2026-06-12 13:48:00,0b4327ce-a267-40d8-bc6b-74ab7d775d30,TOR-001,"Tornillo para madera 1"" (caja 100 u)",Tornillería,3,42.0,126.0
EV-001899,2026-06-12 13:59:00,765694c8-9734-462c-a35f-797118e2e09e,PIN-001,Pintura acrílica blanca 1 galón,Pinturas,3,385.0,1155.0
EV-001900,2026-06-12 14:23:00,765694c8-9734-462c-a35f-797118e2e09e,PIN-001,Pintura acrílica blanca 1 galón,Pinturas,2,385.0,770.0
EV-001901,2026-06-12 14:32:00,ccc1fa5f-09b9-486c-8a74-3dfa0298911a,CEM-001,Cemento gris 42.5 kg,Construcción,2,245.0,490.0
EV-001902,2026-06-12 14:59:00,0b4327ce-a267-40d8-bc6b-74ab7d775d30,TOR-001,"Tornillo para madera 1"" (caja 100 u)",Tornillería,2,42.0,84.0
EV-001903,2026-06-12 16:36:00,0b4327ce-a267-40d8-bc6b-74ab7d775d30,TOR-001,"Tornillo para madera 1"" (caja 100 u)",Tornillería,4,42.0,168.0
EV-001904,2026-06-13 08:21:00,0952bcea-dcc1-484d-b422-b1a41871f4be,CER-001,Candado de bronce 40 mm,Cerrajería,1,145.0,145.0
EV-001905,2026-06-13 09:05:00,92e71d63-18a8-434d-843c-bf74be57070f,HER-002,Cinta métrica 5 m,Herramientas,1,78.0,78.0
EV-001906,2026-06-13 09:06:00,e6d66d11-b7e0-4153-81fa-62a11cef4515,PLO-001,"Tubo PVC 1/2"" x 6 m",Plomería,2,96.0,192.0
EV-001907,2026-06-13 09:38:00,0952bcea-dcc1-484d-b422-b1a41871f4be,CER-001,Candado de bronce 40 mm,Cerrajería,2,145.0,290.0
EV-001908,2026-06-13 09:46:00,92e71d63-18a8-434d-843c-bf74be57070f,HER-002,Cinta métrica 5 m,Herramientas,1,78.0,78.0
EV-001909,2026-06-13 09:57:00,126b5449-9df4-496e-a1b9-f527a5ea0c0a,CER-023,Candado de bronce 40 mm,Cerrajería,1,120.0,120.0
EV-001910,2026-06-13 09:57:00,126b5449-9df4-496e-a1b9-f527a5ea0c0a,CER-023,Candado de bronce 40 mm,Cerrajería,1,120.0,120.0
EV-001911,2026-06-13 10:12:00,765694c8-9734-462c-a35f-797118e2e09e,PIN-001,Pintura acrílica blanca 1 galón,Pinturas,1,385.0,385.0
EV-001912,2026-06-13 10:26:00,ccc1fa5f-09b9-486c-8a74-3dfa0298911a,CEM-001,Cemento gris 42.5 kg,Construcción,4,245.0,980.0
EV-001913,2026-06-13 10:30:00,ccc1fa5f-09b9-486c-8a74-3dfa0298911a,CEM-001,Cemento gris 42.5 kg,Construcción,5,245.0,1225.0
EV-001914,2026-06-13 11:31:00,92e71d63-18a8-434d-843c-bf74be57070f,HER-002,Cinta métrica 5 m,Herramientas,1,78.0,78.0
EV-001915,2026-06-13 11:45:00,765694c8-9734-462c-a35f-797118e2e09e,PIN-001,Pintura acrílica blanca 1 galón,Pinturas,3,385.0,1155.0
EV-001916,2026-06-13 12:15:00,ccc1fa5f-09b9-486c-8a74-3dfa0298911a,CEM-001,Cemento gris 42.5 kg,Construcción,1,245.0,245.0
EV-001917,2026-06-13 12:22:00,765694c8-9734-462c-a35f-797118e2e09e,PIN-001,Pintura acrílica blanca 1 galón,Pinturas,1,385.0,385.0
EV-001918,2026-06-13 12:42:00,0b4327ce-a267-40d8-bc6b-74ab7d775d30,TOR-001,"Tornillo para madera 1"" (caja 100 u)",Tornillería,4,42.0,168.0
EV-001919,2026-06-13 14:19:00,126b5449-9df4-496e-a1b9-f527a5ea0c0a,CER-023,Candado de bronce 40 mm,Cerrajería,1,120.0,120.0
EV-001920,2026-06-13 16:11:00,9acb88c2-673a-4ca9-b665-b129976958bd,HER-001,Martillo de uña 16 oz,Herramientas,1,185.0,185.0
EV-001921,2026-06-15 08:27:00,9acb88c2-673a-4ca9-b665-b129976958bd,HER-001,Martillo de uña 16 oz,Herramientas,1,185.0,185.0
EV-001922,2026-06-15 08:58:00,0b4327ce-a267-40d8-bc6b-74ab7d775d30,TOR-001,"Tornillo para madera 1"" (caja 100 u)",Tornillería,3,42.0,126.0
EV-001923,2026-06-15 09:24:00,ccc1fa5f-09b9-486c-8a74-3dfa0298911a,CEM-001,Cemento gris 42.5 kg,Construcción,1,245.0,245.0
EV-001924,2026-06-15 09:39:00,0b4327ce-a267-40d8-bc6b-74ab7d775d30,TOR-001,"Tornillo para madera 1"" (caja 100 u)",Tornillería,1,42.0,42.0
EV-001925,2026-06-15 09:55:00,e6d66d11-b7e0-4153-81fa-62a11cef4515,PLO-001,"Tubo PVC 1/2"" x 6 m",Plomería,2,96.0,192.0
EV-001926,2026-06-15 10:03:00,92e71d63-18a8-434d-843c-bf74be57070f,HER-002,Cinta métrica 5 m,Herramientas,1,78.0,78.0
EV-001927,2026-06-15 11:35:00,ccc1fa5f-09b9-486c-8a74-3dfa0298911a,CEM-001,Cemento gris 42.5 kg,Construcción,5,245.0,12250.0
EV-001928,2026-06-15 11:40:00,92e71d63-18a8-434d-843c-bf74be57070f,HER-002,Cinta métrica 5 m,Herramientas,1,78.0,78.0
EV-001929,2026-06-15 14:08:00,0b4327ce-a267-40d8-bc6b-74ab7d775d30,TOR-001,"Tornillo para madera 1"" (caja 100 u)",Tornillería,1,42.0,42.0
EV-001930,2026-06-16 07:00:00,0b4327ce-a267-40d8-bc6b-74ab7d775d30,TOR-001,"Tornillo para madera 1"" (caja 100 u)",Tornillería,1,42.0,42.0
EV-001931,2026-06-16 07:34:00,0b4327ce-a267-40d8-bc6b-74ab7d775d30,TOR-001,"Tornillo para madera 1"" (caja 100 u)",Tornillería,3,42.0,126.0
EV-001932,2026-06-16 08:54:00,0952bcea-dcc1-484d-b422-b1a41871f4be,CER-001,Candado de bronce 40 mm,Cerrajería,2,145.0,290.0
EV-001933,2026-06-16 08:54:00,0b4327ce-a267-40d8-bc6b-74ab7d775d30,TOR-001,"Tornillo para madera 1"" (caja 100 u)",Tornillería,3,42.0,126.0
EV-001934,2026-06-16 09:26:00,765694c8-9734-462c-a35f-797118e2e09e,PIN-001,Pintura acrílica blanca 1 galón,Pinturas,1,385.0,385.0
EV-001935,2026-06-16 10:28:00,0b4327ce-a267-40d8-bc6b-74ab7d775d30,TOR-001,"Tornillo para madera 1"" (caja 100 u)",Tornillería,2,42.0,84.0
EV-001936,2026-06-16 11:46:00,0b4327ce-a267-40d8-bc6b-74ab7d775d30,TOR-001,"Tornillo para madera 1"" (caja 100 u)",Tornillería,1,42.0,42.0
EV-001937,2026-06-16 11:55:00,e6d66d11-b7e0-4153-81fa-62a11cef4515,PLO-001,"Tubo PVC 1/2"" x 6 m",Plomería,4,96.0,384.0
EV-001938,2026-06-16 11:59:00,ccc1fa5f-09b9-486c-8a74-3dfa0298911a,CEM-001,Cemento gris 42.5 kg,Construcción,2,245.0,490.0
EV-001939,2026-06-16 12:04:00,9acb88c2-673a-4ca9-b665-b129976958bd,HER-001,Martillo de uña 16 oz,Herramientas,1,185.0,185.0
EV-001940,2026-06-16 12:11:00,0b4327ce-a267-40d8-bc6b-74ab7d775d30,TOR-001,"Tornillo para madera 1"" (caja 100 u)",Tornillería,3,42.0,126.0
EV-001941,2026-06-16 12:22:00,126b5449-9df4-496e-a1b9-f527a5ea0c0a,CER-023,Candado de bronce 40 mm,Cerrajería,1,120.0,120.0
EV-001942,2026-06-16 12:50:00,765694c8-9734-462c-a35f-797118e2e09e,PIN-001,Pintura acrílica blanca 1 galón,Pinturas,1,385.0,385.0
EV-001943,2026-06-16 12:53:00,92e71d63-18a8-434d-843c-bf74be57070f,HER-002,Cinta métrica 5 m,Herramientas,1,78.0,78.0
EV-001944,2026-06-16 12:59:00,30cf2d34-7ddc-45a8-9eac-4a9fc4cfa3f5,ELE-001,Cable THHN #12 (rollo 100 m),Eléctrico,1,1150.0,1150.0
EV-001945,2026-06-16 13:50:00,0b4327ce-a267-40d8-bc6b-74ab7d775d30,TOR-001,"Tornillo para madera 1"" (caja 100 u)",Tornillería,3,42.0,126.0
EV-001946,2026-06-16 16:08:00,0b4327ce-a267-40d8-bc6b-74ab7d775d30,TOR-001,"Tornillo para madera 1"" (caja 100 u)",Tornillería,1,42.0,42.0
EV-001947,2026-06-17 07:43:00,0b4327ce-a267-40d8-bc6b-74ab7d775d30,TOR-001,"Tornillo para madera 1"" (caja 100 u)",Tornillería,3,42.0,126.0
EV-001948,2026-06-17 09:24:00,0952bcea-dcc1-484d-b422-b1a41871f4be,CER-001,Candado de bronce 40 mm,Cerrajería,1,145.0,145.0
EV-001949,2026-06-17 09:28:00,ccc1fa5f-09b9-486c-8a74-3dfa0298911a,CEM-001,Cemento gris 42.5 kg,Construcción,4,245.0,980.0
EV-001950,2026-06-17 10:14:00,92e71d63-18a8-434d-843c-bf74be57070f,HER-002,Cinta métrica 5 m,Herramientas,1,78.0,78.0
EV-001951,2026-06-17 10:22:00,e6d66d11-b7e0-4153-81fa-62a11cef4515,PLO-001,"Tubo PVC 1/2"" x 6 m",Plomería,2,96.0,192.0
EV-001952,2026-06-17 10:38:00,0b4327ce-a267-40d8-bc6b-74ab7d775d30,TOR-001,"Tornillo para madera 1"" (caja 100 u)",Tornillería,1,42.0,42.0
EV-001953,2026-06-17 10:51:00,ccc1fa5f-09b9-486c-8a74-3dfa0298911a,CEM-001,Cemento gris 42.5 kg,Construcción,4,245.0,980.0
EV-001954,2026-06-17 11:24:00,92e71d63-18a8-434d-843c-bf74be57070f,HER-002,Cinta métrica 5 m,Herramientas,2,78.0,156.0
EV-001955,2026-06-17 14:08:00,126b5449-9df4-496e-a1b9-f527a5ea0c0a,CER-023,Candado de bronce 40 mm,Cerrajería,1,120.0,120.0
EV-001956,2026-06-17 14:15:00,0952bcea-dcc1-484d-b422-b1a41871f4be,CER-001,Candado de bronce 40 mm,Cerrajería,1,145.0,145.0
EV-001957,2026-06-17 14:17:00,9acb88c2-673a-4ca9-b665-b129976958bd,HER-001,Martillo de uña 16 oz,Herramientas,1,185.0,185.0
EV-001958,2026-06-17 14:20:00,9acb88c2-673a-4ca9-b665-b129976958bd,HER-001,Martillo de uña 16 oz,Herramientas,2,185.0,370.0
EV-001959,2026-06-17 15:00:00,92e71d63-18a8-434d-843c-bf74be57070f,HER-002,Cinta métrica 5 m,Herramientas,1,78.0,78.0
EV-001960,2026-06-17 15:40:00,ccc1fa5f-09b9-486c-8a74-3dfa0298911a,CEM-001,Cemento gris 42.5 kg,Construcción,4,245.0,980.0
EV-001961,2026-06-18 08:37:00,126b5449-9df4-496e-a1b9-f527a5ea0c0a,CER-023,Candado de bronce 40 mm,Cerrajería,1,120.0,120.0
EV-001962,2026-06-18 09:40:00,e6d66d11-b7e0-4153-81fa-62a11cef4515,PLO-001,"Tubo PVC 1/2"" x 6 m",Plomería,1,96.0,96.0
EV-001963,2026-06-18 10:27:00,9acb88c2-673a-4ca9-b665-b129976958bd,HER-001,Martillo de uña 16 oz,Herramientas,2,185.0,370.0
EV-001964,2026-06-18 10:41:00,0b4327ce-a267-40d8-bc6b-74ab7d775d30,TOR-001,"Tornillo para madera 1"" (caja 100 u)",Tornillería,2,42.0,84.0
EV-001965,2026-06-18 11:05:00,e6d66d11-b7e0-4153-81fa-62a11cef4515,PLO-001,"Tubo PVC 1/2"" x 6 m",Plomería,2,96.0,192.0
EV-001966,2026-06-18 11:11:00,0b4327ce-a267-40d8-bc6b-74ab7d775d30,TOR-001,"Tornillo para madera 1"" (caja 100 u)",Tornillería,3,42.0,126.0
EV-001967,2026-06-18 11:16:00,ccc1fa5f-09b9-486c-8a74-3dfa0298911a,CEM-001,Cemento gris 42.5 kg,Construcción,1,245.0,245.0
EV-001968,2026-06-18 11:25:00,ccc1fa5f-09b9-486c-8a74-3dfa0298911a,CEM-001,Cemento gris 42.5 kg,Construcción,2,245.0,490.0
EV-001969,2026-06-18 11:26:00,0b4327ce-a267-40d8-bc6b-74ab7d775d30,TOR-001,"Tornillo para madera 1"" (caja 100 u)",Tornillería,4,42.0,168.0
EV-001970,2026-06-18 12:04:00,92e71d63-18a8-434d-843c-bf74be57070f,HER-002,Cinta métrica 5 m,Herramientas,1,78.0,78.0
EV-001971,2026-06-18 13:03:00,30cf2d34-7ddc-45a8-9eac-4a9fc4cfa3f5,ELE-001,Cable THHN #12 (rollo 100 m),Eléctrico,1,1150.0,1150.0
EV-001972,2026-06-18 13:58:00,92e71d63-18a8-434d-843c-bf74be57070f,HER-002,Cinta métrica 5 m,Herramientas,1,78.0,78.0
EV-001973,2026-06-18 15:49:00,765694c8-9734-462c-a35f-797118e2e09e,PIN-001,Pintura acrílica blanca 1 galón,Pinturas,2,385.0,770.0
EV-001974,2026-06-19 07:12:00,9acb88c2-673a-4ca9-b665-b129976958bd,HER-001,Martillo de uña 16 oz,Herramientas,1,185.0,185.0
EV-001975,2026-06-19 08:01:00,e6d66d11-b7e0-4153-81fa-62a11cef4515,PLO-001,"Tubo PVC 1/2"" x 6 m",Plomería,1,96.0,96.0
EV-001976,2026-06-19 09:07:00,0952bcea-dcc1-484d-b422-b1a41871f4be,CER-001,Candado de bronce 40 mm,Cerrajería,1,145.0,145.0
EV-001977,2026-06-19 09:21:00,126b5449-9df4-496e-a1b9-f527a5ea0c0a,CER-023,Candado de bronce 40 mm,Cerrajería,1,120.0,120.0
EV-001978,2026-06-19 09:35:00,765694c8-9734-462c-a35f-797118e2e09e,PIN-001,Pintura acrílica blanca 1 galón,Pinturas,1,385.0,385.0
EV-001979,2026-06-19 09:54:00,0b4327ce-a267-40d8-bc6b-74ab7d775d30,TOR-001,"Tornillo para madera 1"" (caja 100 u)",Tornillería,1,42.0,42.0
EV-001980,2026-06-19 10:47:00,0952bcea-dcc1-484d-b422-b1a41871f4be,CER-001,Candado de bronce 40 mm,Cerrajería,1,145.0,145.0
EV-001981,2026-06-19 11:29:00,ccc1fa5f-09b9-486c-8a74-3dfa0298911a,CEM-001,Cemento gris 42.5 kg,Construcción,2,245.0,490.0
EV-001982,2026-06-19 11:43:00,9acb88c2-673a-4ca9-b665-b129976958bd,HER-001,Martillo de uña 16 oz,Herramientas,1,185.0,185.0
EV-001983,2026-06-19 12:02:00,0b4327ce-a267-40d8-bc6b-74ab7d775d30,TOR-001,"Tornillo para madera 1"" (caja 100 u)",Tornillería,1,42.0,42.0
EV-001984,2026-06-19 12:17:00,e6d66d11-b7e0-4153-81fa-62a11cef4515,PLO-001,"Tubo PVC 1/2"" x 6 m",Plomería,1,96.0,96.0
EV-001985,2026-06-19 12:19:00,92e71d63-18a8-434d-843c-bf74be57070f,HER-002,Cinta métrica 5 m,Herramientas,1,78.0,78.0
EV-001986,2026-06-19 13:22:00,ccc1fa5f-09b9-486c-8a74-3dfa0298911a,CEM-001,Cemento gris 42.5 kg,Construcción,1,245.0,245.0
EV-001987,2026-06-19 13:27:00,ccc1fa5f-09b9-486c-8a74-3dfa0298911a,CEM-001,Cemento gris 42.5 kg,Construcción,5,245.0,1225.0
EV-001988,2026-06-19 13:28:00,0b4327ce-a267-40d8-bc6b-74ab7d775d30,TOR-001,"Tornillo para madera 1"" (caja 100 u)",Tornillería,3,42.0,126.0
EV-001989,2026-06-19 13:55:00,30cf2d34-7ddc-45a8-9eac-4a9fc4cfa3f5,ELE-001,Cable THHN #12 (rollo 100 m),Eléctrico,1,1150.0,1150.0
EV-001990,2026-06-19 14:40:00,ccc1fa5f-09b9-486c-8a74-3dfa0298911a,CEM-001,Cemento gris 42.5 kg,Construcción,4,245.0,980.0
EV-001991,2026-06-19 14:55:00,765694c8-9734-462c-a35f-797118e2e09e,PIN-001,Pintura acrílica blanca 1 galón,Pinturas,2,385.0,770.0
EV-001992,2026-06-19 15:41:00,765694c8-9734-462c-a35f-797118e2e09e,PIN-001,Pintura acrílica blanca 1 galón,Pinturas,2,385.0,770.0
EV-001993,2026-06-20 07:00:00,0b4327ce-a267-40d8-bc6b-74ab7d775d30,TOR-001,"Tornillo para madera 1"" (caja 100 u)",Tornillería,2,42.0,84.0
EV-001994,2026-06-20 08:10:00,92e71d63-18a8-434d-843c-bf74be57070f,HER-002,Cinta métrica 5 m,Herramientas,1,78.0,78.0
EV-001995,2026-06-20 09:44:00,ccc1fa5f-09b9-486c-8a74-3dfa0298911a,CEM-001,Cemento gris 42.5 kg,Construcción,3,245.0,735.0
EV-001996,2026-06-20 09:54:00,0952bcea-dcc1-484d-b422-b1a41871f4be,CER-001,Candado de bronce 40 mm,Cerrajería,2,145.0,290.0
EV-001997,2026-06-20 10:24:00,0b4327ce-a267-40d8-bc6b-74ab7d775d30,TOR-001,"Tornillo para madera 1"" (caja 100 u)",Tornillería,4,42.0,168.0
EV-001998,2026-06-20 10:38:00,0b4327ce-a267-40d8-bc6b-74ab7d775d30,TOR-001,"Tornillo para madera 1"" (caja 100 u)",Tornillería,2,42.0,84.0
EV-001999,2026-06-20 10:53:00,126b5449-9df4-496e-a1b9-f527a5ea0c0a,CER-023,Candado de bronce 40 mm,Cerrajería,1,120.0,120.0
EV-002000,2026-06-20 11:04:00,9acb88c2-673a-4ca9-b665-b129976958bd,HER-001,Martillo de uña 16 oz,Herramientas,1,185.0,185.0
EV-002001,2026-06-20 11:13:00,ccc1fa5f-09b9-486c-8a74-3dfa0298911a,CEM-001,Cemento gris 42.5 kg,Construcción,1,245.0,2450.0
EV-002002,2026-06-20 12:39:00,0b4327ce-a267-40d8-bc6b-74ab7d775d30,TOR-001,"Tornillo para madera 1"" (caja 100 u)",Tornillería,3,42.0,126.0
EV-002003,2026-06-20 13:11:00,0b4327ce-a267-40d8-bc6b-74ab7d775d30,TOR-001,"Tornillo para madera 1"" (caja 100 u)",Tornillería,2,42.0,84.0
EV-002004,2026-06-20 14:00:00,ccc1fa5f-09b9-486c-8a74-3dfa0298911a,CEM-001,Cemento gris 42.5 kg,Construcción,2,245.0,490.0
EV-002005,2026-06-20 14:17:00,765694c8-9734-462c-a35f-797118e2e09e,PIN-001,Pintura acrílica blanca 1 galón,Pinturas,2,385.0,770.0
EV-002006,2026-06-20 14:32:00,765694c8-9734-462c-a35f-797118e2e09e,PIN-001,Pintura acrílica blanca 1 galón,Pinturas,1,385.0,385.0
EV-002007,2026-06-20 14:40:00,e6d66d11-b7e0-4153-81fa-62a11cef4515,PLO-001,"Tubo PVC 1/2"" x 6 m",Plomería,3,96.0,288.0
EV-002008,2026-06-20 16:35:00,ccc1fa5f-09b9-486c-8a74-3dfa0298911a,CEM-001,Cemento gris 42.5 kg,Construcción,4,245.0,980.0
EV-002009,2026-06-20 16:59:00,92e71d63-18a8-434d-843c-bf74be57070f,HER-002,Cinta métrica 5 m,Herramientas,1,78.0,78.0
EV-002010,2026-06-22 07:02:00,0b4327ce-a267-40d8-bc6b-74ab7d775d30,TOR-001,"Tornillo para madera 1"" (caja 100 u)",Tornillería,1,42.0,42.0
EV-002011,2026-06-22 07:37:00,9acb88c2-673a-4ca9-b665-b129976958bd,HER-001,Martillo de uña 16 oz,Herramientas,1,185.0,185.0
EV-002012,2026-06-22 07:46:00,126b5449-9df4-496e-a1b9-f527a5ea0c0a,CER-023,Candado de bronce 40 mm,Cerrajería,1,120.0,120.0
EV-002013,2026-06-22 08:01:00,0b4327ce-a267-40d8-bc6b-74ab7d775d30,TOR-001,"Tornillo para madera 1"" (caja 100 u)",Tornillería,1,42.0,42.0
EV-002014,2026-06-22 08:13:00,126b5449-9df4-496e-a1b9-f527a5ea0c0a,CER-023,Candado de bronce 40 mm,Cerrajería,2,120.0,240.0
EV-002015,2026-06-22 08:39:00,92e71d63-18a8-434d-843c-bf74be57070f,HER-002,Cinta métrica 5 m,Herramientas,2,78.0,156.0
EV-002016,2026-06-22 09:53:00,92e71d63-18a8-434d-843c-bf74be57070f,HER-002,Cinta métrica 5 m,Herramientas,2,78.0,156.0
EV-002017,2026-06-22 09:56:00,0952bcea-dcc1-484d-b422-b1a41871f4be,CER-001,Candado de bronce 40 mm,Cerrajería,1,145.0,145.0
EV-002018,2026-06-22 10:14:00,ccc1fa5f-09b9-486c-8a74-3dfa0298911a,CEM-001,Cemento gris 42.5 kg,Construcción,5,245.0,1225.0
EV-002019,2026-06-22 10:17:00,e6d66d11-b7e0-4153-81fa-62a11cef4515,PLO-001,"Tubo PVC 1/2"" x 6 m",Plomería,1,96.0,96.0
EV-002020,2026-06-22 10:31:00,0b4327ce-a267-40d8-bc6b-74ab7d775d30,TOR-001,"Tornillo para madera 1"" (caja 100 u)",Tornillería,4,42.0,168.0
EV-002021,2026-06-22 10:36:00,92e71d63-18a8-434d-843c-bf74be57070f,HER-002,Cinta métrica 5 m,Herramientas,1,78.0,78.0
EV-002022,2026-06-22 10:47:00,0b4327ce-a267-40d8-bc6b-74ab7d775d30,TOR-001,"Tornillo para madera 1"" (caja 100 u)",Tornillería,3,42.0,126.0
EV-002023,2026-06-22 10:56:00,92e71d63-18a8-434d-843c-bf74be57070f,HER-002,Cinta métrica 5 m,Herramientas,1,78.0,78.0
EV-002024,2026-06-22 11:24:00,0b4327ce-a267-40d8-bc6b-74ab7d775d30,TOR-001,"Tornillo para madera 1"" (caja 100 u)",Tornillería,2,42.0,84.0
EV-002025,2026-06-22 13:22:00,0b4327ce-a267-40d8-bc6b-74ab7d775d30,TOR-001,"Tornillo para madera 1"" (caja 100 u)",Tornillería,4,42.0,168.0
EV-002026,2026-06-22 13:46:00,0b4327ce-a267-40d8-bc6b-74ab7d775d30,TOR-001,"Tornillo para madera 1"" (caja 100 u)",Tornillería,3,42.0,126.0
EV-002027,2026-06-22 14:19:00,ccc1fa5f-09b9-486c-8a74-3dfa0298911a,CEM-001,Cemento gris 42.5 kg,Construcción,1,245.0,245.0
EV-002028,2026-06-23 07:35:00,9acb88c2-673a-4ca9-b665-b129976958bd,HER-001,Martillo de uña 16 oz,Herramientas,2,185.0,370.0
EV-002029,2026-06-23 07:42:00,92e71d63-18a8-434d-843c-bf74be57070f,HER-002,Cinta métrica 5 m,Herramientas,1,78.0,78.0
EV-002030,2026-06-23 09:05:00,0b4327ce-a267-40d8-bc6b-74ab7d775d30,TOR-001,"Tornillo para madera 1"" (caja 100 u)",Tornillería,1,42.0,42.0
EV-002031,2026-06-23 09:14:00,e6d66d11-b7e0-4153-81fa-62a11cef4515,PLO-001,"Tubo PVC 1/2"" x 6 m",Plomería,2,96.0,192.0
EV-002032,2026-06-23 09:15:00,92e71d63-18a8-434d-843c-bf74be57070f,HER-002,Cinta métrica 5 m,Herramientas,1,78.0,78.0
EV-002033,2026-06-23 11:26:00,e6d66d11-b7e0-4153-81fa-62a11cef4515,PLO-001,"Tubo PVC 1/2"" x 6 m",Plomería,1,96.0,96.0
EV-002034,2026-06-23 12:29:00,92e71d63-18a8-434d-843c-bf74be57070f,HER-002,Cinta métrica 5 m,Herramientas,2,78.0,156.0
EV-002035,2026-06-24 08:40:00,9acb88c2-673a-4ca9-b665-b129976958bd,HER-001,Martillo de uña 16 oz,Herramientas,1,185.0,185.0
EV-002036,2026-06-24 09:04:00,0b4327ce-a267-40d8-bc6b-74ab7d775d30,TOR-001,"Tornillo para madera 1"" (caja 100 u)",Tornillería,4,42.0,168.0
EV-002037,2026-06-24 09:06:00,e6d66d11-b7e0-4153-81fa-62a11cef4515,PLO-001,"Tubo PVC 1/2"" x 6 m",Plomería,4,96.0,384.0
EV-002038,2026-06-24 09:32:00,9acb88c2-673a-4ca9-b665-b129976958bd,HER-001,Martillo de uña 16 oz,Herramientas,1,185.0,185.0
EV-002039,2026-06-24 10:20:00,92e71d63-18a8-434d-843c-bf74be57070f,HER-002,Cinta métrica 5 m,Herramientas,1,78.0,78.0
EV-002040,2026-06-24 10:30:00,30cf2d34-7ddc-45a8-9eac-4a9fc4cfa3f5,ELE-001,Cable THHN #12 (rollo 100 m),Eléctrico,1,1150.0,1150.0
EV-002041,2026-06-24 10:38:00,0b4327ce-a267-40d8-bc6b-74ab7d775d30,TOR-001,"Tornillo para madera 1"" (caja 100 u)",Tornillería,3,42.0,126.0
EV-002042,2026-06-24 11:03:00,0b4327ce-a267-40d8-bc6b-74ab7d775d30,TOR-001,"Tornillo para madera 1"" (caja 100 u)",Tornillería,3,42.0,126.0
EV-002043,2026-06-24 11:25:00,0b4327ce-a267-40d8-bc6b-74ab7d775d30,TOR-001,"Tornillo para madera 1"" (caja 100 u)",Tornillería,2,42.0,84.0
EV-002044,2026-06-24 12:04:00,ccc1fa5f-09b9-486c-8a74-3dfa0298911a,CEM-001,Cemento gris 42.5 kg,Construcción,6,245.0,1470.0
EV-002045,2026-06-24 12:06:00,0b4327ce-a267-40d8-bc6b-74ab7d775d30,TOR-001,"Tornillo para madera 1"" (caja 100 u)",Tornillería,2,42.0,84.0
EV-002046,2026-06-24 12:09:00,126b5449-9df4-496e-a1b9-f527a5ea0c0a,CER-023,Candado de bronce 40 mm,Cerrajería,1,120.0,120.0
EV-002047,2026-06-24 12:26:00,0b4327ce-a267-40d8-bc6b-74ab7d775d30,TOR-001,"Tornillo para madera 1"" (caja 100 u)",Tornillería,3,42.0,126.0
EV-002048,2026-06-24 12:55:00,126b5449-9df4-496e-a1b9-f527a5ea0c0a,CER-023,Candado de bronce 40 mm,Cerrajería,1,120.0,120.0
EV-002049,2026-06-24 13:49:00,ccc1fa5f-09b9-486c-8a74-3dfa0298911a,CEM-001,Cemento gris 42.5 kg,Construcción,1,245.0,245.0
EV-002050,2026-06-24 14:20:00,0b4327ce-a267-40d8-bc6b-74ab7d775d30,TOR-001,"Tornillo para madera 1"" (caja 100 u)",Tornillería,1,42.0,42.0
EV-002051,2026-06-24 15:39:00,0b4327ce-a267-40d8-bc6b-74ab7d775d30,TOR-001,"Tornillo para madera 1"" (caja 100 u)",Tornillería,2,42.0,84.0
EV-002052,2026-06-24 15:43:00,92e71d63-18a8-434d-843c-bf74be57070f,HER-002,Cinta métrica 5 m,Herramientas,2,78.0,156.0
EV-002053,2026-06-24 16:09:00,0b4327ce-a267-40d8-bc6b-74ab7d775d30,TOR-001,"Tornillo para madera 1"" (caja 100 u)",Tornillería,1,42.0,42.0
EV-002054,2026-06-25 08:35:00,e6d66d11-b7e0-4153-81fa-62a11cef4515,PLO-001,"Tubo PVC 1/2"" x 6 m",Plomería,1,96.0,96.0
EV-002055,2026-06-25 10:00:00,0952bcea-dcc1-484d-b422-b1a41871f4be,CER-001,Candado de bronce 40 mm,Cerrajería,1,145.0,145.0
EV-002056,2026-06-25 10:56:00,0952bcea-dcc1-484d-b422-b1a41871f4be,CER-001,Candado de bronce 40 mm,Cerrajería,1,145.0,145.0
EV-002057,2026-06-25 11:09:00,e6d66d11-b7e0-4153-81fa-62a11cef4515,PLO-001,"Tubo PVC 1/2"" x 6 m",Plomería,1,96.0,96.0
EV-002058,2026-06-25 11:24:00,30cf2d34-7ddc-45a8-9eac-4a9fc4cfa3f5,ELE-001,Cable THHN #12 (rollo 100 m),Eléctrico,1,1150.0,1150.0
EV-002059,2026-06-25 14:12:00,126b5449-9df4-496e-a1b9-f527a5ea0c0a,CER-023,Candado de bronce 40 mm,Cerrajería,1,120.0,120.0
EV-002060,2026-06-25 14:18:00,ccc1fa5f-09b9-486c-8a74-3dfa0298911a,CEM-001,Cemento gris 42.5 kg,Construcción,3,245.0,735.0
EV-002061,2026-06-25 15:50:00,92e71d63-18a8-434d-843c-bf74be57070f,HER-002,Cinta métrica 5 m,Herramientas,1,78.0,78.0
EV-002062,2026-06-26 07:26:00,126b5449-9df4-496e-a1b9-f527a5ea0c0a,CER-023,Candado de bronce 40 mm,Cerrajería,1,120.0,120.0
EV-002063,2026-06-26 08:37:00,0952bcea-dcc1-484d-b422-b1a41871f4be,CER-001,Candado de bronce 40 mm,Cerrajería,1,145.0,145.0
EV-002064,2026-06-26 09:20:00,92e71d63-18a8-434d-843c-bf74be57070f,HER-002,Cinta métrica 5 m,Herramientas,1,78.0,78.0
EV-002065,2026-06-26 10:06:00,ccc1fa5f-09b9-486c-8a74-3dfa0298911a,CEM-001,Cemento gris 42.5 kg,Construcción,1,245.0,245.0
EV-002065,2026-06-26 10:06:00,ccc1fa5f-09b9-486c-8a74-3dfa0298911a,CEM-001,Cemento gris 42.5 kg,Construcción,1,245.0,245.0
EV-002066,2026-06-26 10:47:00,ccc1fa5f-09b9-486c-8a74-3dfa0298911a,CEM-001,Cemento gris 42.5 kg,Construcción,5,245.0,1225.0
EV-002067,2026-06-26 12:05:00,0b4327ce-a267-40d8-bc6b-74ab7d775d30,TOR-001,"Tornillo para madera 1"" (caja 100 u)",Tornillería,2,42.0,84.0
EV-002068,2026-06-26 12:19:00,ccc1fa5f-09b9-486c-8a74-3dfa0298911a,CEM-001,Cemento gris 42.5 kg,Construcción,1,245.0,245.0
EV-002069,2026-06-26 12:46:00,765694c8-9734-462c-a35f-797118e2e09e,PIN-001,Pintura acrílica blanca 1 galón,Pinturas,1,385.0,385.0
EV-002070,2026-06-26 12:48:00,92e71d63-18a8-434d-843c-bf74be57070f,HER-002,Cinta métrica 5 m,Herramientas,1,78.0,78.0
EV-002071,2026-06-26 12:51:00,9acb88c2-673a-4ca9-b665-b129976958bd,HER-001,Martillo de uña 16 oz,Herramientas,2,185.0,370.0
EV-002072,2026-06-26 13:34:00,ccc1fa5f-09b9-486c-8a74-3dfa0298911a,CEM-001,Cemento gris 42.5 kg,Construcción,4,245.0,980.0
EV-002073,2026-06-26 14:03:00,e6d66d11-b7e0-4153-81fa-62a11cef4515,PLO-001,"Tubo PVC 1/2"" x 6 m",Plomería,2,96.0,192.0
EV-002074,2026-06-26 14:08:00,9acb88c2-673a-4ca9-b665-b129976958bd,HER-001,Martillo de uña 16 oz,Herramientas,1,185.0,185.0
EV-002075,2026-06-26 15:05:00,9acb88c2-673a-4ca9-b665-b129976958bd,HER-001,Martillo de uña 16 oz,Herramientas,1,185.0,185.0
EV-002076,2026-06-27 07:00:00,30cf2d34-7ddc-45a8-9eac-4a9fc4cfa3f5,ELE-001,Cable THHN #12 (rollo 100 m),Eléctrico,1,1150.0,1150.0
EV-002077,2026-06-27 09:47:00,765694c8-9734-462c-a35f-797118e2e09e,PIN-001,Pintura acrílica blanca 1 galón,Pinturas,2,385.0,770.0
EV-002078,2026-06-27 10:41:00,92e71d63-18a8-434d-843c-bf74be57070f,HER-002,Cinta métrica 5 m,Herramientas,1,78.0,78.0
EV-002079,2026-06-27 11:25:00,30cf2d34-7ddc-45a8-9eac-4a9fc4cfa3f5,ELE-001,Cable THHN #12 (rollo 100 m),Eléctrico,1,1150.0,1150.0
EV-002080,2026-06-27 11:42:00,e6d66d11-b7e0-4153-81fa-62a11cef4515,PLO-001,"Tubo PVC 1/2"" x 6 m",Plomería,1,96.0,96.0
EV-002081,2026-06-27 11:59:00,ccc1fa5f-09b9-486c-8a74-3dfa0298911a,CEM-001,Cemento gris 42.5 kg,Construcción,5,245.0,1225.0
EV-002082,2026-06-27 12:11:00,0b4327ce-a267-40d8-bc6b-74ab7d775d30,TOR-001,"Tornillo para madera 1"" (caja 100 u)",Tornillería,3,42.0,126.0
EV-002083,2026-06-27 13:11:00,765694c8-9734-462c-a35f-797118e2e09e,PIN-001,Pintura acrílica blanca 1 galón,Pinturas,1,385.0,385.0
EV-002084,2026-06-27 13:11:00,765694c8-9734-462c-a35f-797118e2e09e,PIN-001,Pintura acrílica blanca 1 galón,Pinturas,1,385.0,385.0
EV-002085,2026-06-27 13:14:00,92e71d63-18a8-434d-843c-bf74be57070f,HER-002,Cinta métrica 5 m,Herramientas,1,78.0,78.0
EV-002086,2026-06-27 13:21:00,ccc1fa5f-09b9-486c-8a74-3dfa0298911a,CEM-001,Cemento gris 42.5 kg,Construcción,4,245.0,980.0
EV-002087,2026-06-27 13:50:00,e6d66d11-b7e0-4153-81fa-62a11cef4515,PLO-001,"Tubo PVC 1/2"" x 6 m",Plomería,1,96.0,96.0
EV-002088,2026-06-27 14:51:00,765694c8-9734-462c-a35f-797118e2e09e,PIN-001,Pintura acrílica blanca 1 galón,Pinturas,1,385.0,385.0
EV-002089,2026-06-27 15:22:00,30cf2d34-7ddc-45a8-9eac-4a9fc4cfa3f5,ELE-001,Cable THHN #12 (rollo 100 m),Eléctrico,1,1150.0,1150.0
EV-002090,2026-06-29 09:17:00,30cf2d34-7ddc-45a8-9eac-4a9fc4cfa3f5,ELE-001,Cable THHN #12 (rollo 100 m),Eléctrico,1,1150.0,1150.0
EV-002091,2026-06-29 09:33:00,0b4327ce-a267-40d8-bc6b-74ab7d775d30,TOR-001,"Tornillo para madera 1"" (caja 100 u)",Tornillería,3,42.0,126.0
EV-002092,2026-06-29 10:32:00,0b4327ce-a267-40d8-bc6b-74ab7d775d30,TOR-001,"Tornillo para madera 1"" (caja 100 u)",Tornillería,2,42.0,84.0
EV-002093,2026-06-29 10:46:00,765694c8-9734-462c-a35f-797118e2e09e,PIN-001,Pintura acrílica blanca 1 galón,Pinturas,1,385.0,385.0
EV-002094,2026-06-29 11:30:00,92e71d63-18a8-434d-843c-bf74be57070f,HER-002,Cinta métrica 5 m,Herramientas,1,78.0,78.0
EV-002095,2026-06-29 11:47:00,92e71d63-18a8-434d-843c-bf74be57070f,HER-002,Cinta métrica 5 m,Herramientas,1,78.0,78.0
EV-002096,2026-06-29 13:52:00,0b4327ce-a267-40d8-bc6b-74ab7d775d30,TOR-001,"Tornillo para madera 1"" (caja 100 u)",Tornillería,1,42.0,42.0
EV-002097,2026-06-29 14:56:00,9acb88c2-673a-4ca9-b665-b129976958bd,HER-001,Martillo de uña 16 oz,Herramientas,1,185.0,185.0
EV-002098,2026-06-30 10:09:00,ccc1fa5f-09b9-486c-8a74-3dfa0298911a,CEM-001,Cemento gris 42.5 kg,Construcción,1,245.0,245.0
EV-002099,2026-06-30 10:46:00,126b5449-9df4-496e-a1b9-f527a5ea0c0a,CER-023,Candado de bronce 40 mm,Cerrajería,1,120.0,120.0
EV-002100,2026-06-30 11:31:00,ccc1fa5f-09b9-486c-8a74-3dfa0298911a,CEM-001,Cemento gris 42.5 kg,Construcción,3,245.0,735.0
EV-002101,2026-06-30 12:25:00,e6d66d11-b7e0-4153-81fa-62a11cef4515,PLO-001,"Tubo PVC 1/2"" x 6 m",Plomería,1,96.0,96.0
EV-002102,2026-06-30 13:33:00,0952bcea-dcc1-484d-b422-b1a41871f4be,CER-001,Candado de bronce 40 mm,Cerrajería,1,145.0,145.0
EV-002103,2026-06-30 13:40:00,0b4327ce-a267-40d8-bc6b-74ab7d775d30,TOR-001,"Tornillo para madera 1"" (caja 100 u)",Tornillería,2,42.0,84.0
EV-002104,2026-06-30 15:17:00,0b4327ce-a267-40d8-bc6b-74ab7d775d30,TOR-001,"Tornillo para madera 1"" (caja 100 u)",Tornillería,3,42.0,126.0
EV-002105,2026-07-01 07:33:00,ccc1fa5f-09b9-486c-8a74-3dfa0298911a,CEM-001,Cemento gris 42.5 kg,Construcción,3,245.0,735.0
EV-002106,2026-07-01 08:07:00,9acb88c2-673a-4ca9-b665-b129976958bd,HER-001,Martillo de uña 16 oz,Herramientas,1,185.0,185.0
EV-002107,2026-07-01 11:00:00,ccc1fa5f-09b9-486c-8a74-3dfa0298911a,CEM-001,Cemento gris 42.5 kg,Construcción,1,245.0,245.0
EV-002108,2026-07-01 12:19:00,0b4327ce-a267-40d8-bc6b-74ab7d775d30,TOR-001,"Tornillo para madera 1"" (caja 100 u)",Tornillería,3,42.0,126.0
EV-002109,2026-07-01 12:35:00,765694c8-9734-462c-a35f-797118e2e09e,PIN-001,Pintura acrílica blanca 1 galón,Pinturas,2,385.0,770.0
EV-002110,2026-07-01 12:46:00,ccc1fa5f-09b9-486c-8a74-3dfa0298911a,CEM-001,Cemento gris 42.5 kg,Construcción,1,245.0,245.0
EV-002111,2026-07-02 07:21:00,ccc1fa5f-09b9-486c-8a74-3dfa0298911a,CEM-001,Cemento gris 42.5 kg,Construcción,2,245.0,490.0
EV-002112,2026-07-02 08:28:00,765694c8-9734-462c-a35f-797118e2e09e,PIN-001,Pintura acrílica blanca 1 galón,Pinturas,2,385.0,770.0
EV-002113,2026-07-02 08:59:00,0b4327ce-a267-40d8-bc6b-74ab7d775d30,TOR-001,"Tornillo para madera 1"" (caja 100 u)",Tornillería,1,42.0,42.0
EV-002114,2026-07-02 09:05:00,e6d66d11-b7e0-4153-81fa-62a11cef4515,PLO-001,"Tubo PVC 1/2"" x 6 m",Plomería,3,96.0,288.0
EV-002115,2026-07-02 10:51:00,0b4327ce-a267-40d8-bc6b-74ab7d775d30,TOR-001,"Tornillo para madera 1"" (caja 100 u)",Tornillería,2,42.0,84.0
EV-002115,2026-07-02 10:51:00,0b4327ce-a267-40d8-bc6b-74ab7d775d30,TOR-001,"Tornillo para madera 1"" (caja 100 u)",Tornillería,2,42.0,84.0
EV-002116,2026-07-02 10:54:00,92e71d63-18a8-434d-843c-bf74be57070f,HER-002,Cinta métrica 5 m,Herramientas,1,78.0,78.0
EV-002117,2026-07-02 11:00:00,ccc1fa5f-09b9-486c-8a74-3dfa0298911a,CEM-001,Cemento gris 42.5 kg,Construcción,6,245.0,1470.0
EV-002118,2026-07-02 11:58:00,0b4327ce-a267-40d8-bc6b-74ab7d775d30,TOR-001,"Tornillo para madera 1"" (caja 100 u)",Tornillería,3,42.0,126.0
EV-002119,2026-07-02 12:02:00,92e71d63-18a8-434d-843c-bf74be57070f,HER-002,Cinta métrica 5 m,Herramientas,2,78.0,156.0
EV-002119,2026-07-02 12:02:00,92e71d63-18a8-434d-843c-bf74be57070f,HER-002,Cinta métrica 5 m,Herramientas,2,78.0,156.0
EV-002120,2026-07-02 12:34:00,92e71d63-18a8-434d-843c-bf74be57070f,HER-002,Cinta métrica 5 m,Herramientas,1,78.0,78.0
EV-002121,2026-07-02 12:44:00,e6d66d11-b7e0-4153-81fa-62a11cef4515,PLO-001,"Tubo PVC 1/2"" x 6 m",Plomería,2,96.0,192.0
EV-002122,2026-07-02 12:45:00,ccc1fa5f-09b9-486c-8a74-3dfa0298911a,CEM-001,Cemento gris 42.5 kg,Construcción,5,245.0,1225.0
EV-002123,2026-07-02 13:10:00,126b5449-9df4-496e-a1b9-f527a5ea0c0a,CER-023,Candado de bronce 40 mm,Cerrajería,1,120.0,120.0
EV-002124,2026-07-02 14:40:00,e6d66d11-b7e0-4153-81fa-62a11cef4515,PLO-001,"Tubo PVC 1/2"" x 6 m",Plomería,1,96.0,96.0
EV-002125,2026-07-02 15:14:00,e6d66d11-b7e0-4153-81fa-62a11cef4515,PLO-001,"Tubo PVC 1/2"" x 6 m",Plomería,4,96.0,384.0
EV-002126,2026-07-03 07:51:00,126b5449-9df4-496e-a1b9-f527a5ea0c0a,CER-023,Candado de bronce 40 mm,Cerrajería,1,120.0,120.0
EV-002127,2026-07-03 09:00:00,30cf2d34-7ddc-45a8-9eac-4a9fc4cfa3f5,ELE-001,Cable THHN #12 (rollo 100 m),Eléctrico,1,1150.0,1150.0
EV-002128,2026-07-03 09:21:00,9acb88c2-673a-4ca9-b665-b129976958bd,HER-001,Martillo de uña 16 oz,Herramientas,1,185.0,185.0
EV-002129,2026-07-03 09:46:00,0b4327ce-a267-40d8-bc6b-74ab7d775d30,TOR-001,"Tornillo para madera 1"" (caja 100 u)",Tornillería,2,42.0,84.0
EV-002130,2026-07-03 10:27:00,765694c8-9734-462c-a35f-797118e2e09e,PIN-001,Pintura acrílica blanca 1 galón,Pinturas,1,385.0,385.0
EV-002131,2026-07-03 10:47:00,0952bcea-dcc1-484d-b422-b1a41871f4be,CER-001,Candado de bronce 40 mm,Cerrajería,2,145.0,290.0
EV-002132,2026-07-03 10:52:00,0b4327ce-a267-40d8-bc6b-74ab7d775d30,TOR-001,"Tornillo para madera 1"" (caja 100 u)",Tornillería,4,42.0,168.0
EV-002133,2026-07-03 11:14:00,0b4327ce-a267-40d8-bc6b-74ab7d775d30,TOR-001,"Tornillo para madera 1"" (caja 100 u)",Tornillería,3,42.0,126.0
EV-002134,2026-07-03 11:20:00,ccc1fa5f-09b9-486c-8a74-3dfa0298911a,CEM-001,Cemento gris 42.5 kg,Construcción,2,245.0,490.0
EV-002135,2026-07-03 11:30:00,30cf2d34-7ddc-45a8-9eac-4a9fc4cfa3f5,ELE-001,Cable THHN #12 (rollo 100 m),Eléctrico,1,1150.0,1150.0
EV-002136,2026-07-03 11:32:00,765694c8-9734-462c-a35f-797118e2e09e,PIN-001,Pintura acrílica blanca 1 galón,Pinturas,2,385.0,770.0
EV-002137,2026-07-03 12:02:00,126b5449-9df4-496e-a1b9-f527a5ea0c0a,CER-023,Candado de bronce 40 mm,Cerrajería,1,120.0,120.0
EV-002138,2026-07-03 12:13:00,e6d66d11-b7e0-4153-81fa-62a11cef4515,PLO-001,"Tubo PVC 1/2"" x 6 m",Plomería,2,96.0,192.0
EV-002139,2026-07-03 12:54:00,9acb88c2-673a-4ca9-b665-b129976958bd,HER-001,Martillo de uña 16 oz,Herramientas,1,185.0,185.0
EV-002140,2026-07-03 13:04:00,ccc1fa5f-09b9-486c-8a74-3dfa0298911a,CEM-001,Cemento gris 42.5 kg,Construcción,1,245.0,245.0
EV-002141,2026-07-03 13:40:00,9acb88c2-673a-4ca9-b665-b129976958bd,HER-001,Martillo de uña 16 oz,Herramientas,1,,185.0
EV-002142,2026-07-03 14:02:00,0b4327ce-a267-40d8-bc6b-74ab7d775d30,TOR-001,"Tornillo para madera 1"" (caja 100 u)",Tornillería,4,42.0,168.0
EV-002143,2026-07-03 14:09:00,126b5449-9df4-496e-a1b9-f527a5ea0c0a,CER-023,Candado de bronce 40 mm,Cerrajería,2,120.0,240.0
EV-002144,2026-07-03 14:47:00,0952bcea-dcc1-484d-b422-b1a41871f4be,CER-001,Candado de bronce 40 mm,Cerrajería,1,145.0,145.0
EV-002145,2026-07-03 16:38:00,0952bcea-dcc1-484d-b422-b1a41871f4be,CER-001,Candado de bronce 40 mm,Cerrajería,1,145.0,145.0
EV-002146,2026-07-04 08:07:00,0b4327ce-a267-40d8-bc6b-74ab7d775d30,TOR-001,"Tornillo para madera 1"" (caja 100 u)",Tornillería,3,42.0,126.0
EV-002147,2026-07-04 08:18:00,0b4327ce-a267-40d8-bc6b-74ab7d775d30,TOR-001,"Tornillo para madera 1"" (caja 100 u)",Tornillería,3,42.0,126.0
EV-002148,2026-07-04 10:15:00,ccc1fa5f-09b9-486c-8a74-3dfa0298911a,CEM-001,Cemento gris 42.5 kg,Construcción,4,245.0,980.0
EV-002149,2026-07-04 11:23:00,92e71d63-18a8-434d-843c-bf74be57070f,HER-002,Cinta métrica 5 m,Herramientas,2,78.0,156.0
EV-002150,2026-07-04 12:50:00,0b4327ce-a267-40d8-bc6b-74ab7d775d30,TOR-001,"Tornillo para madera 1"" (caja 100 u)",Tornillería,1,42.0,42.0
EV-002151,2026-07-04 13:18:00,92e71d63-18a8-434d-843c-bf74be57070f,HER-002,Cinta métrica 5 m,Herramientas,1,78.0,78.0
EV-002152,2026-07-04 13:27:00,765694c8-9734-462c-a35f-797118e2e09e,PIN-001,Pintura acrílica blanca 1 galón,Pinturas,1,385.0,385.0
EV-002153,2026-07-04 13:36:00,9acb88c2-673a-4ca9-b665-b129976958bd,HER-001,Martillo de uña 16 oz,Herramientas,2,185.0,370.0
EV-002154,2026-07-04 13:59:00,ccc1fa5f-09b9-486c-8a74-3dfa0298911a,CEM-001,Cemento gris 42.5 kg,Construcción,1,245.0,245.0
EV-002155,2026-07-04 14:08:00,ccc1fa5f-09b9-486c-8a74-3dfa0298911a,CEM-001,Cemento gris 42.5 kg,Construcción,3,245.0,735.0
EV-002156,2026-07-04 14:26:00,765694c8-9734-462c-a35f-797118e2e09e,PIN-001,Pintura acrílica blanca 1 galón,Pinturas,1,385.0,385.0
EV-002157,2026-07-04 16:24:00,e6d66d11-b7e0-4153-81fa-62a11cef4515,PLO-001,"Tubo PVC 1/2"" x 6 m",Plomería,1,96.0,96.0
EV-002158,2026-07-06 08:50:00,0b4327ce-a267-40d8-bc6b-74ab7d775d30,TOR-001,"Tornillo para madera 1"" (caja 100 u)",Tornillería,3,42.0,126.0
EV-002159,2026-07-06 09:54:00,0b4327ce-a267-40d8-bc6b-74ab7d775d30,TOR-001,"Tornillo para madera 1"" (caja 100 u)",Tornillería,1,,42.0
EV-002160,2026-07-06 10:52:00,0b4327ce-a267-40d8-bc6b-74ab7d775d30,TOR-001,"Tornillo para madera 1"" (caja 100 u)",Tornillería,2,42.0,84.0
EV-002161,2026-07-06 11:02:00,92e71d63-18a8-434d-843c-bf74be57070f,HER-002,Cinta métrica 5 m,Herramientas,1,78.0,78.0
EV-002162,2026-07-06 11:34:00,126b5449-9df4-496e-a1b9-f527a5ea0c0a,CER-023,Candado de bronce 40 mm,Cerrajería,1,120.0,120.0
EV-002163,2026-07-06 11:50:00,ccc1fa5f-09b9-486c-8a74-3dfa0298911a,CEM-001,Cemento gris 42.5 kg,Construcción,2,245.0,490.0
EV-002164,2026-07-06 12:03:00,ccc1fa5f-09b9-486c-8a74-3dfa0298911a,CEM-001,Cemento gris 42.5 kg,Construcción,1,245.0,245.0
EV-002165,2026-07-06 12:34:00,0952bcea-dcc1-484d-b422-b1a41871f4be,CER-001,Candado de bronce 40 mm,Cerrajería,1,145.0,145.0
EV-002166,2026-07-07 08:45:00,0b4327ce-a267-40d8-bc6b-74ab7d775d30,TOR-001,"Tornillo para madera 1"" (caja 100 u)",Tornillería,2,42.0,84.0
EV-002167,2026-07-07 09:34:00,0952bcea-dcc1-484d-b422-b1a41871f4be,CER-001,Candado de bronce 40 mm,Cerrajería,1,145.0,145.0
EV-002168,2026-07-07 09:38:00,92e71d63-18a8-434d-843c-bf74be57070f,HER-002,Cinta métrica 5 m,Herramientas,1,78.0,78.0
EV-002169,2026-07-07 09:58:00,0b4327ce-a267-40d8-bc6b-74ab7d775d30,TOR-001,"Tornillo para madera 1"" (caja 100 u)",Tornillería,2,42.0,84.0
EV-002170,2026-07-07 10:19:00,e6d66d11-b7e0-4153-81fa-62a11cef4515,PLO-001,"Tubo PVC 1/2"" x 6 m",Plomería,1,96.0,96.0
EV-002171,2026-07-07 10:39:00,0b4327ce-a267-40d8-bc6b-74ab7d775d30,TOR-001,"Tornillo para madera 1"" (caja 100 u)",Tornillería,1,42.0,42.0
EV-002172,2026-07-07 10:56:00,765694c8-9734-462c-a35f-797118e2e09e,PIN-001,Pintura acrílica blanca 1 galón,Pinturas,1,385.0,385.0
EV-002173,2026-07-07 12:48:00,92e71d63-18a8-434d-843c-bf74be57070f,HER-002,Cinta métrica 5 m,Herramientas,2,78.0,156.0
EV-002174,2026-07-07 13:54:00,ccc1fa5f-09b9-486c-8a74-3dfa0298911a,CEM-001,Cemento gris 42.5 kg,Construcción,1,245.0,245.0
EV-002175,2026-07-08 09:08:00,92e71d63-18a8-434d-843c-bf74be57070f,HER-002,Cinta métrica 5 m,Herramientas,1,78.0,78.0
EV-002176,2026-07-08 09:30:00,ccc1fa5f-09b9-486c-8a74-3dfa0298911a,CEM-001,Cemento gris 42.5 kg,Construcción,4,245.0,980.0
EV-002177,2026-07-08 09:51:00,e6d66d11-b7e0-4153-81fa-62a11cef4515,PLO-001,"Tubo PVC 1/2"" x 6 m",Plomería,2,96.0,192.0
EV-002178,2026-07-08 10:54:00,30cf2d34-7ddc-45a8-9eac-4a9fc4cfa3f5,ELE-001,Cable THHN #12 (rollo 100 m),Eléctrico,1,1150.0,1150.0
EV-002179,2026-07-08 11:12:00,30cf2d34-7ddc-45a8-9eac-4a9fc4cfa3f5,ELE-001,Cable THHN #12 (rollo 100 m),Eléctrico,1,1150.0,1150.0
EV-002180,2026-07-08 11:48:00,9acb88c2-673a-4ca9-b665-b129976958bd,HER-001,Martillo de uña 16 oz,Herramientas,1,185.0,185.0
EV-002181,2026-07-08 12:00:00,0b4327ce-a267-40d8-bc6b-74ab7d775d30,TOR-001,"Tornillo para madera 1"" (caja 100 u)",Tornillería,3,42.0,126.0
EV-002182,2026-07-08 12:39:00,126b5449-9df4-496e-a1b9-f527a5ea0c0a,CER-023,Candado de bronce 40 mm,Cerrajería,1,120.0,120.0
EV-002183,2026-07-08 12:42:00,9acb88c2-673a-4ca9-b665-b129976958bd,HER-001,Martillo de uña 16 oz,Herramientas,1,185.0,185.0
EV-002184,2026-07-08 16:21:00,0b4327ce-a267-40d8-bc6b-74ab7d775d30,TOR-001,"Tornillo para madera 1"" (caja 100 u)",Tornillería,3,42.0,126.0
EV-002185,2026-07-09 10:10:00,0b4327ce-a267-40d8-bc6b-74ab7d775d30,TOR-001,"Tornillo para madera 1"" (caja 100 u)",Tornillería,2,42.0,84.0
EV-002186,2026-07-09 11:07:00,e6d66d11-b7e0-4153-81fa-62a11cef4515,PLO-001,"Tubo PVC 1/2"" x 6 m",Plomería,1,96.0,96.0
EV-002187,2026-07-09 12:09:00,92e71d63-18a8-434d-843c-bf74be57070f,HER-002,Cinta métrica 5 m,Herramientas,1,78.0,78.0
EV-002188,2026-07-09 12:54:00,ccc1fa5f-09b9-486c-8a74-3dfa0298911a,CEM-001,Cemento gris 42.5 kg,Construcción,3,245.0,735.0
EV-002189,2026-07-09 12:57:00,ccc1fa5f-09b9-486c-8a74-3dfa0298911a,CEM-001,Cemento gris 42.5 kg,Construcción,1,245.0,245.0
EV-002190,2026-07-09 13:06:00,0b4327ce-a267-40d8-bc6b-74ab7d775d30,TOR-001,"Tornillo para madera 1"" (caja 100 u)",Tornillería,2,42.0,84.0
EV-002191,2026-07-09 13:29:00,0b4327ce-a267-40d8-bc6b-74ab7d775d30,TOR-001,"Tornillo para madera 1"" (caja 100 u)",Tornillería,2,42.0,84.0
EV-002192,2026-07-10 07:00:00,92e71d63-18a8-434d-843c-bf74be57070f,HER-002,Cinta métrica 5 m,Herramientas,2,78.0,156.0
EV-002193,2026-07-10 10:08:00,0b4327ce-a267-40d8-bc6b-74ab7d775d30,TOR-001,"Tornillo para madera 1"" (caja 100 u)",Tornillería,1,42.0,42.0
EV-002194,2026-07-10 12:05:00,0952bcea-dcc1-484d-b422-b1a41871f4be,CER-001,Candado de bronce 40 mm,Cerrajería,1,145.0,145.0
EV-002195,2026-07-10 12:17:00,0b4327ce-a267-40d8-bc6b-74ab7d775d30,TOR-001,"Tornillo para madera 1"" (caja 100 u)",Tornillería,4,42.0,168.0
EV-002196,2026-07-10 12:19:00,0952bcea-dcc1-484d-b422-b1a41871f4be,CER-001,Candado de bronce 40 mm,Cerrajería,1,145.0,145.0
EV-002197,2026-07-10 12:26:00,ccc1fa5f-09b9-486c-8a74-3dfa0298911a,CEM-001,Cemento gris 42.5 kg,Construcción,4,245.0,980.0
EV-002198,2026-07-10 12:46:00,0b4327ce-a267-40d8-bc6b-74ab7d775d30,TOR-001,"Tornillo para madera 1"" (caja 100 u)",Tornillería,1,42.0,42.0
EV-002199,2026-07-10 13:17:00,126b5449-9df4-496e-a1b9-f527a5ea0c0a,CER-023,Candado de bronce 40 mm,Cerrajería,2,120.0,240.0
EV-002200,2026-07-10 13:18:00,0b4327ce-a267-40d8-bc6b-74ab7d775d30,TOR-001,"Tornillo para madera 1"" (caja 100 u)",Tornillería,3,42.0,126.0
EV-002201,2026-07-10 14:15:00,e6d66d11-b7e0-4153-81fa-62a11cef4515,PLO-001,"Tubo PVC 1/2"" x 6 m",Plomería,2,96.0,192.0
EV-002202,2026-07-10 15:00:00,0b4327ce-a267-40d8-bc6b-74ab7d775d30,TOR-001,"Tornillo para madera 1"" (caja 100 u)",Tornillería,1,42.0,42.0
EV-002203,2026-07-11 07:36:00,e6d66d11-b7e0-4153-81fa-62a11cef4515,PLO-001,"Tubo PVC 1/2"" x 6 m",Plomería,3,96.0,288.0
EV-002204,2026-07-11 07:45:00,9acb88c2-673a-4ca9-b665-b129976958bd,HER-001,Martillo de uña 16 oz,Herramientas,1,185.0,185.0
EV-002205,2026-07-11 10:37:00,92e71d63-18a8-434d-843c-bf74be57070f,HER-002,Cinta métrica 5 m,Herramientas,1,78.0,78.0
EV-002206,2026-07-11 11:00:00,0b4327ce-a267-40d8-bc6b-74ab7d775d30,TOR-001,"Tornillo para madera 1"" (caja 100 u)",Tornillería,1,42.0,42.0
EV-002207,2026-07-11 11:23:00,ccc1fa5f-09b9-486c-8a74-3dfa0298911a,CEM-001,Cemento gris 42.5 kg,Construcción,4,245.0,980.0
EV-002208,2026-07-11 11:58:00,9acb88c2-673a-4ca9-b665-b129976958bd,HER-001,Martillo de uña 16 oz,Herramientas,1,185.0,185.0
EV-002209,2026-07-11 12:33:00,e6d66d11-b7e0-4153-81fa-62a11cef4515,PLO-001,"Tubo PVC 1/2"" x 6 m",Plomería,2,96.0,192.0
EV-002210,2026-07-11 13:18:00,ccc1fa5f-09b9-486c-8a74-3dfa0298911a,CEM-001,Cemento gris 42.5 kg,Construcción,6,245.0,1470.0
EV-002211,2026-07-11 13:26:00,9acb88c2-673a-4ca9-b665-b129976958bd,HER-001,Martillo de uña 16 oz,Herramientas,1,185.0,185.0
EV-002212,2026-07-11 13:45:00,0b4327ce-a267-40d8-bc6b-74ab7d775d30,TOR-001,"Tornillo para madera 1"" (caja 100 u)",Tornillería,3,42.0,126.0
EV-002213,2026-07-11 15:27:00,0952bcea-dcc1-484d-b422-b1a41871f4be,CER-001,Candado de bronce 40 mm,Cerrajería,2,145.0,290.0
EV-002214,2026-07-13 09:36:00,0b4327ce-a267-40d8-bc6b-74ab7d775d30,TOR-001,"Tornillo para madera 1"" (caja 100 u)",Tornillería,3,42.0,126.0
EV-002215,2026-07-13 10:42:00,765694c8-9734-462c-a35f-797118e2e09e,PIN-001,Pintura acrílica blanca 1 galón,Pinturas,2,385.0,770.0
EV-002216,2026-07-13 10:46:00,ccc1fa5f-09b9-486c-8a74-3dfa0298911a,CEM-001,Cemento gris 42.5 kg,Construcción,5,245.0,1225.0
EV-002217,2026-07-13 11:07:00,92e71d63-18a8-434d-843c-bf74be57070f,HER-002,Cinta métrica 5 m,Herramientas,2,78.0,156.0
EV-002218,2026-07-13 11:35:00,e6d66d11-b7e0-4153-81fa-62a11cef4515,PLO-001,"Tubo PVC 1/2"" x 6 m",Plomería,3,96.0,288.0
EV-002219,2026-07-13 11:53:00,0952bcea-dcc1-484d-b422-b1a41871f4be,CER-001,Candado de bronce 40 mm,Cerrajería,1,145.0,145.0
EV-002220,2026-07-13 12:19:00,0b4327ce-a267-40d8-bc6b-74ab7d775d30,TOR-001,"Tornillo para madera 1"" (caja 100 u)",Tornillería,1,42.0,42.0
EV-002221,2026-07-13 12:48:00,765694c8-9734-462c-a35f-797118e2e09e,PIN-001,Pintura acrílica blanca 1 galón,Pinturas,1,385.0,385.0
EV-002222,2026-07-13 13:11:00,0b4327ce-a267-40d8-bc6b-74ab7d775d30,TOR-001,"Tornillo para madera 1"" (caja 100 u)",Tornillería,1,42.0,42.0
EV-002223,2026-07-13 13:19:00,92e71d63-18a8-434d-843c-bf74be57070f,HER-002,Cinta métrica 5 m,Herramientas,1,78.0,78.0
EV-002224,2026-07-13 13:53:00,92e71d63-18a8-434d-843c-bf74be57070f,HER-002,Cinta métrica 5 m,Herramientas,1,78.0,78.0
EV-002225,2026-07-13 16:08:00,ccc1fa5f-09b9-486c-8a74-3dfa0298911a,CEM-001,Cemento gris 42.5 kg,Construcción,1,245.0,245.0
EV-002226,2026-07-14 07:00:00,92e71d63-18a8-434d-843c-bf74be57070f,HER-002,Cinta métrica 5 m,Herramientas,1,78.0,78.0
EV-002227,2026-07-14 07:38:00,ccc1fa5f-09b9-486c-8a74-3dfa0298911a,CEM-001,Cemento gris 42.5 kg,Construcción,5,245.0,1225.0
EV-002228,2026-07-14 07:50:00,0b4327ce-a267-40d8-bc6b-74ab7d775d30,TOR-001,"Tornillo para madera 1"" (caja 100 u)",Tornillería,4,42.0,1680.0
EV-002229,2026-07-14 10:25:00,0b4327ce-a267-40d8-bc6b-74ab7d775d30,TOR-001,"Tornillo para madera 1"" (caja 100 u)",Tornillería,2,42.0,84.0
EV-002230,2026-07-14 11:11:00,9acb88c2-673a-4ca9-b665-b129976958bd,HER-001,Martillo de uña 16 oz,Herramientas,1,185.0,185.0
EV-002231,2026-07-14 11:45:00,765694c8-9734-462c-a35f-797118e2e09e,PIN-001,Pintura acrílica blanca 1 galón,Pinturas,1,385.0,385.0
EV-002232,2026-07-14 12:04:00,e6d66d11-b7e0-4153-81fa-62a11cef4515,PLO-001,"Tubo PVC 1/2"" x 6 m",Plomería,2,96.0,192.0
EV-002233,2026-07-14 12:20:00,0b4327ce-a267-40d8-bc6b-74ab7d775d30,TOR-001,"Tornillo para madera 1"" (caja 100 u)",Tornillería,3,42.0,126.0
EV-002234,2026-07-14 12:21:00,0b4327ce-a267-40d8-bc6b-74ab7d775d30,TOR-001,"Tornillo para madera 1"" (caja 100 u)",Tornillería,1,42.0,42.0
EV-002235,2026-07-14 12:38:00,ccc1fa5f-09b9-486c-8a74-3dfa0298911a,CEM-001,Cemento gris 42.5 kg,Construcción,1,245.0,245.0
EV-002236,2026-07-14 12:57:00,92e71d63-18a8-434d-843c-bf74be57070f,HER-002,Cinta métrica 5 m,Herramientas,1,78.0,78.0
EV-002237,2026-07-14 13:01:00,0b4327ce-a267-40d8-bc6b-74ab7d775d30,TOR-001,"Tornillo para madera 1"" (caja 100 u)",Tornillería,1,42.0,42.0
EV-002238,2026-07-14 15:29:00,92e71d63-18a8-434d-843c-bf74be57070f,HER-002,Cinta métrica 5 m,Herramientas,2,78.0,156.0
EV-002239,2026-07-15 07:00:00,ccc1fa5f-09b9-486c-8a74-3dfa0298911a,CEM-001,Cemento gris 42.5 kg,Construcción,1,245.0,245.0
EV-002240,2026-07-15 07:00:00,0b4327ce-a267-40d8-bc6b-74ab7d775d30,TOR-001,"Tornillo para madera 1"" (caja 100 u)",Tornillería,1,42.0,42.0
EV-002241,2026-07-15 07:26:00,92e71d63-18a8-434d-843c-bf74be57070f,HER-002,Cinta métrica 5 m,Herramientas,2,78.0,156.0
EV-002242,2026-07-15 07:37:00,e6d66d11-b7e0-4153-81fa-62a11cef4515,PLO-001,"Tubo PVC 1/2"" x 6 m",Plomería,2,96.0,192.0
EV-002243,2026-07-15 09:46:00,e6d66d11-b7e0-4153-81fa-62a11cef4515,PLO-001,"Tubo PVC 1/2"" x 6 m",Plomería,3,96.0,288.0
EV-002244,2026-07-15 10:16:00,126b5449-9df4-496e-a1b9-f527a5ea0c0a,CER-023,Candado de bronce 40 mm,Cerrajería,1,120.0,120.0
EV-002245,2026-07-15 10:28:00,e6d66d11-b7e0-4153-81fa-62a11cef4515,PLO-001,"Tubo PVC 1/2"" x 6 m",Plomería,2,96.0,192.0
EV-002246,2026-07-15 10:30:00,ccc1fa5f-09b9-486c-8a74-3dfa0298911a,CEM-001,Cemento gris 42.5 kg,Construcción,2,245.0,490.0
EV-002247,2026-07-15 10:51:00,92e71d63-18a8-434d-843c-bf74be57070f,HER-002,Cinta métrica 5 m,Herramientas,1,78.0,78.0
EV-002248,2026-07-15 11:21:00,e6d66d11-b7e0-4153-81fa-62a11cef4515,PLO-001,"Tubo PVC 1/2"" x 6 m",Plomería,2,96.0,192.0
EV-002249,2026-07-15 11:30:00,92e71d63-18a8-434d-843c-bf74be57070f,HER-002,Cinta métrica 5 m,Herramientas,1,78.0,78.0
EV-002250,2026-07-15 11:57:00,0b4327ce-a267-40d8-bc6b-74ab7d775d30,TOR-001,"Tornillo para madera 1"" (caja 100 u)",Tornillería,1,42.0,42.0
EV-002251,2026-07-15 11:59:00,765694c8-9734-462c-a35f-797118e2e09e,PIN-001,Pintura acrílica blanca 1 galón,Pinturas,1,385.0,385.0
EV-002252,2026-07-15 13:37:00,126b5449-9df4-496e-a1b9-f527a5ea0c0a,CER-023,Candado de bronce 40 mm,Cerrajería,2,120.0,240.0
EV-X00002,2026-07-15 13:37:00,126b5449-9df4-496e-a1b9-f527a5ea0c0a,CER-023,Candado de bronce 40 mm,Cerrajería,-1,120.0,0.0
EV-002253,2026-07-16 07:43:00,126b5449-9df4-496e-a1b9-f527a5ea0c0a,CER-023,Candado de bronce 40 mm,Cerrajería,1,120.0,120.0
EV-002254,2026-07-16 10:44:00,0b4327ce-a267-40d8-bc6b-74ab7d775d30,TOR-001,"Tornillo para madera 1"" (caja 100 u)",Tornillería,1,42.0,42.0
EV-002255,2026-07-16 10:54:00,92e71d63-18a8-434d-843c-bf74be57070f,HER-002,Cinta métrica 5 m,Herramientas,1,78.0,78.0
EV-002256,2026-07-16 10:56:00,92e71d63-18a8-434d-843c-bf74be57070f,HER-002,Cinta métrica 5 m,Herramientas,1,78.0,78.0
EV-002257,2026-07-16 11:17:00,92e71d63-18a8-434d-843c-bf74be57070f,HER-002,Cinta métrica 5 m,Herramientas,1,78.0,78.0
EV-002258,2026-07-16 11:24:00,765694c8-9734-462c-a35f-797118e2e09e,PIN-001,Pintura acrílica blanca 1 galón,Pinturas,1,385.0,385.0
EV-002259,2026-07-16 11:36:00,ccc1fa5f-09b9-486c-8a74-3dfa0298911a,CEM-001,Cemento gris 42.5 kg,Construcción,2,245.0,490.0
EV-002260,2026-07-16 12:19:00,ccc1fa5f-09b9-486c-8a74-3dfa0298911a,CEM-001,Cemento gris 42.5 kg,Construcción,1,245.0,245.0
EV-002261,2026-07-16 12:32:00,765694c8-9734-462c-a35f-797118e2e09e,PIN-001,Pintura acrílica blanca 1 galón,Pinturas,2,385.0,770.0
EV-002262,2026-07-16 12:42:00,92e71d63-18a8-434d-843c-bf74be57070f,HER-002,Cinta métrica 5 m,Herramientas,1,78.0,78.0
EV-002262,2026-07-16 12:42:00,92e71d63-18a8-434d-843c-bf74be57070f,HER-002,Cinta métrica 5 m,Herramientas,1,78.0,78.0
EV-002263,2026-07-16 12:50:00,0b4327ce-a267-40d8-bc6b-74ab7d775d30,TOR-001,"Tornillo para madera 1"" (caja 100 u)",Tornillería,3,42.0,126.0
EV-002264,2026-07-16 12:54:00,126b5449-9df4-496e-a1b9-f527a5ea0c0a,CER-023,Candado de bronce 40 mm,Cerrajería,1,120.0,120.0
EV-002265,2026-07-16 13:20:00,0b4327ce-a267-40d8-bc6b-74ab7d775d30,TOR-001,"Tornillo para madera 1"" (caja 100 u)",Tornillería,3,42.0,126.0
EV-002266,2026-07-16 13:25:00,ccc1fa5f-09b9-486c-8a74-3dfa0298911a,CEM-001,Cemento gris 42.5 kg,Construcción,6,245.0,1470.0
EV-002267,2026-07-16 13:43:00,0952bcea-dcc1-484d-b422-b1a41871f4be,CER-001,Candado de bronce 40 mm,Cerrajería,1,,145.0
EV-002268,2026-07-16 14:33:00,ccc1fa5f-09b9-486c-8a74-3dfa0298911a,CEM-001,Cemento gris 42.5 kg,Construcción,1,245.0,245.0
EV-002269,2026-07-16 14:48:00,ccc1fa5f-09b9-486c-8a74-3dfa0298911a,CEM-001,Cemento gris 42.5 kg,Construcción,2,245.0,490.0
EV-002270,2026-07-16 14:55:00,ccc1fa5f-09b9-486c-8a74-3dfa0298911a,CEM-001,Cemento gris 42.5 kg,Construcción,5,245.0,1225.0
EV-002271,2026-07-16 14:58:00,0952bcea-dcc1-484d-b422-b1a41871f4be,CER-001,Candado de bronce 40 mm,Cerrajería,1,145.0,145.0
EV-002272,2026-07-16 15:22:00,ccc1fa5f-09b9-486c-8a74-3dfa0298911a,CEM-001,Cemento gris 42.5 kg,Construcción,2,245.0,490.0
EV-002273,2026-07-17 07:21:00,0b4327ce-a267-40d8-bc6b-74ab7d775d30,TOR-001,"Tornillo para madera 1"" (caja 100 u)",Tornillería,4,42.0,168.0
EV-002274,2026-07-17 09:20:00,ccc1fa5f-09b9-486c-8a74-3dfa0298911a,CEM-001,Cemento gris 42.5 kg,Construcción,4,245.0,980.0
EV-002275,2026-07-17 11:30:00,0952bcea-dcc1-484d-b422-b1a41871f4be,CER-001,Candado de bronce 40 mm,Cerrajería,1,145.0,145.0
EV-002276,2026-07-17 11:57:00,ccc1fa5f-09b9-486c-8a74-3dfa0298911a,CEM-001,Cemento gris 42.5 kg,Construcción,3,245.0,735.0
EV-002277,2026-07-17 13:53:00,92e71d63-18a8-434d-843c-bf74be57070f,HER-002,Cinta métrica 5 m,Herramientas,2,78.0,156.0
EV-002278,2026-07-17 13:59:00,92e71d63-18a8-434d-843c-bf74be57070f,HER-002,Cinta métrica 5 m,Herramientas,1,78.0,78.0
EV-002279,2026-07-17 14:23:00,92e71d63-18a8-434d-843c-bf74be57070f,HER-002,Cinta métrica 5 m,Herramientas,1,78.0,78.0
EV-002280,2026-07-17 15:44:00,e6d66d11-b7e0-4153-81fa-62a11cef4515,PLO-001,"Tubo PVC 1/2"" x 6 m",Plomería,1,96.0,96.0
EV-002281,2026-07-17 16:59:00,765694c8-9734-462c-a35f-797118e2e09e,PIN-001,Pintura acrílica blanca 1 galón,Pinturas,1,385.0,385.0
EV-002282,2026-07-18 08:02:00,0b4327ce-a267-40d8-bc6b-74ab7d775d30,TOR-001,"Tornillo para madera 1"" (caja 100 u)",Tornillería,1,42.0,42.0
EV-002283,2026-07-18 08:42:00,126b5449-9df4-496e-a1b9-f527a5ea0c0a,CER-023,Candado de bronce 40 mm,Cerrajería,1,120.0,120.0
EV-002284,2026-07-18 09:06:00,92e71d63-18a8-434d-843c-bf74be57070f,HER-002,Cinta métrica 5 m,Herramientas,1,78.0,78.0
EV-002285,2026-07-18 09:30:00,0b4327ce-a267-40d8-bc6b-74ab7d775d30,TOR-001,"Tornillo para madera 1"" (caja 100 u)",Tornillería,1,42.0,42.0
EV-002286,2026-07-18 09:45:00,92e71d63-18a8-434d-843c-bf74be57070f,HER-002,Cinta métrica 5 m,Herramientas,1,78.0,78.0
EV-002287,2026-07-18 09:49:00,0b4327ce-a267-40d8-bc6b-74ab7d775d30,TOR-001,"Tornillo para madera 1"" (caja 100 u)",Tornillería,2,42.0,84.0
EV-002288,2026-07-18 09:57:00,92e71d63-18a8-434d-843c-bf74be57070f,HER-002,Cinta métrica 5 m,Herramientas,1,78.0,78.0
EV-002289,2026-07-18 09:59:00,30cf2d34-7ddc-45a8-9eac-4a9fc4cfa3f5,ELE-001,Cable THHN #12 (rollo 100 m),Eléctrico,1,1150.0,1150.0
EV-002290,2026-07-18 10:54:00,126b5449-9df4-496e-a1b9-f527a5ea0c0a,CER-023,Candado de bronce 40 mm,Cerrajería,1,120.0,120.0
EV-002291,2026-07-18 11:12:00,92e71d63-18a8-434d-843c-bf74be57070f,HER-002,Cinta métrica 5 m,Herramientas,2,78.0,156.0
EV-002292,2026-07-18 11:22:00,e6d66d11-b7e0-4153-81fa-62a11cef4515,PLO-001,"Tubo PVC 1/2"" x 6 m",Plomería,1,96.0,96.0
EV-002293,2026-07-18 11:26:00,e6d66d11-b7e0-4153-81fa-62a11cef4515,PLO-001,"Tubo PVC 1/2"" x 6 m",Plomería,3,96.0,288.0
EV-002294,2026-07-18 11:27:00,92e71d63-18a8-434d-843c-bf74be57070f,HER-002,Cinta métrica 5 m,Herramientas,1,78.0,78.0
EV-002295,2026-07-18 11:56:00,0952bcea-dcc1-484d-b422-b1a41871f4be,CER-001,Candado de bronce 40 mm,Cerrajería,1,145.0,145.0
EV-002296,2026-07-18 12:34:00,ccc1fa5f-09b9-486c-8a74-3dfa0298911a,CEM-001,Cemento gris 42.5 kg,Construcción,5,245.0,1225.0
EV-002297,2026-07-18 12:58:00,ccc1fa5f-09b9-486c-8a74-3dfa0298911a,CEM-001,Cemento gris 42.5 kg,Construcción,3,245.0,735.0
EV-002298,2026-07-18 13:20:00,0b4327ce-a267-40d8-bc6b-74ab7d775d30,TOR-001,"Tornillo para madera 1"" (caja 100 u)",Tornillería,2,42.0,84.0
EV-002299,2026-07-18 14:11:00,0b4327ce-a267-40d8-bc6b-74ab7d775d30,TOR-001,"Tornillo para madera 1"" (caja 100 u)",Tornillería,3,42.0,126.0
EV-002300,2026-07-18 16:43:00,ccc1fa5f-09b9-486c-8a74-3dfa0298911a,CEM-001,Cemento gris 42.5 kg,Construcción,4,245.0,980.0
EV-002301,2026-07-20 08:22:00,0952bcea-dcc1-484d-b422-b1a41871f4be,CER-001,Candado de bronce 40 mm,Cerrajería,1,145.0,145.0
EV-002302,2026-07-20 08:33:00,92e71d63-18a8-434d-843c-bf74be57070f,HER-002,Cinta métrica 5 m,Herramientas,1,78.0,78.0
EV-X00006,2026-07-20 08:33:00,92e71d63-18a8-434d-843c-bf74be57070f,HER-002,Cinta métrica 5 m,Herramientas,0,78.0,0.0
EV-002303,2026-07-20 08:44:00,126b5449-9df4-496e-a1b9-f527a5ea0c0a,CER-023,Candado de bronce 40 mm,Cerrajería,1,120.0,120.0
EV-002304,2026-07-20 11:19:00,ccc1fa5f-09b9-486c-8a74-3dfa0298911a,CEM-001,Cemento gris 42.5 kg,Construcción,2,245.0,490.0
EV-002305,2026-07-20 11:38:00,30cf2d34-7ddc-45a8-9eac-4a9fc4cfa3f5,ELE-001,Cable THHN #12 (rollo 100 m),Eléctrico,1,1150.0,1150.0
EV-002306,2026-07-20 11:55:00,ccc1fa5f-09b9-486c-8a74-3dfa0298911a,CEM-001,Cemento gris 42.5 kg,Construcción,3,245.0,735.0
EV-002307,2026-07-20 12:08:00,9acb88c2-673a-4ca9-b665-b129976958bd,HER-001,Martillo de uña 16 oz,Herramientas,1,185.0,185.0
EV-002308,2026-07-20 12:09:00,e6d66d11-b7e0-4153-81fa-62a11cef4515,PLO-001,"Tubo PVC 1/2"" x 6 m",Plomería,2,96.0,192.0
EV-002309,2026-07-20 13:01:00,0b4327ce-a267-40d8-bc6b-74ab7d775d30,TOR-001,"Tornillo para madera 1"" (caja 100 u)",Tornillería,4,42.0,168.0
EV-002310,2026-07-20 15:21:00,0b4327ce-a267-40d8-bc6b-74ab7d775d30,TOR-001,"Tornillo para madera 1"" (caja 100 u)",Tornillería,1,42.0,42.0
EV-002311,2026-07-21 08:13:00,e6d66d11-b7e0-4153-81fa-62a11cef4515,PLO-001,"Tubo PVC 1/2"" x 6 m",Plomería,1,96.0,96.0
EV-002312,2026-07-21 09:23:00,0b4327ce-a267-40d8-bc6b-74ab7d775d30,TOR-001,"Tornillo para madera 1"" (caja 100 u)",Tornillería,3,42.0,126.0
EV-002313,2026-07-21 09:30:00,0b4327ce-a267-40d8-bc6b-74ab7d775d30,TOR-001,"Tornillo para madera 1"" (caja 100 u)",Tornillería,3,42.0,126.0
EV-002314,2026-07-21 10:24:00,9acb88c2-673a-4ca9-b665-b129976958bd,HER-001,Martillo de uña 16 oz,Herramientas,2,185.0,370.0
EV-002315,2026-07-21 10:50:00,765694c8-9734-462c-a35f-797118e2e09e,PIN-001,Pintura acrílica blanca 1 galón,Pinturas,2,385.0,770.0
EV-002316,2026-07-21 11:47:00,9acb88c2-673a-4ca9-b665-b129976958bd,HER-001,Martillo de uña 16 oz,Herramientas,1,185.0,185.0
EV-002317,2026-07-21 12:22:00,ccc1fa5f-09b9-486c-8a74-3dfa0298911a,CEM-001,Cemento gris 42.5 kg,Construcción,1,245.0,245.0
EV-002318,2026-07-21 13:14:00,9acb88c2-673a-4ca9-b665-b129976958bd,HER-001,Martillo de uña 16 oz,Herramientas,1,185.0,185.0
EV-002319,2026-07-22 07:57:00,0952bcea-dcc1-484d-b422-b1a41871f4be,CER-001,Candado de bronce 40 mm,Cerrajería,1,145.0,145.0
EV-002320,2026-07-22 08:19:00,e6d66d11-b7e0-4153-81fa-62a11cef4515,PLO-001,"Tubo PVC 1/2"" x 6 m",Plomería,2,96.0,192.0
EV-002321,2026-07-22 09:13:00,ccc1fa5f-09b9-486c-8a74-3dfa0298911a,CEM-001,Cemento gris 42.5 kg,Construcción,3,,735.0
EV-002322,2026-07-22 10:57:00,0b4327ce-a267-40d8-bc6b-74ab7d775d30,TOR-001,"Tornillo para madera 1"" (caja 100 u)",Tornillería,2,42.0,84.0
EV-002323,2026-07-22 11:17:00,ccc1fa5f-09b9-486c-8a74-3dfa0298911a,CEM-001,Cemento gris 42.5 kg,Construcción,3,245.0,735.0
EV-002324,2026-07-22 11:24:00,126b5449-9df4-496e-a1b9-f527a5ea0c0a,CER-023,Candado de bronce 40 mm,Cerrajería,1,120.0,120.0
EV-002325,2026-07-22 12:16:00,ccc1fa5f-09b9-486c-8a74-3dfa0298911a,CEM-001,Cemento gris 42.5 kg,Construcción,2,245.0,490.0
EV-002326,2026-07-22 13:08:00,126b5449-9df4-496e-a1b9-f527a5ea0c0a,CER-023,Candado de bronce 40 mm,Cerrajería,1,120.0,120.0
EV-002327,2026-07-22 13:14:00,0b4327ce-a267-40d8-bc6b-74ab7d775d30,TOR-001,"Tornillo para madera 1"" (caja 100 u)",Tornillería,1,42.0,42.0
EV-002328,2026-07-22 13:43:00,ccc1fa5f-09b9-486c-8a74-3dfa0298911a,CEM-001,Cemento gris 42.5 kg,Construcción,2,245.0,490.0
EV-002329,2026-07-22 14:03:00,0b4327ce-a267-40d8-bc6b-74ab7d775d30,TOR-001,"Tornillo para madera 1"" (caja 100 u)",Tornillería,4,42.0,168.0
EV-002330,2026-07-22 14:39:00,ccc1fa5f-09b9-486c-8a74-3dfa0298911a,CEM-001,Cemento gris 42.5 kg,Construcción,2,245.0,490.0
EV-002331,2026-07-23 09:14:00,e6d66d11-b7e0-4153-81fa-62a11cef4515,PLO-001,"Tubo PVC 1/2"" x 6 m",Plomería,3,96.0,288.0
EV-002332,2026-07-23 09:16:00,0952bcea-dcc1-484d-b422-b1a41871f4be,CER-001,Candado de bronce 40 mm,Cerrajería,2,145.0,290.0
EV-002333,2026-07-23 09:16:00,92e71d63-18a8-434d-843c-bf74be57070f,HER-002,Cinta métrica 5 m,Herramientas,1,78.0,78.0
EV-002334,2026-07-23 11:29:00,0b4327ce-a267-40d8-bc6b-74ab7d775d30,TOR-001,"Tornillo para madera 1"" (caja 100 u)",Tornillería,4,42.0,168.0
EV-002335,2026-07-23 11:30:00,92e71d63-18a8-434d-843c-bf74be57070f,HER-002,Cinta métrica 5 m,Herramientas,1,78.0,78.0
EV-002336,2026-07-23 12:33:00,ccc1fa5f-09b9-486c-8a74-3dfa0298911a,CEM-001,Cemento gris 42.5 kg,Construcción,2,245.0,490.0
EV-002337,2026-07-23 12:48:00,765694c8-9734-462c-a35f-797118e2e09e,PIN-001,Pintura acrílica blanca 1 galón,Pinturas,2,385.0,770.0
EV-002338,2026-07-23 12:56:00,30cf2d34-7ddc-45a8-9eac-4a9fc4cfa3f5,ELE-001,Cable THHN #12 (rollo 100 m),Eléctrico,1,1150.0,1150.0
EV-002339,2026-07-24 09:56:00,0b4327ce-a267-40d8-bc6b-74ab7d775d30,TOR-001,"Tornillo para madera 1"" (caja 100 u)",Tornillería,1,42.0,42.0
EV-002340,2026-07-24 10:01:00,0952bcea-dcc1-484d-b422-b1a41871f4be,CER-001,Candado de bronce 40 mm,Cerrajería,1,145.0,145.0
EV-002341,2026-07-24 10:17:00,9acb88c2-673a-4ca9-b665-b129976958bd,HER-001,Martillo de uña 16 oz,Herramientas,1,185.0,185.0
EV-002342,2026-07-24 10:21:00,e6d66d11-b7e0-4153-81fa-62a11cef4515,PLO-001,"Tubo PVC 1/2"" x 6 m",Plomería,4,96.0,384.0
EV-002343,2026-07-24 10:28:00,0b4327ce-a267-40d8-bc6b-74ab7d775d30,TOR-001,"Tornillo para madera 1"" (caja 100 u)",Tornillería,4,42.0,168.0
EV-002344,2026-07-24 10:33:00,765694c8-9734-462c-a35f-797118e2e09e,PIN-001,Pintura acrílica blanca 1 galón,Pinturas,2,385.0,770.0
EV-002345,2026-07-24 10:49:00,0b4327ce-a267-40d8-bc6b-74ab7d775d30,TOR-001,"Tornillo para madera 1"" (caja 100 u)",Tornillería,2,42.0,84.0
EV-002346,2026-07-24 11:36:00,0b4327ce-a267-40d8-bc6b-74ab7d775d30,TOR-001,"Tornillo para madera 1"" (caja 100 u)",Tornillería,1,42.0,42.0
EV-002347,2026-07-24 12:12:00,ccc1fa5f-09b9-486c-8a74-3dfa0298911a,CEM-001,Cemento gris 42.5 kg,Construcción,2,245.0,490.0
EV-X00003,2026-07-24 12:12:00,ccc1fa5f-09b9-486c-8a74-3dfa0298911a,CEM-001,Cemento gris 42.5 kg,Construcción,0,245.0,0.0
EV-002348,2026-07-24 12:56:00,ccc1fa5f-09b9-486c-8a74-3dfa0298911a,CEM-001,Cemento gris 42.5 kg,Construcción,4,245.0,980.0
EV-002349,2026-07-24 13:19:00,92e71d63-18a8-434d-843c-bf74be57070f,HER-002,Cinta métrica 5 m,Herramientas,1,78.0,78.0
EV-002350,2026-07-24 13:36:00,92e71d63-18a8-434d-843c-bf74be57070f,HER-002,Cinta métrica 5 m,Herramientas,1,78.0,78.0
EV-002351,2026-07-24 14:44:00,ccc1fa5f-09b9-486c-8a74-3dfa0298911a,CEM-001,Cemento gris 42.5 kg,Construcción,2,245.0,490.0
EV-002352,2026-07-25 07:16:00,92e71d63-18a8-434d-843c-bf74be57070f,HER-002,Cinta métrica 5 m,Herramientas,2,78.0,156.0
EV-002353,2026-07-25 09:35:00,0b4327ce-a267-40d8-bc6b-74ab7d775d30,TOR-001,"Tornillo para madera 1"" (caja 100 u)",Tornillería,3,42.0,126.0
EV-002354,2026-07-25 09:48:00,e6d66d11-b7e0-4153-81fa-62a11cef4515,PLO-001,"Tubo PVC 1/2"" x 6 m",Plomería,1,96.0,96.0
EV-002355,2026-07-25 10:03:00,126b5449-9df4-496e-a1b9-f527a5ea0c0a,CER-023,Candado de bronce 40 mm,Cerrajería,2,120.0,240.0
EV-002356,2026-07-25 10:20:00,0b4327ce-a267-40d8-bc6b-74ab7d775d30,TOR-001,"Tornillo para madera 1"" (caja 100 u)",Tornillería,3,42.0,126.0
EV-002357,2026-07-25 11:05:00,0b4327ce-a267-40d8-bc6b-74ab7d775d30,TOR-001,"Tornillo para madera 1"" (caja 100 u)",Tornillería,2,42.0,84.0
EV-002358,2026-07-25 11:06:00,0952bcea-dcc1-484d-b422-b1a41871f4be,CER-001,Candado de bronce 40 mm,Cerrajería,2,145.0,290.0
EV-002359,2026-07-25 11:29:00,765694c8-9734-462c-a35f-797118e2e09e,PIN-001,Pintura acrílica blanca 1 galón,Pinturas,2,385.0,770.0
EV-002360,2026-07-25 11:36:00,0b4327ce-a267-40d8-bc6b-74ab7d775d30,TOR-001,"Tornillo para madera 1"" (caja 100 u)",Tornillería,2,42.0,84.0
EV-002361,2026-07-25 11:44:00,0b4327ce-a267-40d8-bc6b-74ab7d775d30,TOR-001,"Tornillo para madera 1"" (caja 100 u)",Tornillería,3,42.0,126.0
EV-002362,2026-07-25 11:57:00,0952bcea-dcc1-484d-b422-b1a41871f4be,CER-001,Candado de bronce 40 mm,Cerrajería,1,145.0,145.0
EV-002363,2026-07-25 12:17:00,e6d66d11-b7e0-4153-81fa-62a11cef4515,PLO-001,"Tubo PVC 1/2"" x 6 m",Plomería,3,96.0,288.0
EV-002364,2026-07-25 12:20:00,9acb88c2-673a-4ca9-b665-b129976958bd,HER-001,Martillo de uña 16 oz,Herramientas,1,185.0,185.0
EV-002365,2026-07-25 12:28:00,92e71d63-18a8-434d-843c-bf74be57070f,HER-002,Cinta métrica 5 m,Herramientas,2,78.0,156.0
EV-002366,2026-07-25 12:34:00,ccc1fa5f-09b9-486c-8a74-3dfa0298911a,CEM-001,Cemento gris 42.5 kg,Construcción,1,245.0,245.0
EV-002367,2026-07-25 14:39:00,92e71d63-18a8-434d-843c-bf74be57070f,HER-002,Cinta métrica 5 m,Herramientas,1,78.0,78.0
EV-002368,2026-07-25 16:27:00,ccc1fa5f-09b9-486c-8a74-3dfa0298911a,CEM-001,Cemento gris 42.5 kg,Construcción,6,245.0,1470.0
EV-002369,2026-07-27 07:05:00,ccc1fa5f-09b9-486c-8a74-3dfa0298911a,CEM-001,Cemento gris 42.5 kg,Construcción,1,245.0,245.0
EV-002370,2026-07-27 08:26:00,e6d66d11-b7e0-4153-81fa-62a11cef4515,PLO-001,"Tubo PVC 1/2"" x 6 m",Plomería,4,96.0,384.0
EV-002371,2026-07-27 09:15:00,9acb88c2-673a-4ca9-b665-b129976958bd,HER-001,Martillo de uña 16 oz,Herramientas,1,185.0,185.0
EV-002372,2026-07-27 09:36:00,ccc1fa5f-09b9-486c-8a74-3dfa0298911a,CEM-001,Cemento gris 42.5 kg,Construcción,6,245.0,1470.0
EV-002373,2026-07-27 09:46:00,0b4327ce-a267-40d8-bc6b-74ab7d775d30,TOR-001,"Tornillo para madera 1"" (caja 100 u)",Tornillería,3,42.0,126.0
EV-002374,2026-07-27 10:03:00,92e71d63-18a8-434d-843c-bf74be57070f,HER-002,Cinta métrica 5 m,Herramientas,1,78.0,78.0
EV-002375,2026-07-27 10:57:00,30cf2d34-7ddc-45a8-9eac-4a9fc4cfa3f5,ELE-001,Cable THHN #12 (rollo 100 m),Eléctrico,1,1150.0,1150.0
EV-002376,2026-07-27 11:19:00,0b4327ce-a267-40d8-bc6b-74ab7d775d30,TOR-001,"Tornillo para madera 1"" (caja 100 u)",Tornillería,2,42.0,84.0
EV-002377,2026-07-27 12:09:00,ccc1fa5f-09b9-486c-8a74-3dfa0298911a,CEM-001,Cemento gris 42.5 kg,Construcción,5,245.0,1225.0
EV-002378,2026-07-27 12:26:00,0b4327ce-a267-40d8-bc6b-74ab7d775d30,TOR-001,"Tornillo para madera 1"" (caja 100 u)",Tornillería,4,42.0,168.0
EV-002379,2026-07-27 13:06:00,92e71d63-18a8-434d-843c-bf74be57070f,HER-002,Cinta métrica 5 m,Herramientas,2,78.0,156.0
EV-002380,2026-07-27 13:50:00,e6d66d11-b7e0-4153-81fa-62a11cef4515,PLO-001,"Tubo PVC 1/2"" x 6 m",Plomería,3,96.0,288.0
EV-002381,2026-07-27 14:20:00,ccc1fa5f-09b9-486c-8a74-3dfa0298911a,CEM-001,Cemento gris 42.5 kg,Construcción,2,245.0,490.0
EV-002382,2026-07-27 16:29:00,0b4327ce-a267-40d8-bc6b-74ab7d775d30,TOR-001,"Tornillo para madera 1"" (caja 100 u)",Tornillería,1,42.0,42.0
EV-002383,2026-07-28 08:01:00,126b5449-9df4-496e-a1b9-f527a5ea0c0a,CER-023,Candado de bronce 40 mm,Cerrajería,1,120.0,120.0
EV-002384,2026-07-28 09:43:00,0b4327ce-a267-40d8-bc6b-74ab7d775d30,TOR-001,"Tornillo para madera 1"" (caja 100 u)",Tornillería,1,42.0,42.0
EV-002385,2026-07-28 09:51:00,0b4327ce-a267-40d8-bc6b-74ab7d775d30,TOR-001,"Tornillo para madera 1"" (caja 100 u)",Tornillería,1,42.0,42.0
EV-002386,2026-07-28 10:10:00,0b4327ce-a267-40d8-bc6b-74ab7d775d30,TOR-001,"Tornillo para madera 1"" (caja 100 u)",Tornillería,4,42.0,168.0
EV-002387,2026-07-28 10:26:00,0952bcea-dcc1-484d-b422-b1a41871f4be,CER-001,Candado de bronce 40 mm,Cerrajería,1,145.0,145.0
EV-002388,2026-07-28 10:52:00,0b4327ce-a267-40d8-bc6b-74ab7d775d30,TOR-001,"Tornillo para madera 1"" (caja 100 u)",Tornillería,2,42.0,84.0
EV-002389,2026-07-28 11:17:00,ccc1fa5f-09b9-486c-8a74-3dfa0298911a,CEM-001,Cemento gris 42.5 kg,Construcción,4,245.0,980.0
EV-002390,2026-07-28 11:24:00,0b4327ce-a267-40d8-bc6b-74ab7d775d30,TOR-001,"Tornillo para madera 1"" (caja 100 u)",Tornillería,2,42.0,84.0
EV-002391,2026-07-28 11:53:00,0b4327ce-a267-40d8-bc6b-74ab7d775d30,TOR-001,"Tornillo para madera 1"" (caja 100 u)",Tornillería,2,42.0,84.0
EV-002392,2026-07-28 11:58:00,ccc1fa5f-09b9-486c-8a74-3dfa0298911a,CEM-001,Cemento gris 42.5 kg,Construcción,1,245.0,245.0
EV-002393,2026-07-28 12:11:00,e6d66d11-b7e0-4153-81fa-62a11cef4515,PLO-001,"Tubo PVC 1/2"" x 6 m",Plomería,5,96.0,480.0
EV-002394,2026-07-28 12:27:00,0b4327ce-a267-40d8-bc6b-74ab7d775d30,TOR-001,"Tornillo para madera 1"" (caja 100 u)",Tornillería,4,42.0,168.0
EV-002395,2026-07-28 13:48:00,126b5449-9df4-496e-a1b9-f527a5ea0c0a,CER-023,Candado de bronce 40 mm,Cerrajería,1,120.0,120.0
EV-002396,2026-07-28 14:01:00,9acb88c2-673a-4ca9-b665-b129976958bd,HER-001,Martillo de uña 16 oz,Herramientas,1,185.0,185.0
EV-002397,2026-07-28 14:12:00,ccc1fa5f-09b9-486c-8a74-3dfa0298911a,CEM-001,Cemento gris 42.5 kg,Construcción,1,245.0,245.0
EV-002398,2026-07-28 14:44:00,ccc1fa5f-09b9-486c-8a74-3dfa0298911a,CEM-001,Cemento gris 42.5 kg,Construcción,5,245.0,1225.0
EV-002399,2026-07-28 15:13:00,92e71d63-18a8-434d-843c-bf74be57070f,HER-002,Cinta métrica 5 m,Herramientas,1,78.0,78.0
EV-002400,2026-07-28 15:56:00,e6d66d11-b7e0-4153-81fa-62a11cef4515,PLO-001,"Tubo PVC 1/2"" x 6 m",Plomería,1,96.0,96.0
EV-002401,2026-07-28 16:45:00,126b5449-9df4-496e-a1b9-f527a5ea0c0a,CER-023,Candado de bronce 40 mm,Cerrajería,2,120.0,240.0
EV-002402,2026-07-29 09:12:00,ccc1fa5f-09b9-486c-8a74-3dfa0298911a,CEM-001,Cemento gris 42.5 kg,Construcción,2,245.0,490.0
EV-002403,2026-07-29 09:23:00,765694c8-9734-462c-a35f-797118e2e09e,PIN-001,Pintura acrílica blanca 1 galón,Pinturas,1,385.0,385.0
EV-002404,2026-07-29 10:21:00,e6d66d11-b7e0-4153-81fa-62a11cef4515,PLO-001,"Tubo PVC 1/2"" x 6 m",Plomería,2,96.0,192.0
EV-002405,2026-07-29 10:27:00,30cf2d34-7ddc-45a8-9eac-4a9fc4cfa3f5,ELE-001,Cable THHN #12 (rollo 100 m),Eléctrico,1,1150.0,1150.0
EV-002406,2026-07-29 11:02:00,ccc1fa5f-09b9-486c-8a74-3dfa0298911a,CEM-001,Cemento gris 42.5 kg,Construcción,2,245.0,490.0
EV-002407,2026-07-29 11:29:00,0b4327ce-a267-40d8-bc6b-74ab7d775d30,TOR-001,"Tornillo para madera 1"" (caja 100 u)",Tornillería,1,42.0,42.0
EV-002408,2026-07-29 11:41:00,92e71d63-18a8-434d-843c-bf74be57070f,HER-002,Cinta métrica 5 m,Herramientas,1,78.0,78.0
EV-002409,2026-07-29 12:13:00,126b5449-9df4-496e-a1b9-f527a5ea0c0a,CER-023,Candado de bronce 40 mm,Cerrajería,1,120.0,120.0
EV-002410,2026-07-29 12:21:00,9acb88c2-673a-4ca9-b665-b129976958bd,HER-001,Martillo de uña 16 oz,Herramientas,1,185.0,185.0
EV-002411,2026-07-29 12:22:00,0b4327ce-a267-40d8-bc6b-74ab7d775d30,TOR-001,"Tornillo para madera 1"" (caja 100 u)",Tornillería,4,42.0,168.0
EV-002412,2026-07-29 13:01:00,0b4327ce-a267-40d8-bc6b-74ab7d775d30,TOR-001,"Tornillo para madera 1"" (caja 100 u)",Tornillería,2,42.0,84.0
EV-002413,2026-07-29 13:19:00,0b4327ce-a267-40d8-bc6b-74ab7d775d30,TOR-001,"Tornillo para madera 1"" (caja 100 u)",Tornillería,2,42.0,84.0
EV-002414,2026-07-29 13:24:00,ccc1fa5f-09b9-486c-8a74-3dfa0298911a,CEM-001,Cemento gris 42.5 kg,Construcción,2,245.0,490.0
EV-002415,2026-07-29 14:05:00,92e71d63-18a8-434d-843c-bf74be57070f,HER-002,Cinta métrica 5 m,Herramientas,2,78.0,156.0
EV-002416,2026-07-30 07:39:00,ccc1fa5f-09b9-486c-8a74-3dfa0298911a,CEM-001,Cemento gris 42.5 kg,Construcción,1,245.0,245.0
EV-002417,2026-07-30 08:53:00,0b4327ce-a267-40d8-bc6b-74ab7d775d30,TOR-001,"Tornillo para madera 1"" (caja 100 u)",Tornillería,4,42.0,168.0
EV-002418,2026-07-30 09:06:00,0b4327ce-a267-40d8-bc6b-74ab7d775d30,TOR-001,"Tornillo para madera 1"" (caja 100 u)",Tornillería,2,42.0,84.0
EV-002419,2026-07-30 09:51:00,0b4327ce-a267-40d8-bc6b-74ab7d775d30,TOR-001,"Tornillo para madera 1"" (caja 100 u)",Tornillería,2,42.0,84.0
EV-002420,2026-07-30 10:11:00,0b4327ce-a267-40d8-bc6b-74ab7d775d30,TOR-001,"Tornillo para madera 1"" (caja 100 u)",Tornillería,1,42.0,42.0
EV-002421,2026-07-30 10:38:00,0b4327ce-a267-40d8-bc6b-74ab7d775d30,TOR-001,"Tornillo para madera 1"" (caja 100 u)",Tornillería,4,42.0,168.0
EV-002422,2026-07-30 11:48:00,0b4327ce-a267-40d8-bc6b-74ab7d775d30,TOR-001,"Tornillo para madera 1"" (caja 100 u)",Tornillería,1,42.0,42.0
EV-002423,2026-07-30 11:54:00,92e71d63-18a8-434d-843c-bf74be57070f,HER-002,Cinta métrica 5 m,Herramientas,2,78.0,156.0
EV-002424,2026-07-30 12:27:00,e6d66d11-b7e0-4153-81fa-62a11cef4515,PLO-001,"Tubo PVC 1/2"" x 6 m",Plomería,2,96.0,192.0
EV-002424,2026-07-30 12:27:00,e6d66d11-b7e0-4153-81fa-62a11cef4515,PLO-001,"Tubo PVC 1/2"" x 6 m",Plomería,2,96.0,192.0
EV-002425,2026-07-30 13:34:00,92e71d63-18a8-434d-843c-bf74be57070f,HER-002,Cinta métrica 5 m,Herramientas,1,78.0,78.0
EV-002426,2026-07-31 07:13:00,ccc1fa5f-09b9-486c-8a74-3dfa0298911a,CEM-001,Cemento gris 42.5 kg,Construcción,2,245.0,490.0
EV-002427,2026-07-31 07:42:00,765694c8-9734-462c-a35f-797118e2e09e,PIN-001,Pintura acrílica blanca 1 galón,Pinturas,2,385.0,770.0
EV-002428,2026-07-31 08:49:00,0b4327ce-a267-40d8-bc6b-74ab7d775d30,TOR-001,"Tornillo para madera 1"" (caja 100 u)",Tornillería,4,42.0,168.0
EV-002429,2026-07-31 09:33:00,e6d66d11-b7e0-4153-81fa-62a11cef4515,PLO-001,"Tubo PVC 1/2"" x 6 m",Plomería,2,96.0,192.0
EV-002430,2026-07-31 09:46:00,0b4327ce-a267-40d8-bc6b-74ab7d775d30,TOR-001,"Tornillo para madera 1"" (caja 100 u)",Tornillería,1,42.0,42.0
EV-002431,2026-07-31 09:56:00,ccc1fa5f-09b9-486c-8a74-3dfa0298911a,CEM-001,Cemento gris 42.5 kg,Construcción,4,245.0,980.0
EV-002432,2026-07-31 10:35:00,ccc1fa5f-09b9-486c-8a74-3dfa0298911a,CEM-001,Cemento gris 42.5 kg,Construcción,4,245.0,980.0
EV-002433,2026-07-31 10:50:00,92e71d63-18a8-434d-843c-bf74be57070f,HER-002,Cinta métrica 5 m,Herramientas,2,78.0,156.0
EV-002434,2026-07-31 11:04:00,0b4327ce-a267-40d8-bc6b-74ab7d775d30,TOR-001,"Tornillo para madera 1"" (caja 100 u)",Tornillería,2,42.0,84.0
EV-002435,2026-07-31 11:07:00,30cf2d34-7ddc-45a8-9eac-4a9fc4cfa3f5,ELE-001,Cable THHN #12 (rollo 100 m),Eléctrico,1,1150.0,1150.0
EV-002436,2026-07-31 11:28:00,ccc1fa5f-09b9-486c-8a74-3dfa0298911a,CEM-001,Cemento gris 42.5 kg,Construcción,1,245.0,245.0
EV-002437,2026-07-31 12:51:00,0952bcea-dcc1-484d-b422-b1a41871f4be,CER-001,Candado de bronce 40 mm,Cerrajería,1,145.0,145.0
EV-002438,2026-07-31 13:03:00,e6d66d11-b7e0-4153-81fa-62a11cef4515,PLO-001,"Tubo PVC 1/2"" x 6 m",Plomería,4,96.0,384.0
EV-002439,2026-07-31 13:31:00,9acb88c2-673a-4ca9-b665-b129976958bd,HER-001,Martillo de uña 16 oz,Herramientas,1,185.0,185.0
EV-002440,2026-07-31 13:50:00,126b5449-9df4-496e-a1b9-f527a5ea0c0a,CER-023,Candado de bronce 40 mm,Cerrajería,1,120.0,120.0
EV-002441,2026-08-01 09:13:00,0b4327ce-a267-40d8-bc6b-74ab7d775d30,TOR-001,"Tornillo para madera 1"" (caja 100 u)",Tornillería,2,42.0,84.0
EV-002442,2026-08-01 09:20:00,126b5449-9df4-496e-a1b9-f527a5ea0c0a,CER-023,Candado de bronce 40 mm,Cerrajería,2,120.0,240.0
EV-002443,2026-08-01 09:43:00,ccc1fa5f-09b9-486c-8a74-3dfa0298911a,CEM-001,Cemento gris 42.5 kg,Construcción,3,245.0,735.0
EV-002444,2026-08-01 09:50:00,0952bcea-dcc1-484d-b422-b1a41871f4be,CER-001,Candado de bronce 40 mm,Cerrajería,2,145.0,290.0
EV-002445,2026-08-01 09:55:00,ccc1fa5f-09b9-486c-8a74-3dfa0298911a,CEM-001,Cemento gris 42.5 kg,Construcción,1,245.0,245.0
EV-002446,2026-08-01 11:39:00,92e71d63-18a8-434d-843c-bf74be57070f,HER-002,Cinta métrica 5 m,Herramientas,1,78.0,78.0
EV-002447,2026-08-01 11:52:00,0952bcea-dcc1-484d-b422-b1a41871f4be,CER-001,Candado de bronce 40 mm,Cerrajería,1,145.0,145.0
EV-002448,2026-08-01 11:59:00,e6d66d11-b7e0-4153-81fa-62a11cef4515,PLO-001,"Tubo PVC 1/2"" x 6 m",Plomería,3,96.0,288.0
EV-002449,2026-08-01 12:46:00,9acb88c2-673a-4ca9-b665-b129976958bd,HER-001,Martillo de uña 16 oz,Herramientas,1,185.0,185.0
EV-002450,2026-08-01 12:49:00,0b4327ce-a267-40d8-bc6b-74ab7d775d30,TOR-001,"Tornillo para madera 1"" (caja 100 u)",Tornillería,3,42.0,126.0
EV-002451,2026-08-01 14:24:00,e6d66d11-b7e0-4153-81fa-62a11cef4515,PLO-001,"Tubo PVC 1/2"" x 6 m",Plomería,1,96.0,96.0
EV-002452,2026-08-01 14:36:00,0b4327ce-a267-40d8-bc6b-74ab7d775d30,TOR-001,"Tornillo para madera 1"" (caja 100 u)",Tornillería,2,42.0,84.0
EV-002453,2026-08-01 14:52:00,92e71d63-18a8-434d-843c-bf74be57070f,HER-002,Cinta métrica 5 m,Herramientas,1,78.0,78.0
EV-002454,2026-08-01 15:18:00,ccc1fa5f-09b9-486c-8a74-3dfa0298911a,CEM-001,Cemento gris 42.5 kg,Construcción,1,245.0,245.0
EV-002455,2026-08-01 15:31:00,765694c8-9734-462c-a35f-797118e2e09e,PIN-001,Pintura acrílica blanca 1 galón,Pinturas,1,385.0,385.0
EV-002456,2026-08-03 07:36:00,92e71d63-18a8-434d-843c-bf74be57070f,HER-002,Cinta métrica 5 m,Herramientas,1,78.0,78.0
EV-002457,2026-08-03 10:02:00,9acb88c2-673a-4ca9-b665-b129976958bd,HER-001,Martillo de uña 16 oz,Herramientas,1,185.0,185.0
EV-002458,2026-08-03 10:08:00,126b5449-9df4-496e-a1b9-f527a5ea0c0a,CER-023,Candado de bronce 40 mm,Cerrajería,2,120.0,240.0
EV-002459,2026-08-03 10:56:00,0b4327ce-a267-40d8-bc6b-74ab7d775d30,TOR-001,"Tornillo para madera 1"" (caja 100 u)",Tornillería,2,42.0,84.0
EV-002460,2026-08-03 11:26:00,e6d66d11-b7e0-4153-81fa-62a11cef4515,PLO-001,"Tubo PVC 1/2"" x 6 m",Plomería,3,96.0,288.0
EV-002461,2026-08-03 11:27:00,0952bcea-dcc1-484d-b422-b1a41871f4be,CER-001,Candado de bronce 40 mm,Cerrajería,1,145.0,145.0
EV-002462,2026-08-03 11:45:00,9acb88c2-673a-4ca9-b665-b129976958bd,HER-001,Martillo de uña 16 oz,Herramientas,1,185.0,185.0
EV-002463,2026-08-03 12:34:00,0b4327ce-a267-40d8-bc6b-74ab7d775d30,TOR-001,"Tornillo para madera 1"" (caja 100 u)",Tornillería,4,42.0,168.0
EV-002464,2026-08-03 12:58:00,765694c8-9734-462c-a35f-797118e2e09e,PIN-001,Pintura acrílica blanca 1 galón,Pinturas,2,385.0,770.0
EV-002465,2026-08-03 13:16:00,92e71d63-18a8-434d-843c-bf74be57070f,HER-002,Cinta métrica 5 m,Herramientas,1,78.0,78.0
EV-002466,2026-08-03 13:30:00,0b4327ce-a267-40d8-bc6b-74ab7d775d30,TOR-001,"Tornillo para madera 1"" (caja 100 u)",Tornillería,2,42.0,84.0
EV-002467,2026-08-03 13:57:00,0b4327ce-a267-40d8-bc6b-74ab7d775d30,TOR-001,"Tornillo para madera 1"" (caja 100 u)",Tornillería,2,42.0,84.0
EV-002468,2026-08-03 15:02:00,ccc1fa5f-09b9-486c-8a74-3dfa0298911a,CEM-001,Cemento gris 42.5 kg,Construcción,4,245.0,980.0
EV-002469,2026-08-03 15:31:00,0b4327ce-a267-40d8-bc6b-74ab7d775d30,TOR-001,"Tornillo para madera 1"" (caja 100 u)",Tornillería,3,42.0,126.0
EV-002470,2026-08-04 09:54:00,0952bcea-dcc1-484d-b422-b1a41871f4be,CER-001,Candado de bronce 40 mm,Cerrajería,1,145.0,145.0
EV-002471,2026-08-04 10:33:00,9acb88c2-673a-4ca9-b665-b129976958bd,HER-001,Martillo de uña 16 oz,Herramientas,1,185.0,185.0
EV-002472,2026-08-04 11:03:00,92e71d63-18a8-434d-843c-bf74be57070f,HER-002,Cinta métrica 5 m,Herramientas,1,78.0,78.0
EV-002473,2026-08-04 11:29:00,126b5449-9df4-496e-a1b9-f527a5ea0c0a,CER-023,Candado de bronce 40 mm,Cerrajería,1,120.0,120.0
EV-002474,2026-08-04 11:43:00,0b4327ce-a267-40d8-bc6b-74ab7d775d30,TOR-001,"Tornillo para madera 1"" (caja 100 u)",Tornillería,3,42.0,126.0
EV-002475,2026-08-04 11:59:00,ccc1fa5f-09b9-486c-8a74-3dfa0298911a,CEM-001,Cemento gris 42.5 kg,Construcción,1,245.0,245.0
EV-002476,2026-08-04 12:14:00,126b5449-9df4-496e-a1b9-f527a5ea0c0a,CER-023,Candado de bronce 40 mm,Cerrajería,1,120.0,120.0
EV-002477,2026-08-04 12:25:00,92e71d63-18a8-434d-843c-bf74be57070f,HER-002,Cinta métrica 5 m,Herramientas,2,78.0,156.0
EV-002478,2026-08-04 12:36:00,126b5449-9df4-496e-a1b9-f527a5ea0c0a,CER-023,Candado de bronce 40 mm,Cerrajería,2,120.0,240.0
EV-002479,2026-08-04 13:12:00,92e71d63-18a8-434d-843c-bf74be57070f,HER-002,Cinta métrica 5 m,Herramientas,1,78.0,78.0
EV-002480,2026-08-04 14:40:00,9acb88c2-673a-4ca9-b665-b129976958bd,HER-001,Martillo de uña 16 oz,Herramientas,2,185.0,370.0
EV-002481,2026-08-04 14:59:00,9acb88c2-673a-4ca9-b665-b129976958bd,HER-001,Martillo de uña 16 oz,Herramientas,1,185.0,185.0
EV-002482,2026-08-04 16:59:00,0b4327ce-a267-40d8-bc6b-74ab7d775d30,TOR-001,"Tornillo para madera 1"" (caja 100 u)",Tornillería,1,42.0,42.0
EV-002483,2026-08-05 07:31:00,0b4327ce-a267-40d8-bc6b-74ab7d775d30,TOR-001,"Tornillo para madera 1"" (caja 100 u)",Tornillería,3,42.0,126.0
EV-002484,2026-08-05 09:23:00,0b4327ce-a267-40d8-bc6b-74ab7d775d30,TOR-001,"Tornillo para madera 1"" (caja 100 u)",Tornillería,1,42.0,42.0
EV-002485,2026-08-05 09:52:00,126b5449-9df4-496e-a1b9-f527a5ea0c0a,CER-023,Candado de bronce 40 mm,Cerrajería,1,120.0,120.0
EV-002486,2026-08-05 09:52:00,92e71d63-18a8-434d-843c-bf74be57070f,HER-002,Cinta métrica 5 m,Herramientas,1,78.0,78.0
EV-002487,2026-08-05 10:16:00,0b4327ce-a267-40d8-bc6b-74ab7d775d30,TOR-001,"Tornillo para madera 1"" (caja 100 u)",Tornillería,3,42.0,126.0
EV-002488,2026-08-05 11:08:00,ccc1fa5f-09b9-486c-8a74-3dfa0298911a,CEM-001,Cemento gris 42.5 kg,Construcción,1,245.0,245.0
EV-002489,2026-08-05 11:22:00,126b5449-9df4-496e-a1b9-f527a5ea0c0a,CER-023,Candado de bronce 40 mm,Cerrajería,1,120.0,120.0
EV-002490,2026-08-05 11:28:00,30cf2d34-7ddc-45a8-9eac-4a9fc4cfa3f5,ELE-001,Cable THHN #12 (rollo 100 m),Eléctrico,1,1150.0,1150.0
EV-002491,2026-08-05 11:39:00,0b4327ce-a267-40d8-bc6b-74ab7d775d30,TOR-001,"Tornillo para madera 1"" (caja 100 u)",Tornillería,2,42.0,84.0
EV-002492,2026-08-05 11:42:00,0952bcea-dcc1-484d-b422-b1a41871f4be,CER-001,Candado de bronce 40 mm,Cerrajería,1,145.0,145.0
EV-002493,2026-08-05 11:51:00,e6d66d11-b7e0-4153-81fa-62a11cef4515,PLO-001,"Tubo PVC 1/2"" x 6 m",Plomería,2,96.0,192.0
EV-002494,2026-08-05 11:56:00,9acb88c2-673a-4ca9-b665-b129976958bd,HER-001,Martillo de uña 16 oz,Herramientas,2,185.0,370.0
EV-002495,2026-08-05 11:56:00,92e71d63-18a8-434d-843c-bf74be57070f,HER-002,Cinta métrica 5 m,Herramientas,1,78.0,78.0
EV-002496,2026-08-05 14:10:00,126b5449-9df4-496e-a1b9-f527a5ea0c0a,CER-023,Candado de bronce 40 mm,Cerrajería,2,120.0,240.0
EV-002497,2026-08-05 14:36:00,ccc1fa5f-09b9-486c-8a74-3dfa0298911a,CEM-001,Cemento gris 42.5 kg,Construcción,3,245.0,735.0
EV-002498,2026-08-05 15:47:00,e6d66d11-b7e0-4153-81fa-62a11cef4515,PLO-001,"Tubo PVC 1/2"" x 6 m",Plomería,3,96.0,288.0
EV-002499,2026-08-06 08:49:00,92e71d63-18a8-434d-843c-bf74be57070f,HER-002,Cinta métrica 5 m,Herramientas,2,78.0,156.0
EV-002500,2026-08-06 09:13:00,ccc1fa5f-09b9-486c-8a74-3dfa0298911a,CEM-001,Cemento gris 42.5 kg,Construcción,5,245.0,1225.0
EV-002501,2026-08-06 11:02:00,92e71d63-18a8-434d-843c-bf74be57070f,HER-002,Cinta métrica 5 m,Herramientas,1,78.0,78.0
EV-002502,2026-08-06 11:09:00,0952bcea-dcc1-484d-b422-b1a41871f4be,CER-001,Candado de bronce 40 mm,Cerrajería,1,145.0,145.0
EV-002503,2026-08-06 11:24:00,ccc1fa5f-09b9-486c-8a74-3dfa0298911a,CEM-001,Cemento gris 42.5 kg,Construcción,3,245.0,735.0
EV-002504,2026-08-06 11:25:00,126b5449-9df4-496e-a1b9-f527a5ea0c0a,CER-023,Candado de bronce 40 mm,Cerrajería,1,120.0,120.0
EV-002505,2026-08-06 11:34:00,e6d66d11-b7e0-4153-81fa-62a11cef4515,PLO-001,"Tubo PVC 1/2"" x 6 m",Plomería,1,96.0,96.0
EV-002506,2026-08-06 11:41:00,e6d66d11-b7e0-4153-81fa-62a11cef4515,PLO-001,"Tubo PVC 1/2"" x 6 m",Plomería,3,96.0,288.0
EV-002507,2026-08-06 11:42:00,ccc1fa5f-09b9-486c-8a74-3dfa0298911a,CEM-001,Cemento gris 42.5 kg,Construcción,2,245.0,490.0
EV-002508,2026-08-06 13:41:00,0b4327ce-a267-40d8-bc6b-74ab7d775d30,TOR-001,"Tornillo para madera 1"" (caja 100 u)",Tornillería,2,42.0,84.0
EV-002509,2026-08-06 14:03:00,0b4327ce-a267-40d8-bc6b-74ab7d775d30,TOR-001,"Tornillo para madera 1"" (caja 100 u)",Tornillería,2,42.0,84.0
EV-002510,2026-08-06 14:28:00,126b5449-9df4-496e-a1b9-f527a5ea0c0a,CER-023,Candado de bronce 40 mm,Cerrajería,1,120.0,120.0
EV-002511,2026-08-07 07:30:00,765694c8-9734-462c-a35f-797118e2e09e,PIN-001,Pintura acrílica blanca 1 galón,Pinturas,1,385.0,385.0
EV-002512,2026-08-07 07:46:00,0b4327ce-a267-40d8-bc6b-74ab7d775d30,TOR-001,"Tornillo para madera 1"" (caja 100 u)",Tornillería,3,42.0,126.0
EV-002513,2026-08-07 08:02:00,e6d66d11-b7e0-4153-81fa-62a11cef4515,PLO-001,"Tubo PVC 1/2"" x 6 m",Plomería,2,96.0,192.0
EV-002514,2026-08-07 08:10:00,0952bcea-dcc1-484d-b422-b1a41871f4be,CER-001,Candado de bronce 40 mm,Cerrajería,1,145.0,145.0
EV-002515,2026-08-07 09:17:00,0952bcea-dcc1-484d-b422-b1a41871f4be,CER-001,Candado de bronce 40 mm,Cerrajería,1,145.0,145.0
EV-002516,2026-08-07 09:18:00,9acb88c2-673a-4ca9-b665-b129976958bd,HER-001,Martillo de uña 16 oz,Herramientas,1,185.0,185.0
EV-002517,2026-08-07 10:04:00,0b4327ce-a267-40d8-bc6b-74ab7d775d30,TOR-001,"Tornillo para madera 1"" (caja 100 u)",Tornillería,1,42.0,42.0
EV-002518,2026-08-07 10:14:00,92e71d63-18a8-434d-843c-bf74be57070f,HER-002,Cinta métrica 5 m,Herramientas,2,78.0,156.0
EV-002519,2026-08-07 10:15:00,92e71d63-18a8-434d-843c-bf74be57070f,HER-002,Cinta métrica 5 m,Herramientas,1,78.0,78.0
EV-002520,2026-08-07 11:22:00,ccc1fa5f-09b9-486c-8a74-3dfa0298911a,CEM-001,Cemento gris 42.5 kg,Construcción,5,245.0,1225.0
EV-002521,2026-08-07 11:28:00,92e71d63-18a8-434d-843c-bf74be57070f,HER-002,Cinta métrica 5 m,Herramientas,1,78.0,78.0
EV-002522,2026-08-07 11:44:00,0b4327ce-a267-40d8-bc6b-74ab7d775d30,TOR-001,"Tornillo para madera 1"" (caja 100 u)",Tornillería,1,42.0,42.0
EV-002523,2026-08-07 11:52:00,126b5449-9df4-496e-a1b9-f527a5ea0c0a,CER-023,Candado de bronce 40 mm,Cerrajería,1,120.0,120.0
EV-002524,2026-08-07 11:53:00,0b4327ce-a267-40d8-bc6b-74ab7d775d30,TOR-001,"Tornillo para madera 1"" (caja 100 u)",Tornillería,1,42.0,42.0
EV-002525,2026-08-07 12:01:00,0b4327ce-a267-40d8-bc6b-74ab7d775d30,TOR-001,"Tornillo para madera 1"" (caja 100 u)",Tornillería,3,42.0,126.0
EV-002526,2026-08-07 12:03:00,0b4327ce-a267-40d8-bc6b-74ab7d775d30,TOR-001,"Tornillo para madera 1"" (caja 100 u)",Tornillería,1,42.0,42.0
EV-002527,2026-08-07 13:54:00,0b4327ce-a267-40d8-bc6b-74ab7d775d30,TOR-001,"Tornillo para madera 1"" (caja 100 u)",Tornillería,3,42.0,126.0
EV-002528,2026-08-07 14:22:00,92e71d63-18a8-434d-843c-bf74be57070f,HER-002,Cinta métrica 5 m,Herramientas,1,78.0,78.0
EV-002529,2026-08-08 07:29:00,30cf2d34-7ddc-45a8-9eac-4a9fc4cfa3f5,ELE-001,Cable THHN #12 (rollo 100 m),Eléctrico,1,1150.0,1150.0
EV-002530,2026-08-08 09:00:00,9acb88c2-673a-4ca9-b665-b129976958bd,HER-001,Martillo de uña 16 oz,Herramientas,1,185.0,185.0
EV-002531,2026-08-08 09:29:00,126b5449-9df4-496e-a1b9-f527a5ea0c0a,CER-023,Candado de bronce 40 mm,Cerrajería,1,120.0,120.0
EV-002532,2026-08-08 09:51:00,92e71d63-18a8-434d-843c-bf74be57070f,HER-002,Cinta métrica 5 m,Herramientas,1,78.0,78.0
EV-002533,2026-08-08 10:02:00,9acb88c2-673a-4ca9-b665-b129976958bd,HER-001,Martillo de uña 16 oz,Herramientas,1,185.0,185.0
EV-002534,2026-08-08 10:44:00,ccc1fa5f-09b9-486c-8a74-3dfa0298911a,CEM-001,Cemento gris 42.5 kg,Construcción,6,245.0,1470.0
EV-002535,2026-08-08 11:00:00,ccc1fa5f-09b9-486c-8a74-3dfa0298911a,CEM-001,Cemento gris 42.5 kg,Construcción,2,245.0,490.0
EV-002536,2026-08-08 11:12:00,0b4327ce-a267-40d8-bc6b-74ab7d775d30,TOR-001,"Tornillo para madera 1"" (caja 100 u)",Tornillería,4,42.0,168.0
EV-002537,2026-08-08 12:14:00,92e71d63-18a8-434d-843c-bf74be57070f,HER-002,Cinta métrica 5 m,Herramientas,1,78.0,78.0
EV-002538,2026-08-08 12:15:00,9acb88c2-673a-4ca9-b665-b129976958bd,HER-001,Martillo de uña 16 oz,Herramientas,2,185.0,370.0
EV-002539,2026-08-08 12:28:00,9acb88c2-673a-4ca9-b665-b129976958bd,HER-001,Martillo de uña 16 oz,Herramientas,1,185.0,185.0
EV-002540,2026-08-08 12:41:00,92e71d63-18a8-434d-843c-bf74be57070f,HER-002,Cinta métrica 5 m,Herramientas,1,78.0,78.0
EV-002541,2026-08-08 13:01:00,ccc1fa5f-09b9-486c-8a74-3dfa0298911a,CEM-001,Cemento gris 42.5 kg,Construcción,2,245.0,490.0
EV-002542,2026-08-08 13:59:00,0b4327ce-a267-40d8-bc6b-74ab7d775d30,TOR-001,"Tornillo para madera 1"" (caja 100 u)",Tornillería,4,42.0,168.0
EV-002543,2026-08-08 14:16:00,ccc1fa5f-09b9-486c-8a74-3dfa0298911a,CEM-001,Cemento gris 42.5 kg,Construcción,1,245.0,245.0
EV-002544,2026-08-08 14:22:00,e6d66d11-b7e0-4153-81fa-62a11cef4515,PLO-001,"Tubo PVC 1/2"" x 6 m",Plomería,2,96.0,192.0
EV-002545,2026-08-08 14:41:00,765694c8-9734-462c-a35f-797118e2e09e,PIN-001,Pintura acrílica blanca 1 galón,Pinturas,2,385.0,770.0
EV-002546,2026-08-08 14:44:00,0b4327ce-a267-40d8-bc6b-74ab7d775d30,TOR-001,"Tornillo para madera 1"" (caja 100 u)",Tornillería,3,42.0,126.0
EV-002547,2026-08-08 15:05:00,0b4327ce-a267-40d8-bc6b-74ab7d775d30,TOR-001,"Tornillo para madera 1"" (caja 100 u)",Tornillería,1,42.0,42.0
EV-002548,2026-08-10 08:49:00,0b4327ce-a267-40d8-bc6b-74ab7d775d30,TOR-001,"Tornillo para madera 1"" (caja 100 u)",Tornillería,2,42.0,84.0
EV-002549,2026-08-10 09:07:00,126b5449-9df4-496e-a1b9-f527a5ea0c0a,CER-023,Candado de bronce 40 mm,Cerrajería,1,120.0,120.0
EV-002550,2026-08-10 09:13:00,0b4327ce-a267-40d8-bc6b-74ab7d775d30,TOR-001,"Tornillo para madera 1"" (caja 100 u)",Tornillería,1,42.0,42.0
EV-002551,2026-08-10 09:38:00,0b4327ce-a267-40d8-bc6b-74ab7d775d30,TOR-001,"Tornillo para madera 1"" (caja 100 u)",Tornillería,3,42.0,126.0
EV-002552,2026-08-10 09:49:00,126b5449-9df4-496e-a1b9-f527a5ea0c0a,CER-023,Candado de bronce 40 mm,Cerrajería,1,120.0,1200.0
EV-002553,2026-08-10 10:16:00,0b4327ce-a267-40d8-bc6b-74ab7d775d30,TOR-001,"Tornillo para madera 1"" (caja 100 u)",Tornillería,2,42.0,84.0
EV-002554,2026-08-10 11:22:00,0b4327ce-a267-40d8-bc6b-74ab7d775d30,TOR-001,"Tornillo para madera 1"" (caja 100 u)",Tornillería,3,42.0,126.0
EV-002555,2026-08-10 11:32:00,0b4327ce-a267-40d8-bc6b-74ab7d775d30,TOR-001,"Tornillo para madera 1"" (caja 100 u)",Tornillería,3,42.0,126.0
EV-002556,2026-08-10 11:40:00,e6d66d11-b7e0-4153-81fa-62a11cef4515,PLO-001,"Tubo PVC 1/2"" x 6 m",Plomería,3,96.0,288.0
EV-002557,2026-08-10 11:57:00,0b4327ce-a267-40d8-bc6b-74ab7d775d30,TOR-001,"Tornillo para madera 1"" (caja 100 u)",Tornillería,2,42.0,84.0
EV-002558,2026-08-10 12:06:00,0b4327ce-a267-40d8-bc6b-74ab7d775d30,TOR-001,"Tornillo para madera 1"" (caja 100 u)",Tornillería,2,42.0,84.0
EV-002559,2026-08-10 12:08:00,0b4327ce-a267-40d8-bc6b-74ab7d775d30,TOR-001,"Tornillo para madera 1"" (caja 100 u)",Tornillería,1,42.0,42.0
EV-002560,2026-08-10 12:51:00,ccc1fa5f-09b9-486c-8a74-3dfa0298911a,CEM-001,Cemento gris 42.5 kg,Construcción,4,245.0,980.0
EV-002561,2026-08-10 14:24:00,0b4327ce-a267-40d8-bc6b-74ab7d775d30,TOR-001,"Tornillo para madera 1"" (caja 100 u)",Tornillería,1,42.0,42.0
EV-002562,2026-08-10 14:40:00,9acb88c2-673a-4ca9-b665-b129976958bd,HER-001,Martillo de uña 16 oz,Herramientas,1,185.0,185.0
EV-002563,2026-08-10 16:59:00,765694c8-9734-462c-a35f-797118e2e09e,PIN-001,Pintura acrílica blanca 1 galón,Pinturas,2,385.0,770.0
EV-002564,2026-08-11 08:19:00,9acb88c2-673a-4ca9-b665-b129976958bd,HER-001,Martillo de uña 16 oz,Herramientas,1,185.0,185.0
EV-002565,2026-08-11 09:17:00,ccc1fa5f-09b9-486c-8a74-3dfa0298911a,CEM-001,Cemento gris 42.5 kg,Construcción,5,245.0,1225.0
EV-002566,2026-08-11 09:25:00,e6d66d11-b7e0-4153-81fa-62a11cef4515,PLO-001,"Tubo PVC 1/2"" x 6 m",Plomería,2,96.0,192.0
EV-002567,2026-08-11 09:46:00,92e71d63-18a8-434d-843c-bf74be57070f,HER-002,Cinta métrica 5 m,Herramientas,1,78.0,78.0
EV-002568,2026-08-11 10:32:00,0b4327ce-a267-40d8-bc6b-74ab7d775d30,TOR-001,"Tornillo para madera 1"" (caja 100 u)",Tornillería,4,42.0,168.0
EV-002569,2026-08-11 10:53:00,0b4327ce-a267-40d8-bc6b-74ab7d775d30,TOR-001,"Tornillo para madera 1"" (caja 100 u)",Tornillería,3,42.0,126.0
EV-002570,2026-08-11 11:08:00,ccc1fa5f-09b9-486c-8a74-3dfa0298911a,CEM-001,Cemento gris 42.5 kg,Construcción,3,245.0,735.0
EV-002571,2026-08-11 11:20:00,0b4327ce-a267-40d8-bc6b-74ab7d775d30,TOR-001,"Tornillo para madera 1"" (caja 100 u)",Tornillería,3,42.0,126.0
EV-002572,2026-08-11 12:25:00,0b4327ce-a267-40d8-bc6b-74ab7d775d30,TOR-001,"Tornillo para madera 1"" (caja 100 u)",Tornillería,4,42.0,168.0
EV-002573,2026-08-11 12:33:00,30cf2d34-7ddc-45a8-9eac-4a9fc4cfa3f5,ELE-001,Cable THHN #12 (rollo 100 m),Eléctrico,1,1150.0,1150.0
EV-002574,2026-08-11 12:46:00,92e71d63-18a8-434d-843c-bf74be57070f,HER-002,Cinta métrica 5 m,Herramientas,1,78.0,78.0
EV-002575,2026-08-11 12:48:00,126b5449-9df4-496e-a1b9-f527a5ea0c0a,CER-023,Candado de bronce 40 mm,Cerrajería,1,120.0,120.0
EV-002576,2026-08-11 13:07:00,9acb88c2-673a-4ca9-b665-b129976958bd,HER-001,Martillo de uña 16 oz,Herramientas,2,185.0,370.0
EV-002577,2026-08-11 13:53:00,765694c8-9734-462c-a35f-797118e2e09e,PIN-001,Pintura acrílica blanca 1 galón,Pinturas,1,385.0,385.0
EV-002578,2026-08-11 13:56:00,e6d66d11-b7e0-4153-81fa-62a11cef4515,PLO-001,"Tubo PVC 1/2"" x 6 m",Plomería,4,96.0,384.0
EV-002579,2026-08-11 14:31:00,0b4327ce-a267-40d8-bc6b-74ab7d775d30,TOR-001,"Tornillo para madera 1"" (caja 100 u)",Tornillería,1,42.0,42.0
EV-002580,2026-08-11 14:49:00,ccc1fa5f-09b9-486c-8a74-3dfa0298911a,CEM-001,Cemento gris 42.5 kg,Construcción,1,245.0,245.0
EV-002581,2026-08-11 15:16:00,ccc1fa5f-09b9-486c-8a74-3dfa0298911a,CEM-001,Cemento gris 42.5 kg,Construcción,2,245.0,490.0
EV-002582,2026-08-11 15:30:00,e6d66d11-b7e0-4153-81fa-62a11cef4515,PLO-001,"Tubo PVC 1/2"" x 6 m",Plomería,1,96.0,96.0
EV-002583,2026-08-11 16:18:00,92e71d63-18a8-434d-843c-bf74be57070f,HER-002,Cinta métrica 5 m,Herramientas,1,78.0,78.0
EV-002584,2026-08-12 09:04:00,ccc1fa5f-09b9-486c-8a74-3dfa0298911a,CEM-001,Cemento gris 42.5 kg,Construcción,2,245.0,490.0
EV-002585,2026-08-12 10:27:00,30cf2d34-7ddc-45a8-9eac-4a9fc4cfa3f5,ELE-001,Cable THHN #12 (rollo 100 m),Eléctrico,1,1150.0,1150.0
EV-002586,2026-08-12 10:49:00,0b4327ce-a267-40d8-bc6b-74ab7d775d30,TOR-001,"Tornillo para madera 1"" (caja 100 u)",Tornillería,4,42.0,168.0
EV-002587,2026-08-12 11:07:00,0952bcea-dcc1-484d-b422-b1a41871f4be,CER-001,Candado de bronce 40 mm,Cerrajería,1,145.0,145.0
EV-002588,2026-08-12 11:13:00,e6d66d11-b7e0-4153-81fa-62a11cef4515,PLO-001,"Tubo PVC 1/2"" x 6 m",Plomería,2,,192.0
EV-002589,2026-08-12 11:56:00,e6d66d11-b7e0-4153-81fa-62a11cef4515,PLO-001,"Tubo PVC 1/2"" x 6 m",Plomería,1,96.0,96.0
EV-002590,2026-08-12 11:57:00,9acb88c2-673a-4ca9-b665-b129976958bd,HER-001,Martillo de uña 16 oz,Herramientas,1,185.0,185.0
EV-002591,2026-08-12 12:10:00,ccc1fa5f-09b9-486c-8a74-3dfa0298911a,CEM-001,Cemento gris 42.5 kg,Construcción,5,245.0,1225.0
EV-002592,2026-08-12 12:47:00,126b5449-9df4-496e-a1b9-f527a5ea0c0a,CER-023,Candado de bronce 40 mm,Cerrajería,1,120.0,120.0
EV-002593,2026-08-12 12:56:00,126b5449-9df4-496e-a1b9-f527a5ea0c0a,CER-023,Candado de bronce 40 mm,Cerrajería,2,120.0,240.0
EV-002594,2026-08-12 13:02:00,e6d66d11-b7e0-4153-81fa-62a11cef4515,PLO-001,"Tubo PVC 1/2"" x 6 m",Plomería,4,96.0,384.0
EV-002595,2026-08-12 13:20:00,0b4327ce-a267-40d8-bc6b-74ab7d775d30,TOR-001,"Tornillo para madera 1"" (caja 100 u)",Tornillería,2,42.0,84.0
EV-002596,2026-08-12 13:34:00,126b5449-9df4-496e-a1b9-f527a5ea0c0a,CER-023,Candado de bronce 40 mm,Cerrajería,1,120.0,120.0
EV-002597,2026-08-12 16:59:00,ccc1fa5f-09b9-486c-8a74-3dfa0298911a,CEM-001,Cemento gris 42.5 kg,Construcción,3,245.0,735.0
EV-002597,2026-08-12 16:59:00,ccc1fa5f-09b9-486c-8a74-3dfa0298911a,CEM-001,Cemento gris 42.5 kg,Construcción,3,245.0,735.0
EV-002598,2026-08-13 10:56:00,0b4327ce-a267-40d8-bc6b-74ab7d775d30,TOR-001,"Tornillo para madera 1"" (caja 100 u)",Tornillería,2,42.0,84.0
EV-002599,2026-08-13 11:07:00,126b5449-9df4-496e-a1b9-f527a5ea0c0a,CER-023,Candado de bronce 40 mm,Cerrajería,1,120.0,120.0
EV-002600,2026-08-13 11:27:00,e6d66d11-b7e0-4153-81fa-62a11cef4515,PLO-001,"Tubo PVC 1/2"" x 6 m",Plomería,1,96.0,96.0
EV-002601,2026-08-13 11:52:00,ccc1fa5f-09b9-486c-8a74-3dfa0298911a,CEM-001,Cemento gris 42.5 kg,Construcción,2,245.0,490.0
EV-002602,2026-08-13 12:22:00,e6d66d11-b7e0-4153-81fa-62a11cef4515,PLO-001,"Tubo PVC 1/2"" x 6 m",Plomería,2,96.0,192.0
EV-002603,2026-08-13 12:42:00,765694c8-9734-462c-a35f-797118e2e09e,PIN-001,Pintura acrílica blanca 1 galón,Pinturas,1,385.0,385.0
EV-002604,2026-08-13 12:51:00,0b4327ce-a267-40d8-bc6b-74ab7d775d30,TOR-001,"Tornillo para madera 1"" (caja 100 u)",Tornillería,3,42.0,126.0
EV-002605,2026-08-13 14:21:00,e6d66d11-b7e0-4153-81fa-62a11cef4515,PLO-001,"Tubo PVC 1/2"" x 6 m",Plomería,3,96.0,288.0
EV-002606,2026-08-13 14:27:00,ccc1fa5f-09b9-486c-8a74-3dfa0298911a,CEM-001,Cemento gris 42.5 kg,Construcción,1,245.0,245.0
EV-002607,2026-08-13 14:59:00,0b4327ce-a267-40d8-bc6b-74ab7d775d30,TOR-001,"Tornillo para madera 1"" (caja 100 u)",Tornillería,3,42.0,126.0
EV-002608,2026-08-14 07:57:00,0b4327ce-a267-40d8-bc6b-74ab7d775d30,TOR-001,"Tornillo para madera 1"" (caja 100 u)",Tornillería,1,42.0,42.0
EV-002609,2026-08-14 08:07:00,0b4327ce-a267-40d8-bc6b-74ab7d775d30,TOR-001,"Tornillo para madera 1"" (caja 100 u)",Tornillería,2,42.0,84.0
EV-002610,2026-08-14 09:05:00,92e71d63-18a8-434d-843c-bf74be57070f,HER-002,Cinta métrica 5 m,Herramientas,1,78.0,78.0
EV-002611,2026-08-14 09:15:00,0b4327ce-a267-40d8-bc6b-74ab7d775d30,TOR-001,"Tornillo para madera 1"" (caja 100 u)",Tornillería,2,42.0,84.0
EV-002612,2026-08-14 09:18:00,ccc1fa5f-09b9-486c-8a74-3dfa0298911a,CEM-001,Cemento gris 42.5 kg,Construcción,2,245.0,490.0
EV-002613,2026-08-14 09:19:00,0b4327ce-a267-40d8-bc6b-74ab7d775d30,TOR-001,"Tornillo para madera 1"" (caja 100 u)",Tornillería,3,42.0,126.0
EV-002614,2026-08-14 09:30:00,9acb88c2-673a-4ca9-b665-b129976958bd,HER-001,Martillo de uña 16 oz,Herramientas,1,185.0,185.0
EV-002615,2026-08-14 09:52:00,92e71d63-18a8-434d-843c-bf74be57070f,HER-002,Cinta métrica 5 m,Herramientas,2,78.0,156.0
EV-002616,2026-08-14 10:09:00,ccc1fa5f-09b9-486c-8a74-3dfa0298911a,CEM-001,Cemento gris 42.5 kg,Construcción,6,245.0,1470.0
EV-002617,2026-08-14 10:11:00,0952bcea-dcc1-484d-b422-b1a41871f4be,CER-001,Candado de bronce 40 mm,Cerrajería,1,145.0,145.0
EV-002618,2026-08-14 11:05:00,ccc1fa5f-09b9-486c-8a74-3dfa0298911a,CEM-001,Cemento gris 42.5 kg,Construcción,1,245.0,245.0
EV-002619,2026-08-14 11:10:00,126b5449-9df4-496e-a1b9-f527a5ea0c0a,CER-023,Candado de bronce 40 mm,Cerrajería,1,120.0,120.0
EV-002620,2026-08-14 12:07:00,ccc1fa5f-09b9-486c-8a74-3dfa0298911a,CEM-001,Cemento gris 42.5 kg,Construcción,2,245.0,490.0
EV-002620,2026-08-14 12:07:00,ccc1fa5f-09b9-486c-8a74-3dfa0298911a,CEM-001,Cemento gris 42.5 kg,Construcción,2,245.0,490.0
EV-002621,2026-08-14 13:47:00,765694c8-9734-462c-a35f-797118e2e09e,PIN-001,Pintura acrílica blanca 1 galón,Pinturas,2,385.0,770.0
EV-002622,2026-08-14 14:39:00,e6d66d11-b7e0-4153-81fa-62a11cef4515,PLO-001,"Tubo PVC 1/2"" x 6 m",Plomería,2,96.0,192.0
EV-002623,2026-08-15 08:58:00,765694c8-9734-462c-a35f-797118e2e09e,PIN-001,Pintura acrílica blanca 1 galón,Pinturas,3,385.0,1155.0
EV-002624,2026-08-15 09:10:00,ccc1fa5f-09b9-486c-8a74-3dfa0298911a,CEM-001,Cemento gris 42.5 kg,Construcción,6,245.0,1470.0
EV-002625,2026-08-15 09:18:00,0b4327ce-a267-40d8-bc6b-74ab7d775d30,TOR-001,"Tornillo para madera 1"" (caja 100 u)",Tornillería,2,42.0,84.0
EV-002626,2026-08-15 09:27:00,0b4327ce-a267-40d8-bc6b-74ab7d775d30,TOR-001,"Tornillo para madera 1"" (caja 100 u)",Tornillería,4,42.0,168.0
EV-002627,2026-08-15 09:53:00,ccc1fa5f-09b9-486c-8a74-3dfa0298911a,CEM-001,Cemento gris 42.5 kg,Construcción,1,245.0,245.0
EV-002628,2026-08-15 11:16:00,e6d66d11-b7e0-4153-81fa-62a11cef4515,PLO-001,"Tubo PVC 1/2"" x 6 m",Plomería,3,96.0,288.0
EV-002629,2026-08-15 11:21:00,9acb88c2-673a-4ca9-b665-b129976958bd,HER-001,Martillo de uña 16 oz,Herramientas,2,185.0,370.0
EV-002630,2026-08-15 11:42:00,92e71d63-18a8-434d-843c-bf74be57070f,HER-002,Cinta métrica 5 m,Herramientas,1,78.0,78.0
EV-002631,2026-08-15 12:37:00,126b5449-9df4-496e-a1b9-f527a5ea0c0a,CER-023,Candado de bronce 40 mm,Cerrajería,2,120.0,240.0
EV-002632,2026-08-15 12:57:00,0b4327ce-a267-40d8-bc6b-74ab7d775d30,TOR-001,"Tornillo para madera 1"" (caja 100 u)",Tornillería,4,42.0,168.0
EV-002633,2026-08-15 13:21:00,126b5449-9df4-496e-a1b9-f527a5ea0c0a,CER-023,Candado de bronce 40 mm,Cerrajería,1,120.0,120.0
EV-002634,2026-08-15 14:22:00,92e71d63-18a8-434d-843c-bf74be57070f,HER-002,Cinta métrica 5 m,Herramientas,1,78.0,78.0
EV-002635,2026-08-15 14:24:00,30cf2d34-7ddc-45a8-9eac-4a9fc4cfa3f5,ELE-001,Cable THHN #12 (rollo 100 m),Eléctrico,1,1150.0,1150.0
EV-002636,2026-08-15 14:40:00,e6d66d11-b7e0-4153-81fa-62a11cef4515,PLO-001,"Tubo PVC 1/2"" x 6 m",Plomería,2,96.0,192.0
EV-002637,2026-08-15 15:28:00,0b4327ce-a267-40d8-bc6b-74ab7d775d30,TOR-001,"Tornillo para madera 1"" (caja 100 u)",Tornillería,1,42.0,42.0
EV-002638,2026-08-15 15:48:00,0b4327ce-a267-40d8-bc6b-74ab7d775d30,TOR-001,"Tornillo para madera 1"" (caja 100 u)",Tornillería,3,42.0,126.0
EV-002639,2026-08-17 09:59:00,ccc1fa5f-09b9-486c-8a74-3dfa0298911a,CEM-001,Cemento gris 42.5 kg,Construcción,4,245.0,980.0
EV-002640,2026-08-17 10:34:00,ccc1fa5f-09b9-486c-8a74-3dfa0298911a,CEM-001,Cemento gris 42.5 kg,Construcción,2,245.0,490.0
EV-002641,2026-08-17 10:52:00,ccc1fa5f-09b9-486c-8a74-3dfa0298911a,CEM-001,Cemento gris 42.5 kg,Construcción,2,245.0,490.0
EV-002642,2026-08-17 11:27:00,ccc1fa5f-09b9-486c-8a74-3dfa0298911a,CEM-001,Cemento gris 42.5 kg,Construcción,5,245.0,1225.0
EV-002643,2026-08-17 11:32:00,0b4327ce-a267-40d8-bc6b-74ab7d775d30,TOR-001,"Tornillo para madera 1"" (caja 100 u)",Tornillería,2,42.0,84.0
EV-002644,2026-08-17 11:38:00,0952bcea-dcc1-484d-b422-b1a41871f4be,CER-001,Candado de bronce 40 mm,Cerrajería,2,145.0,290.0
EV-002645,2026-08-17 11:46:00,ccc1fa5f-09b9-486c-8a74-3dfa0298911a,CEM-001,Cemento gris 42.5 kg,Construcción,3,245.0,735.0
EV-002646,2026-08-17 12:23:00,0b4327ce-a267-40d8-bc6b-74ab7d775d30,TOR-001,"Tornillo para madera 1"" (caja 100 u)",Tornillería,2,42.0,84.0
EV-002647,2026-08-17 12:25:00,0b4327ce-a267-40d8-bc6b-74ab7d775d30,TOR-001,"Tornillo para madera 1"" (caja 100 u)",Tornillería,3,42.0,126.0
EV-002648,2026-08-17 12:39:00,92e71d63-18a8-434d-843c-bf74be57070f,HER-002,Cinta métrica 5 m,Herramientas,1,78.0,78.0
EV-002649,2026-08-17 14:15:00,e6d66d11-b7e0-4153-81fa-62a11cef4515,PLO-001,"Tubo PVC 1/2"" x 6 m",Plomería,2,96.0,192.0
EV-002650,2026-08-18 07:44:00,92e71d63-18a8-434d-843c-bf74be57070f,HER-002,Cinta métrica 5 m,Herramientas,1,78.0,78.0
EV-002651,2026-08-18 08:34:00,765694c8-9734-462c-a35f-797118e2e09e,PIN-001,Pintura acrílica blanca 1 galón,Pinturas,2,385.0,770.0
EV-002652,2026-08-18 10:28:00,e6d66d11-b7e0-4153-81fa-62a11cef4515,PLO-001,"Tubo PVC 1/2"" x 6 m",Plomería,1,96.0,96.0
EV-002653,2026-08-18 10:40:00,92e71d63-18a8-434d-843c-bf74be57070f,HER-002,Cinta métrica 5 m,Herramientas,1,78.0,78.0
EV-002654,2026-08-18 12:41:00,0b4327ce-a267-40d8-bc6b-74ab7d775d30,TOR-001,"Tornillo para madera 1"" (caja 100 u)",Tornillería,2,42.0,84.0
EV-002655,2026-08-18 12:44:00,e6d66d11-b7e0-4153-81fa-62a11cef4515,PLO-001,"Tubo PVC 1/2"" x 6 m",Plomería,3,96.0,288.0
EV-002656,2026-08-18 12:51:00,30cf2d34-7ddc-45a8-9eac-4a9fc4cfa3f5,ELE-001,Cable THHN #12 (rollo 100 m),Eléctrico,1,1150.0,1150.0
EV-002656,2026-08-18 12:51:00,30cf2d34-7ddc-45a8-9eac-4a9fc4cfa3f5,ELE-001,Cable THHN #12 (rollo 100 m),Eléctrico,1,1150.0,1150.0
EV-002657,2026-08-18 13:05:00,ccc1fa5f-09b9-486c-8a74-3dfa0298911a,CEM-001,Cemento gris 42.5 kg,Construcción,5,245.0,1225.0
EV-002658,2026-08-18 14:53:00,126b5449-9df4-496e-a1b9-f527a5ea0c0a,CER-023,Candado de bronce 40 mm,Cerrajería,2,120.0,240.0
EV-002659,2026-08-19 07:00:00,0b4327ce-a267-40d8-bc6b-74ab7d775d30,TOR-001,"Tornillo para madera 1"" (caja 100 u)",Tornillería,3,42.0,126.0
EV-002660,2026-08-19 07:16:00,92e71d63-18a8-434d-843c-bf74be57070f,HER-002,Cinta métrica 5 m,Herramientas,2,78.0,156.0
EV-002661,2026-08-19 09:17:00,0b4327ce-a267-40d8-bc6b-74ab7d775d30,TOR-001,"Tornillo para madera 1"" (caja 100 u)",Tornillería,1,42.0,42.0
EV-X00004,2026-08-19 09:17:00,0b4327ce-a267-40d8-bc6b-74ab7d775d30,TOR-001,"Tornillo para madera 1"" (caja 100 u)",Tornillería,-2,42.0,0.0
EV-002662,2026-08-19 09:45:00,92e71d63-18a8-434d-843c-bf74be57070f,HER-002,Cinta métrica 5 m,Herramientas,2,78.0,156.0
EV-002663,2026-08-19 10:25:00,ccc1fa5f-09b9-486c-8a74-3dfa0298911a,CEM-001,Cemento gris 42.5 kg,Construcción,1,245.0,245.0
EV-002664,2026-08-19 11:22:00,765694c8-9734-462c-a35f-797118e2e09e,PIN-001,Pintura acrílica blanca 1 galón,Pinturas,1,385.0,385.0
EV-002665,2026-08-19 11:43:00,765694c8-9734-462c-a35f-797118e2e09e,PIN-001,Pintura acrílica blanca 1 galón,Pinturas,1,385.0,385.0
EV-002666,2026-08-19 11:45:00,0b4327ce-a267-40d8-bc6b-74ab7d775d30,TOR-001,"Tornillo para madera 1"" (caja 100 u)",Tornillería,1,42.0,42.0
EV-002667,2026-08-19 12:30:00,e6d66d11-b7e0-4153-81fa-62a11cef4515,PLO-001,"Tubo PVC 1/2"" x 6 m",Plomería,1,96.0,96.0
EV-002668,2026-08-19 12:55:00,9acb88c2-673a-4ca9-b665-b129976958bd,HER-001,Martillo de uña 16 oz,Herramientas,1,185.0,185.0
EV-002669,2026-08-19 13:25:00,0b4327ce-a267-40d8-bc6b-74ab7d775d30,TOR-001,"Tornillo para madera 1"" (caja 100 u)",Tornillería,2,42.0,84.0
EV-002670,2026-08-19 13:32:00,0952bcea-dcc1-484d-b422-b1a41871f4be,CER-001,Candado de bronce 40 mm,Cerrajería,1,145.0,145.0
EV-002671,2026-08-19 16:59:00,0b4327ce-a267-40d8-bc6b-74ab7d775d30,TOR-001,"Tornillo para madera 1"" (caja 100 u)",Tornillería,2,42.0,84.0
EV-002672,2026-08-20 10:15:00,0952bcea-dcc1-484d-b422-b1a41871f4be,CER-001,Candado de bronce 40 mm,Cerrajería,1,145.0,145.0
EV-002673,2026-08-20 10:22:00,0b4327ce-a267-40d8-bc6b-74ab7d775d30,TOR-001,"Tornillo para madera 1"" (caja 100 u)",Tornillería,1,42.0,42.0
EV-002674,2026-08-20 10:55:00,0b4327ce-a267-40d8-bc6b-74ab7d775d30,TOR-001,"Tornillo para madera 1"" (caja 100 u)",Tornillería,3,42.0,126.0
EV-002675,2026-08-20 11:01:00,0b4327ce-a267-40d8-bc6b-74ab7d775d30,TOR-001,"Tornillo para madera 1"" (caja 100 u)",Tornillería,2,42.0,84.0
EV-002676,2026-08-20 11:25:00,e6d66d11-b7e0-4153-81fa-62a11cef4515,PLO-001,"Tubo PVC 1/2"" x 6 m",Plomería,3,96.0,288.0
EV-002677,2026-08-20 11:27:00,765694c8-9734-462c-a35f-797118e2e09e,PIN-001,Pintura acrílica blanca 1 galón,Pinturas,1,385.0,385.0
EV-002678,2026-08-20 11:42:00,0b4327ce-a267-40d8-bc6b-74ab7d775d30,TOR-001,"Tornillo para madera 1"" (caja 100 u)",Tornillería,2,42.0,84.0
EV-002679,2026-08-20 12:00:00,0b4327ce-a267-40d8-bc6b-74ab7d775d30,TOR-001,"Tornillo para madera 1"" (caja 100 u)",Tornillería,2,42.0,84.0
EV-002680,2026-08-20 12:21:00,0952bcea-dcc1-484d-b422-b1a41871f4be,CER-001,Candado de bronce 40 mm,Cerrajería,1,145.0,145.0
EV-002681,2026-08-20 12:36:00,ccc1fa5f-09b9-486c-8a74-3dfa0298911a,CEM-001,Cemento gris 42.5 kg,Construcción,1,245.0,245.0
EV-002682,2026-08-20 12:41:00,92e71d63-18a8-434d-843c-bf74be57070f,HER-002,Cinta métrica 5 m,Herramientas,1,78.0,78.0
EV-002683,2026-08-20 12:48:00,0952bcea-dcc1-484d-b422-b1a41871f4be,CER-001,Candado de bronce 40 mm,Cerrajería,1,145.0,145.0
EV-002684,2026-08-20 13:37:00,126b5449-9df4-496e-a1b9-f527a5ea0c0a,CER-023,Candado de bronce 40 mm,Cerrajería,1,120.0,120.0
EV-002685,2026-08-20 16:59:00,9acb88c2-673a-4ca9-b665-b129976958bd,HER-001,Martillo de uña 16 oz,Herramientas,1,185.0,185.0
EV-002686,2026-08-21 07:25:00,ccc1fa5f-09b9-486c-8a74-3dfa0298911a,CEM-001,Cemento gris 42.5 kg,Construcción,2,245.0,490.0
EV-002687,2026-08-21 08:47:00,92e71d63-18a8-434d-843c-bf74be57070f,HER-002,Cinta métrica 5 m,Herramientas,2,78.0,156.0
EV-002688,2026-08-21 09:57:00,765694c8-9734-462c-a35f-797118e2e09e,PIN-001,Pintura acrílica blanca 1 galón,Pinturas,1,385.0,385.0
EV-002689,2026-08-21 09:57:00,0b4327ce-a267-40d8-bc6b-74ab7d775d30,TOR-001,"Tornillo para madera 1"" (caja 100 u)",Tornillería,1,42.0,42.0
EV-002690,2026-08-21 10:48:00,126b5449-9df4-496e-a1b9-f527a5ea0c0a,CER-023,Candado de bronce 40 mm,Cerrajería,2,120.0,240.0
EV-002691,2026-08-21 10:53:00,e6d66d11-b7e0-4153-81fa-62a11cef4515,PLO-001,"Tubo PVC 1/2"" x 6 m",Plomería,3,96.0,288.0
EV-002692,2026-08-21 10:59:00,ccc1fa5f-09b9-486c-8a74-3dfa0298911a,CEM-001,Cemento gris 42.5 kg,Construcción,2,245.0,490.0
EV-002693,2026-08-21 11:03:00,92e71d63-18a8-434d-843c-bf74be57070f,HER-002,Cinta métrica 5 m,Herramientas,1,78.0,78.0
EV-002694,2026-08-21 12:05:00,e6d66d11-b7e0-4153-81fa-62a11cef4515,PLO-001,"Tubo PVC 1/2"" x 6 m",Plomería,1,96.0,96.0
EV-002695,2026-08-21 12:27:00,0b4327ce-a267-40d8-bc6b-74ab7d775d30,TOR-001,"Tornillo para madera 1"" (caja 100 u)",Tornillería,1,42.0,42.0
EV-002696,2026-08-21 12:32:00,ccc1fa5f-09b9-486c-8a74-3dfa0298911a,CEM-001,Cemento gris 42.5 kg,Construcción,1,245.0,245.0
EV-002697,2026-08-21 12:40:00,ccc1fa5f-09b9-486c-8a74-3dfa0298911a,CEM-001,Cemento gris 42.5 kg,Construcción,5,245.0,1225.0
EV-002698,2026-08-21 12:48:00,0b4327ce-a267-40d8-bc6b-74ab7d775d30,TOR-001,"Tornillo para madera 1"" (caja 100 u)",Tornillería,1,42.0,42.0
EV-002699,2026-08-21 13:03:00,e6d66d11-b7e0-4153-81fa-62a11cef4515,PLO-001,"Tubo PVC 1/2"" x 6 m",Plomería,2,96.0,192.0
EV-002700,2026-08-21 13:11:00,0b4327ce-a267-40d8-bc6b-74ab7d775d30,TOR-001,"Tornillo para madera 1"" (caja 100 u)",Tornillería,3,42.0,126.0
EV-002701,2026-08-21 13:38:00,0b4327ce-a267-40d8-bc6b-74ab7d775d30,TOR-001,"Tornillo para madera 1"" (caja 100 u)",Tornillería,4,42.0,168.0
EV-002702,2026-08-21 13:47:00,ccc1fa5f-09b9-486c-8a74-3dfa0298911a,CEM-001,Cemento gris 42.5 kg,Construcción,1,245.0,245.0
EV-002703,2026-08-21 14:20:00,ccc1fa5f-09b9-486c-8a74-3dfa0298911a,CEM-001,Cemento gris 42.5 kg,Construcción,4,245.0,980.0
EV-002704,2026-08-22 08:04:00,ccc1fa5f-09b9-486c-8a74-3dfa0298911a,CEM-001,Cemento gris 42.5 kg,Construcción,3,245.0,735.0
EV-002705,2026-08-22 09:13:00,9acb88c2-673a-4ca9-b665-b129976958bd,HER-001,Martillo de uña 16 oz,Herramientas,1,185.0,185.0
EV-002706,2026-08-22 09:46:00,0b4327ce-a267-40d8-bc6b-74ab7d775d30,TOR-001,"Tornillo para madera 1"" (caja 100 u)",Tornillería,2,42.0,84.0
EV-002707,2026-08-22 10:04:00,765694c8-9734-462c-a35f-797118e2e09e,PIN-001,Pintura acrílica blanca 1 galón,Pinturas,3,385.0,1155.0
EV-002708,2026-08-22 10:36:00,0952bcea-dcc1-484d-b422-b1a41871f4be,CER-001,Candado de bronce 40 mm,Cerrajería,1,145.0,145.0
EV-002709,2026-08-22 11:32:00,92e71d63-18a8-434d-843c-bf74be57070f,HER-002,Cinta métrica 5 m,Herramientas,1,78.0,78.0
EV-002710,2026-08-22 12:44:00,e6d66d11-b7e0-4153-81fa-62a11cef4515,PLO-001,"Tubo PVC 1/2"" x 6 m",Plomería,1,96.0,96.0
EV-002711,2026-08-22 13:17:00,e6d66d11-b7e0-4153-81fa-62a11cef4515,PLO-001,"Tubo PVC 1/2"" x 6 m",Plomería,5,96.0,480.0
EV-002712,2026-08-22 13:29:00,0952bcea-dcc1-484d-b422-b1a41871f4be,CER-001,Candado de bronce 40 mm,Cerrajería,1,145.0,145.0
EV-002713,2026-08-22 13:48:00,92e71d63-18a8-434d-843c-bf74be57070f,HER-002,Cinta métrica 5 m,Herramientas,2,,156.0
EV-002714,2026-08-24 08:37:00,92e71d63-18a8-434d-843c-bf74be57070f,HER-002,Cinta métrica 5 m,Herramientas,2,78.0,156.0
EV-002715,2026-08-24 08:44:00,9acb88c2-673a-4ca9-b665-b129976958bd,HER-001,Martillo de uña 16 oz,Herramientas,2,185.0,370.0
EV-002716,2026-08-24 09:38:00,92e71d63-18a8-434d-843c-bf74be57070f,HER-002,Cinta métrica 5 m,Herramientas,1,78.0,78.0
EV-002717,2026-08-24 10:20:00,765694c8-9734-462c-a35f-797118e2e09e,PIN-001,Pintura acrílica blanca 1 galón,Pinturas,2,385.0,770.0
EV-002718,2026-08-24 11:02:00,9acb88c2-673a-4ca9-b665-b129976958bd,HER-001,Martillo de uña 16 oz,Herramientas,1,185.0,185.0
EV-002719,2026-08-24 11:16:00,0952bcea-dcc1-484d-b422-b1a41871f4be,CER-001,Candado de bronce 40 mm,Cerrajería,1,145.0,145.0
EV-002720,2026-08-24 11:49:00,ccc1fa5f-09b9-486c-8a74-3dfa0298911a,CEM-001,Cemento gris 42.5 kg,Construcción,1,245.0,245.0
EV-002721,2026-08-24 12:35:00,126b5449-9df4-496e-a1b9-f527a5ea0c0a,CER-023,Candado de bronce 40 mm,Cerrajería,1,120.0,120.0
EV-002722,2026-08-24 12:51:00,0952bcea-dcc1-484d-b422-b1a41871f4be,CER-001,Candado de bronce 40 mm,Cerrajería,1,145.0,145.0
EV-002723,2026-08-24 13:50:00,e6d66d11-b7e0-4153-81fa-62a11cef4515,PLO-001,"Tubo PVC 1/2"" x 6 m",Plomería,2,96.0,192.0
EV-002724,2026-08-24 14:09:00,e6d66d11-b7e0-4153-81fa-62a11cef4515,PLO-001,"Tubo PVC 1/2"" x 6 m",Plomería,3,96.0,288.0
EV-002725,2026-08-24 15:22:00,0b4327ce-a267-40d8-bc6b-74ab7d775d30,TOR-001,"Tornillo para madera 1"" (caja 100 u)",Tornillería,1,42.0,42.0
EV-002726,2026-08-25 09:00:00,765694c8-9734-462c-a35f-797118e2e09e,PIN-001,Pintura acrílica blanca 1 galón,Pinturas,2,385.0,770.0
EV-002727,2026-08-25 09:03:00,126b5449-9df4-496e-a1b9-f527a5ea0c0a,CER-023,Candado de bronce 40 mm,Cerrajería,1,120.0,120.0
EV-002728,2026-08-25 09:17:00,0b4327ce-a267-40d8-bc6b-74ab7d775d30,TOR-001,"Tornillo para madera 1"" (caja 100 u)",Tornillería,4,42.0,168.0
EV-002729,2026-08-25 09:51:00,0b4327ce-a267-40d8-bc6b-74ab7d775d30,TOR-001,"Tornillo para madera 1"" (caja 100 u)",Tornillería,2,42.0,84.0
EV-002730,2026-08-25 09:55:00,0b4327ce-a267-40d8-bc6b-74ab7d775d30,TOR-001,"Tornillo para madera 1"" (caja 100 u)",Tornillería,1,42.0,42.0
EV-002731,2026-08-25 10:13:00,0b4327ce-a267-40d8-bc6b-74ab7d775d30,TOR-001,"Tornillo para madera 1"" (caja 100 u)",Tornillería,3,42.0,126.0
EV-002732,2026-08-25 10:56:00,ccc1fa5f-09b9-486c-8a74-3dfa0298911a,CEM-001,Cemento gris 42.5 kg,Construcción,3,245.0,735.0
EV-002733,2026-08-25 11:54:00,e6d66d11-b7e0-4153-81fa-62a11cef4515,PLO-001,"Tubo PVC 1/2"" x 6 m",Plomería,1,96.0,96.0
EV-002734,2026-08-25 12:07:00,126b5449-9df4-496e-a1b9-f527a5ea0c0a,CER-023,Candado de bronce 40 mm,Cerrajería,2,120.0,240.0
EV-002735,2026-08-25 12:17:00,92e71d63-18a8-434d-843c-bf74be57070f,HER-002,Cinta métrica 5 m,Herramientas,1,78.0,78.0
EV-002736,2026-08-25 12:25:00,0b4327ce-a267-40d8-bc6b-74ab7d775d30,TOR-001,"Tornillo para madera 1"" (caja 100 u)",Tornillería,1,42.0,42.0
EV-002737,2026-08-25 12:54:00,9acb88c2-673a-4ca9-b665-b129976958bd,HER-001,Martillo de uña 16 oz,Herramientas,1,185.0,185.0
EV-002738,2026-08-25 13:46:00,e6d66d11-b7e0-4153-81fa-62a11cef4515,PLO-001,"Tubo PVC 1/2"" x 6 m",Plomería,2,96.0,192.0
EV-002739,2026-08-25 13:49:00,0b4327ce-a267-40d8-bc6b-74ab7d775d30,TOR-001,"Tornillo para madera 1"" (caja 100 u)",Tornillería,1,42.0,42.0
EV-002740,2026-08-25 13:52:00,9acb88c2-673a-4ca9-b665-b129976958bd,HER-001,Martillo de uña 16 oz,Herramientas,1,185.0,185.0
EV-002741,2026-08-25 14:11:00,30cf2d34-7ddc-45a8-9eac-4a9fc4cfa3f5,ELE-001,Cable THHN #12 (rollo 100 m),Eléctrico,1,1150.0,1150.0
EV-002742,2026-08-26 07:00:00,92e71d63-18a8-434d-843c-bf74be57070f,HER-002,Cinta métrica 5 m,Herramientas,2,78.0,156.0
EV-002743,2026-08-26 07:00:00,e6d66d11-b7e0-4153-81fa-62a11cef4515,PLO-001,"Tubo PVC 1/2"" x 6 m",Plomería,1,96.0,96.0
EV-002744,2026-08-26 08:58:00,0b4327ce-a267-40d8-bc6b-74ab7d775d30,TOR-001,"Tornillo para madera 1"" (caja 100 u)",Tornillería,4,42.0,168.0
EV-002745,2026-08-26 09:10:00,30cf2d34-7ddc-45a8-9eac-4a9fc4cfa3f5,ELE-001,Cable THHN #12 (rollo 100 m),Eléctrico,1,1150.0,1150.0
EV-002746,2026-08-26 09:26:00,92e71d63-18a8-434d-843c-bf74be57070f,HER-002,Cinta métrica 5 m,Herramientas,1,78.0,78.0
EV-002747,2026-08-26 09:28:00,126b5449-9df4-496e-a1b9-f527a5ea0c0a,CER-023,Candado de bronce 40 mm,Cerrajería,2,120.0,240.0
EV-002748,2026-08-26 10:03:00,e6d66d11-b7e0-4153-81fa-62a11cef4515,PLO-001,"Tubo PVC 1/2"" x 6 m",Plomería,1,96.0,96.0
EV-002749,2026-08-26 10:38:00,30cf2d34-7ddc-45a8-9eac-4a9fc4cfa3f5,ELE-001,Cable THHN #12 (rollo 100 m),Eléctrico,1,1150.0,1150.0
EV-002750,2026-08-26 11:26:00,0b4327ce-a267-40d8-bc6b-74ab7d775d30,TOR-001,"Tornillo para madera 1"" (caja 100 u)",Tornillería,1,42.0,42.0
EV-002751,2026-08-26 12:27:00,92e71d63-18a8-434d-843c-bf74be57070f,HER-002,Cinta métrica 5 m,Herramientas,1,78.0,78.0
EV-002752,2026-08-26 14:27:00,ccc1fa5f-09b9-486c-8a74-3dfa0298911a,CEM-001,Cemento gris 42.5 kg,Construcción,3,245.0,735.0
EV-002753,2026-08-26 16:51:00,e6d66d11-b7e0-4153-81fa-62a11cef4515,PLO-001,"Tubo PVC 1/2"" x 6 m",Plomería,4,96.0,384.0
EV-002754,2026-08-27 08:33:00,ccc1fa5f-09b9-486c-8a74-3dfa0298911a,CEM-001,Cemento gris 42.5 kg,Construcción,1,245.0,245.0
EV-002755,2026-08-27 09:07:00,ccc1fa5f-09b9-486c-8a74-3dfa0298911a,CEM-001,Cemento gris 42.5 kg,Construcción,2,245.0,490.0
EV-002756,2026-08-27 09:13:00,92e71d63-18a8-434d-843c-bf74be57070f,HER-002,Cinta métrica 5 m,Herramientas,2,78.0,156.0
EV-002757,2026-08-27 10:34:00,9acb88c2-673a-4ca9-b665-b129976958bd,HER-001,Martillo de uña 16 oz,Herramientas,2,185.0,370.0
EV-002758,2026-08-27 11:51:00,92e71d63-18a8-434d-843c-bf74be57070f,HER-002,Cinta métrica 5 m,Herramientas,2,78.0,156.0
EV-002759,2026-08-27 12:58:00,0b4327ce-a267-40d8-bc6b-74ab7d775d30,TOR-001,"Tornillo para madera 1"" (caja 100 u)",Tornillería,2,42.0,84.0
EV-002760,2026-08-27 13:13:00,92e71d63-18a8-434d-843c-bf74be57070f,HER-002,Cinta métrica 5 m,Herramientas,1,78.0,78.0
EV-002760,2026-08-27 13:13:00,92e71d63-18a8-434d-843c-bf74be57070f,HER-002,Cinta métrica 5 m,Herramientas,1,78.0,78.0
EV-002761,2026-08-27 14:17:00,9acb88c2-673a-4ca9-b665-b129976958bd,HER-001,Martillo de uña 16 oz,Herramientas,1,185.0,185.0
EV-002762,2026-08-27 16:55:00,92e71d63-18a8-434d-843c-bf74be57070f,HER-002,Cinta métrica 5 m,Herramientas,1,78.0,78.0
EV-002763,2026-08-27 16:59:00,9acb88c2-673a-4ca9-b665-b129976958bd,HER-001,Martillo de uña 16 oz,Herramientas,1,185.0,185.0
EV-002764,2026-08-28 07:28:00,92e71d63-18a8-434d-843c-bf74be57070f,HER-002,Cinta métrica 5 m,Herramientas,1,78.0,78.0
EV-002765,2026-08-28 08:30:00,9acb88c2-673a-4ca9-b665-b129976958bd,HER-001,Martillo de uña 16 oz,Herramientas,1,185.0,185.0
EV-002766,2026-08-28 08:31:00,765694c8-9734-462c-a35f-797118e2e09e,PIN-001,Pintura acrílica blanca 1 galón,Pinturas,2,385.0,770.0
EV-002767,2026-08-28 09:19:00,0b4327ce-a267-40d8-bc6b-74ab7d775d30,TOR-001,"Tornillo para madera 1"" (caja 100 u)",Tornillería,1,42.0,42.0
EV-002768,2026-08-28 10:02:00,9acb88c2-673a-4ca9-b665-b129976958bd,HER-001,Martillo de uña 16 oz,Herramientas,1,185.0,185.0
EV-002769,2026-08-28 10:39:00,ccc1fa5f-09b9-486c-8a74-3dfa0298911a,CEM-001,Cemento gris 42.5 kg,Construcción,3,245.0,735.0
EV-002770,2026-08-28 11:00:00,9acb88c2-673a-4ca9-b665-b129976958bd,HER-001,Martillo de uña 16 oz,Herramientas,1,185.0,185.0
EV-002771,2026-08-28 11:08:00,0b4327ce-a267-40d8-bc6b-74ab7d775d30,TOR-001,"Tornillo para madera 1"" (caja 100 u)",Tornillería,3,42.0,126.0
EV-002772,2026-08-28 12:07:00,0b4327ce-a267-40d8-bc6b-74ab7d775d30,TOR-001,"Tornillo para madera 1"" (caja 100 u)",Tornillería,1,42.0,42.0
EV-002773,2026-08-28 12:19:00,92e71d63-18a8-434d-843c-bf74be57070f,HER-002,Cinta métrica 5 m,Herramientas,1,78.0,78.0
EV-002774,2026-08-28 13:01:00,765694c8-9734-462c-a35f-797118e2e09e,PIN-001,Pintura acrílica blanca 1 galón,Pinturas,2,385.0,770.0
EV-002775,2026-08-28 15:31:00,0b4327ce-a267-40d8-bc6b-74ab7d775d30,TOR-001,"Tornillo para madera 1"" (caja 100 u)",Tornillería,1,42.0,42.0
EV-002776,2026-08-29 07:00:00,92e71d63-18a8-434d-843c-bf74be57070f,HER-002,Cinta métrica 5 m,Herramientas,1,78.0,78.0
EV-002777,2026-08-29 09:13:00,126b5449-9df4-496e-a1b9-f527a5ea0c0a,CER-023,Candado de bronce 40 mm,Cerrajería,2,120.0,240.0
EV-002778,2026-08-29 09:14:00,765694c8-9734-462c-a35f-797118e2e09e,PIN-001,Pintura acrílica blanca 1 galón,Pinturas,1,385.0,385.0
EV-002779,2026-08-29 09:53:00,0b4327ce-a267-40d8-bc6b-74ab7d775d30,TOR-001,"Tornillo para madera 1"" (caja 100 u)",Tornillería,4,42.0,168.0
EV-002780,2026-08-29 10:00:00,0952bcea-dcc1-484d-b422-b1a41871f4be,CER-001,Candado de bronce 40 mm,Cerrajería,1,145.0,145.0
EV-002781,2026-08-29 10:03:00,0952bcea-dcc1-484d-b422-b1a41871f4be,CER-001,Candado de bronce 40 mm,Cerrajería,1,145.0,145.0
EV-002782,2026-08-29 10:07:00,0b4327ce-a267-40d8-bc6b-74ab7d775d30,TOR-001,"Tornillo para madera 1"" (caja 100 u)",Tornillería,4,42.0,168.0
EV-002783,2026-08-29 10:55:00,0b4327ce-a267-40d8-bc6b-74ab7d775d30,TOR-001,"Tornillo para madera 1"" (caja 100 u)",Tornillería,1,42.0,42.0
EV-002784,2026-08-29 11:00:00,0b4327ce-a267-40d8-bc6b-74ab7d775d30,TOR-001,"Tornillo para madera 1"" (caja 100 u)",Tornillería,1,42.0,42.0
EV-002785,2026-08-29 12:57:00,e6d66d11-b7e0-4153-81fa-62a11cef4515,PLO-001,"Tubo PVC 1/2"" x 6 m",Plomería,5,96.0,480.0
EV-002786,2026-08-29 13:32:00,126b5449-9df4-496e-a1b9-f527a5ea0c0a,CER-023,Candado de bronce 40 mm,Cerrajería,1,120.0,120.0
EV-002787,2026-08-29 13:56:00,0952bcea-dcc1-484d-b422-b1a41871f4be,CER-001,Candado de bronce 40 mm,Cerrajería,1,145.0,145.0
EV-002788,2026-08-29 14:43:00,ccc1fa5f-09b9-486c-8a74-3dfa0298911a,CEM-001,Cemento gris 42.5 kg,Construcción,3,245.0,735.0
EV-002789,2026-08-29 15:46:00,765694c8-9734-462c-a35f-797118e2e09e,PIN-001,Pintura acrílica blanca 1 galón,Pinturas,3,385.0,1155.0
EV-002790,2026-08-31 10:16:00,126b5449-9df4-496e-a1b9-f527a5ea0c0a,CER-023,Candado de bronce 40 mm,Cerrajería,2,120.0,240.0
EV-002791,2026-08-31 10:16:00,9acb88c2-673a-4ca9-b665-b129976958bd,HER-001,Martillo de uña 16 oz,Herramientas,1,185.0,185.0
EV-002792,2026-08-31 11:50:00,ccc1fa5f-09b9-486c-8a74-3dfa0298911a,CEM-001,Cemento gris 42.5 kg,Construcción,3,245.0,735.0
EV-002793,2026-08-31 12:04:00,e6d66d11-b7e0-4153-81fa-62a11cef4515,PLO-001,"Tubo PVC 1/2"" x 6 m",Plomería,1,96.0,96.0
EV-002794,2026-08-31 12:27:00,0952bcea-dcc1-484d-b422-b1a41871f4be,CER-001,Candado de bronce 40 mm,Cerrajería,2,145.0,290.0
EV-002795,2026-08-31 12:38:00,ccc1fa5f-09b9-486c-8a74-3dfa0298911a,CEM-001,Cemento gris 42.5 kg,Construcción,4,245.0,980.0
EV-002796,2026-08-31 15:28:00,92e71d63-18a8-434d-843c-bf74be57070f,HER-002,Cinta métrica 5 m,Herramientas,2,78.0,156.0
EV-002797,2026-08-31 15:49:00,e6d66d11-b7e0-4153-81fa-62a11cef4515,PLO-001,"Tubo PVC 1/2"" x 6 m",Plomería,1,96.0,96.0
